Trait,Acalypha rhomboidea,Acer saccharum,Adiantum pedatum,Ageratina altissima,Agrimonia gryposepala,Agrostis perennans,Agrostis scabra,Alisma subcordatum,Alliaria petiolata,Ambrosia artemisiifolia,Ambrosia trifida,Amphicarpaea bracteata,Anemone canadensis,Apios americana,Arctium lappa,Arisaema triphyllum,Asarum canadense,Athyrium filix-femina,Bidens connata,Bidens frondosa,Boehmeria cylindrica,Brassica nigra,Bromus ciliatus,Calystegia sepium,Carex bullata,Caulophyllum thalictroides,Chamaesyce maculata,Chelone glabra,Cicuta maculata,Cinna arundinacea,Circaea lutetiana,Clematis virginiana,Cryptotaenia canadensis,Cynodon dactylon,Cyperus compressus,Cyperus strigosus,Dactylis glomerata,Daucus carota,Decodon verticillatus,Dichanthelium clandestinum,Didiplis diandra,Digitaria cognata,Digitaria sanguinalis,Dryopteris camyloptera,Dryopteris carthusiana,Dryopteris marginalis,Echinochloa muricata,Echinocystis lobata,Eleocharis intermedia,Elymus canadensis,Elymus virginicus,Epilobium hirsutum,Eupatorium purpureum,Eurybia divaricata,Eutrochium purpureum,Fallopia japonica,Fragaria vesca,Galium aparine,Galium asprellum,Galium boreale,Galium palustre,Galium triflorum,Geranium maculatum,Geum laciniatum,Glechoma hederacea,Glyceria borealis,Halenia deflexa,Helianthus giganteus,Helianthus strumosus,Heliopsis helianthoides,Hemerocallis fulva,Hieracium paniculatum,Hydrocotyle americana,Hylotelephium telephium,Hypericum mutilum,Impatiens capensis,Impatiens pallida,Lactuca canadensis,Laportea canadensis,Leersia oryzoides,Lobelia cardinalis,Ludwigia palustris,Lycopus uniflorus,Lysimachia ciliata,Lysimachia nummularia,Lysimachia vulgaris,Lythrum salicaria,Maianthemum canadense,Maianthemum racemosum,Marrubium vulgare,Matteuccia struthiopteris,Menispermum canadense,Mimulus ringens,Mitchella repens,Mollugo verticillata,Muhlenbergia mexicana,Muhlenbergia schreberi,Muhlenbergia sobolifera,Myosotis laxa,Myosoton aquaticum,Oenothera biennis,Onoclea sensibilis,Oxalis grandis,Oxalis stricta,Panicum capillare,Panicum dichotomiflorum,Parthenocissus quinquefolia,Paspalum setaceum,Pastinaca sativa,Peltandra virginica,Penthorum sedoides,Petasites frigidus,Phytolacca americana,Pilea pumila,Plantago major,Polygonum arifolium,Polygonum cespitosum,Polygonum hydropiper,Polygonum hydropiperoides,Polygonum lapathifolium,Polygonum persicaria,Polygonum sagittatum,Polygonum virginianum,Polystichum acrostichoides,Potentilla simplex,Prunella vulgaris,Ranunculus recurvatus,Rhamnus cathartica,Rubus allegheniensis,Rubus hispidus,Rubus occidentalis,Rubus odoratus,Rubus pubescens,Rumex obtusifolius,Rumex triangulivalvis,Sanicula odorata,Scirpus polyphyllus,Scutellaria lateriflora,Sinapis arvensis,Smilax glauca,Solanum dulcamara,Solanum ptycanthum,Solidago altissima,Solidago canadensis,Solidago flexicaulis,Solidago gigantea,Stellaria pubera,Symphyotrichum dumosum,Symphyotrichum lateriflorum,Teucrium canadense,Thalictrum pubescens,Thalictrum thalictroides,Thelypteris noveboracensis,Thelypteris palustris,Toxicodendron radicans,Trifolium arvense,Trifolium campestre,Trifolium pratense,Trifolium repens,Urtica dioica,Veronica americana,Viola fimbriatula,Viola pubescens,Vitis riparia,Xanthium strumarium
Dispersal syndrome,NA,NA,NA,NA,NA,NA,NA,NA,NA,NA,NA,NA,NA,NA,NA,NA,NA,NA,NA,NA,NA,NA,NA,NA,NA,NA,NA,NA,NA,NA,NA,NA,NA,NA,NA,NA,NA,NA,NA,NA,NA,NA,NA,NA,NA,NA,NA,NA,NA,NA,NA,NA,NA,NA,NA,NA,NA,NA,NA,NA,NA,NA,NA,NA,NA,NA,NA,NA,NA,NA,NA,NA,NA,NA,NA,NA,NA,NA,NA,NA,NA,NA,NA,NA,NA,NA,NA,NA,NA,NA,NA,NA,NA,NA,NA,NA,NA,NA,NA,NA,NA,NA,NA,NA,NA,NA,NA,NA,NA,NA,NA,NA,NA,NA,NA,NA,NA,NA,NA,NA,NA,NA,NA,NA,NA,NA,NA,NA,NA,NA,NA,NA,NA,NA,NA,NA,NA,NA,NA,NA,NA,NA,NA,NA,NA,NA,NA,NA,NA,NA,NA,NA,NA,NA,NA,NA,NA,NA,NA,NA,NA,NA,NA,NA,NA
Dispersal unit dry mass,NA,NA,NA,NA,NA,NA,NA,NA,NA,NA,17.12,NA,NA,NA,12.13,NA,NA,NA,NA,3.3,NA,NA,NA,NA,NA,NA,NA,NA,NA,NA,1.97,NA,NA,0.26,NA,NA,0.87,1.09,NA,NA,NA,NA,0.97,NA,NA,NA,1.44,NA,NA,NA,NA,NA,NA,NA,NA,NA,0.34,8.34,NA,0.61,0.91,NA,NA,NA,0.69,NA,NA,NA,NA,NA,NA,NA,NA,NA,NA,NA,NA,NA,NA,NA,NA,NA,NA,NA,NA,NA,NA,NA,NA,1.18,NA,NA,NA,NA,NA,NA,NA,NA,0.24,NA,NA,NA,NA,NA,0.43,NA,NA,NA,3.02,NA,NA,NA,NA,NA,NA,NA,NA,NA,NA,NA,NA,NA,NA,NA,NA,0.67,NA,15.09,NA,NA,NA,0.99,NA,1.25,NA,NA,NA,NA,NA,NA,NA,NA,NA,0.06,NA,0.06,NA,NA,NA,NA,NA,NA,NA,NA,NA,NA,NA,NA,NA,0.173333333,NA,NA,NA,NA,NA
Dispersal unit length,NA,NA,NA,NA,NA,NA,1.366666667,NA,NA,2.75,6.75,NA,NA,NA,19.58,NA,NA,NA,NA,9.356666667,NA,NA,NA,NA,NA,NA,NA,NA,NA,NA,7.11,NA,NA,2,NA,NA,4.95,3.46,NA,NA,NA,NA,2.656666667,NA,NA,NA,3.285,47.5,NA,NA,NA,NA,NA,NA,NA,3.5,6.135,3.2,NA,1.95,1.7,NA,NA,NA,NA,NA,NA,NA,NA,NA,NA,NA,NA,NA,NA,NA,NA,NA,NA,4,NA,NA,NA,NA,NA,NA,NA,NA,NA,2.19,NA,NA,NA,NA,NA,NA,NA,NA,1.53,NA,NA,NA,NA,NA,1.833333333,2.52,NA,NA,6.09,NA,NA,NA,NA,NA,NA,NA,NA,NA,NA,NA,NA,NA,NA,NA,NA,1.77,NA,6.085,NA,NA,NA,1.66,NA,2.29,NA,NA,NA,NA,NA,NA,10,NA,NA,1.18,NA,1.983333333,NA,NA,NA,NA,NA,NA,NA,NA,NA,NA,NA,3.75,4.38,1.73,NA,NA,NA,NA,13
Dispersal unit thickness,NA,NA,NA,NA,NA,NA,NA,NA,NA,1.9,3.55,NA,NA,NA,1.53,NA,NA,NA,NA,1.08,NA,NA,NA,NA,NA,NA,NA,NA,NA,NA,1.08,NA,NA,NA,NA,NA,0.896666667,1.1,NA,NA,NA,NA,0.61,NA,NA,NA,1.105,35,NA,NA,NA,NA,NA,NA,NA,NA,0.61,2.28,NA,0.88,NA,NA,NA,NA,NA,NA,NA,NA,NA,NA,NA,NA,NA,NA,NA,NA,NA,NA,NA,NA,NA,NA,NA,NA,NA,NA,NA,NA,NA,0.73,NA,NA,NA,NA,NA,NA,NA,NA,NA,NA,NA,NA,NA,NA,0.55,NA,NA,NA,0.53,NA,NA,NA,NA,NA,NA,NA,NA,NA,NA,NA,NA,NA,NA,NA,NA,0.73,NA,5.1,NA,NA,NA,0.64,NA,1.27,NA,NA,NA,NA,NA,NA,NA,NA,NA,0.35,NA,0.25,NA,NA,NA,NA,NA,NA,NA,NA,NA,NA,NA,NA,NA,0.33,NA,NA,NA,NA,7.5
Dispersal unit width,NA,NA,NA,NA,NA,NA,NA,NA,NA,1.9,4.79,NA,NA,NA,17.55,NA,NA,NA,NA,2.41,NA,NA,NA,NA,NA,NA,NA,NA,NA,NA,2.27,NA,NA,NA,NA,NA,1.13,2.703333333,NA,NA,NA,NA,0.98,NA,NA,NA,1.555,35,NA,NA,NA,NA,NA,NA,NA,2,4.89,2.63,NA,0.98,1.5,NA,NA,NA,NA,NA,NA,NA,NA,NA,NA,NA,NA,NA,NA,NA,NA,NA,NA,1.5,NA,NA,NA,NA,NA,NA,NA,NA,NA,1.14,NA,NA,NA,NA,NA,NA,NA,NA,1.3,NA,NA,NA,NA,NA,0.86,NA,NA,NA,4.32,NA,NA,NA,NA,NA,NA,NA,NA,NA,NA,NA,NA,NA,NA,NA,NA,1.03,NA,5.165,NA,NA,NA,1.08,NA,1.4,NA,NA,NA,NA,NA,NA,10,NA,NA,0.35,NA,0.33,NA,NA,NA,NA,NA,NA,NA,NA,NA,NA,NA,1.65,1.35,1.156666667,NA,NA,NA,NA,7.5
Germination efficiency,NA,NA,NA,NA,NA,NA,NA,NA,NA,NA,NA,NA,NA,NA,NA,NA,NA,NA,NA,NA,NA,NA,NA,NA,NA,NA,NA,NA,NA,NA,NA,NA,NA,NA,NA,NA,NA,NA,NA,NA,NA,NA,NA,NA,NA,NA,NA,NA,NA,NA,NA,NA,NA,NA,NA,NA,NA,NA,NA,NA,NA,NA,NA,NA,NA,NA,NA,NA,NA,NA,NA,NA,NA,NA,NA,NA,NA,NA,NA,NA,NA,NA,NA,NA,NA,NA,NA,NA,NA,NA,NA,NA,81,NA,NA,NA,NA,NA,NA,NA,NA,NA,NA,NA,87,NA,NA,NA,NA,NA,82,NA,NA,NA,NA,NA,NA,NA,NA,11,NA,NA,NA,NA,NA,NA,NA,NA,NA,NA,NA,NA,NA,NA,NA,NA,NA,NA,NA,NA,NA,NA,NA,NA,NA,NA,NA,NA,NA,NA,NA,NA,NA,NA,NA,NA,NA,NA,NA,NA,NA,NA,NA,NA,NA
Germination requirement,NA,NA,NA,NA,NA,NA,NA,NA,NA,NA,NA,NA,NA,NA,NA,NA,NA,NA,NA,NA,NA,NA,NA,NA,NA,NA,NA,NA,NA,NA,NA,NA,NA,NA,NA,NA,NA,NA,NA,NA,NA,NA,NA,NA,NA,NA,NA,NA,NA,NA,NA,NA,NA,NA,NA,NA,NA,NA,NA,NA,NA,NA,NA,NA,NA,NA,NA,NA,NA,NA,NA,NA,NA,NA,NA,NA,NA,NA,NA,NA,NA,NA,NA,NA,NA,NA,NA,NA,NA,NA,NA,NA,NA,NA,NA,NA,NA,NA,NA,NA,NA,NA,NA,NA,NA,NA,NA,NA,NA,NA,NA,1,NA,NA,NA,NA,NA,NA,NA,NA,NA,NA,NA,NA,NA,NA,NA,NA,NA,NA,NA,NA,NA,NA,NA,NA,NA,NA,NA,NA,NA,NA,NA,NA,NA,NA,NA,NA,NA,NA,NA,NA,NA,NA,NA,NA,NA,NA,NA,NA,NA,NA,NA,NA,NA
Leaf area,NA,50.94875,NA,NA,17.34,NA,NA,NA,5640.99,3781.883333,5504.723333,NA,NA,NA,26087.22444,62.465,NA,67730,1020.833333,4266.033333,NA,7031.153333,6.077,3208,NA,NA,NA,NA,NA,NA,1770.616667,NA,NA,119.9833333,NA,NA,126.350597,11.17058824,NA,NA,NA,NA,294.0333333,NA,18468,NA,NA,NA,NA,12.01,NA,1893.973333,NA,NA,NA,NA,1208.1475,97.412,NA,16.5845,9.732857143,NA,NA,NA,356.11,NA,NA,NA,NA,NA,NA,NA,NA,NA,NA,26.63857143,15.801,NA,NA,NA,NA,254.915,NA,NA,273.288,1732.376667,260.4545833,14.5725,17.06333333,429.815,48201.68,NA,6.19,NA,NA,NA,NA,NA,264.425,1014.335,2224.563077,71.65891892,NA,7.432857143,45.673,NA,57.0644,NA,14914.5,NA,5.3725,NA,NA,NA,2250.62,NA,NA,544.3375,NA,4686.972,538.3722222,10.004,NA,NA,5.95,218.224,NA,568.902973,NA,NA,NA,NA,NA,21959.21625,NA,NA,NA,5.2825,NA,NA,1414.892542,NA,NA,11.2918109,NA,509.1866667,NA,NA,NA,NA,NA,NA,NA,10907.38,NA,NA,NA,74.21464286,35.30244898,864.8911111,NA,NA,NA,42.48857143,3517.644286
Leaf carbon (C) content per area,NA,36.34444444,NA,NA,NA,NA,NA,NA,NA,NA,NA,NA,NA,NA,NA,NA,NA,NA,NA,NA,NA,NA,NA,NA,NA,NA,NA,NA,NA,NA,NA,NA,NA,NA,NA,NA,42.2,NA,NA,NA,NA,NA,NA,NA,NA,NA,NA,NA,NA,NA,NA,NA,NA,NA,NA,NA,NA,NA,NA,NA,NA,NA,NA,NA,NA,NA,NA,NA,NA,NA,NA,NA,NA,NA,NA,NA,NA,NA,NA,NA,NA,NA,NA,NA,NA,NA,NA,NA,NA,NA,NA,NA,NA,NA,NA,NA,NA,NA,NA,NA,NA,NA,NA,NA,NA,NA,NA,NA,NA,NA,NA,NA,NA,NA,NA,NA,NA,NA,NA,NA,NA,NA,NA,NA,NA,NA,NA,22,NA,NA,NA,NA,NA,NA,NA,NA,NA,NA,NA,NA,NA,NA,NA,NA,NA,NA,NA,NA,NA,NA,NA,NA,NA,NA,NA,NA,NA,NA,68.66666667,NA,NA,NA,NA,NA,NA
Leaf carbon (C) content per dry mass,NA,NA,NA,NA,NA,NA,NA,NA,NA,NA,NA,NA,NA,NA,NA,NA,NA,NA,NA,45.39,NA,NA,43.73,46.01,NA,NA,NA,NA,NA,NA,42.805,NA,NA,463,NA,NA,340.28,256.506,NA,NA,NA,NA,NA,NA,NA,NA,NA,NA,NA,45.82,NA,NA,NA,NA,NA,45.63333333,477,NA,NA,197.5363158,NA,NA,NA,NA,42.81,NA,NA,NA,NA,NA,NA,NA,NA,NA,NA,49.006,NA,NA,NA,NA,NA,NA,NA,NA,NA,243.5925,43.862,44.15666667,NA,NA,46.99666667,NA,NA,NA,NA,NA,NA,NA,NA,NA,41.89,43.188,NA,NA,41.476,NA,43.745,NA,NA,NA,NA,NA,NA,NA,35.12375,NA,NA,45.322,NA,NA,44.298,44.986,NA,NA,NA,460.2383333,NA,43,NA,NA,NA,NA,NA,285.545,NA,NA,NA,NA,NA,NA,45.07,NA,NA,46.318,NA,48.465,NA,NA,NA,NA,NA,NA,NA,NA,NA,NA,NA,360.4633333,396.84,113.664,NA,NA,NA,43.1325,39.17
Leaf carbon/nitrogen (C/N) ratio,NA,27.85,NA,NA,NA,NA,NA,NA,11.48,NA,NA,NA,NA,NA,NA,NA,NA,NA,NA,18.15,NA,NA,NA,14.71,NA,NA,NA,NA,NA,NA,16.392,NA,NA,NA,NA,NA,17.45,22.52666667,NA,NA,NA,NA,NA,NA,NA,NA,NA,NA,NA,NA,NA,NA,NA,NA,NA,22.41,34.49,NA,NA,NA,NA,NA,NA,NA,15.6275,NA,NA,NA,NA,NA,NA,NA,NA,NA,NA,12.328,NA,NA,NA,NA,NA,NA,NA,NA,NA,20.146,21.78125,30.264,NA,NA,16.67,NA,NA,NA,NA,NA,NA,NA,NA,NA,22.076,24.958,NA,NA,25.698,NA,NA,NA,NA,NA,NA,NA,NA,NA,21.616,NA,NA,19.888,NA,NA,37.688,22.336,NA,NA,NA,NA,NA,21.6,NA,NA,NA,NA,NA,NA,NA,NA,NA,NA,NA,NA,11.36,NA,NA,24.77,NA,NA,NA,NA,NA,NA,NA,NA,NA,NA,NA,NA,NA,11.35571429,10.672,9.4025,NA,NA,NA,NA,13.86
Leaf density,NA,0.404117647,NA,NA,NA,NA,NA,NA,NA,NA,NA,NA,NA,NA,NA,NA,NA,NA,NA,NA,NA,NA,NA,NA,NA,NA,NA,NA,NA,NA,NA,NA,NA,NA,NA,NA,0.414285714,NA,NA,NA,NA,NA,NA,NA,NA,NA,NA,NA,NA,NA,NA,NA,NA,NA,NA,NA,NA,NA,NA,NA,NA,NA,NA,NA,NA,NA,NA,NA,NA,NA,NA,NA,NA,NA,NA,NA,0.415,NA,NA,NA,NA,NA,NA,NA,NA,NA,0.559,NA,NA,NA,NA,NA,NA,NA,NA,NA,NA,NA,NA,NA,NA,NA,NA,NA,NA,NA,NA,NA,NA,NA,NA,NA,NA,NA,NA,NA,NA,NA,NA,NA,NA,0.406,NA,NA,NA,NA,NA,NA,NA,NA,NA,NA,NA,NA,NA,NA,NA,NA,NA,NA,0.14,NA,NA,0.566,NA,NA,NA,NA,NA,NA,NA,NA,NA,NA,NA,NA,NA,0.469,NA,NA,NA,NA,NA,NA,NA
Leaf dry mass,NA,51.57428571,NA,NA,42.125,NA,NA,NA,213.94,123.08,214.2666667,NA,NA,NA,1564.205333,164.375,NA,5603.08,20.56,115.7083333,NA,261.0466667,0.035555556,90.885,NA,NA,NA,NA,NA,NA,69.45,NA,NA,5.051111111,NA,NA,5.305396825,0.862264151,NA,NA,NA,NA,8.62,NA,232.0125,NA,NA,NA,NA,NA,NA,113.63,NA,NA,NA,NA,112.2333333,5.595,NA,3.435714286,0.211428571,NA,NA,NA,15.85,NA,NA,NA,NA,NA,NA,NA,NA,NA,NA,1.424285714,0.02,NA,NA,NA,NA,7.370833333,NA,NA,9.35,92.434,10.40809524,4.524285714,0.076666667,25.705,2439.606316,NA,NA,NA,NA,NA,NA,NA,5.49,19.54857143,3.441428571,0.235135135,NA,0.362857143,0.196,NA,NA,NA,382.975,NA,NA,NA,NA,NA,63.75714286,NA,NA,10.4,NA,185.505,25.57888889,0.023333333,NA,NA,9.485,8.684,NA,47.894,NA,NA,NA,NA,NA,924.2216667,NA,NA,NA,NA,NA,NA,65.95444444,NA,NA,0.139262821,NA,83.71,NA,NA,NA,NA,NA,NA,NA,387.6625,NA,NA,NA,14.14709677,1.636603774,73.24,NA,NA,NA,0.166666667,123.7766667
Leaf dry mass per plant,NA,NA,NA,NA,NA,NA,NA,NA,NA,NA,NA,NA,NA,NA,NA,NA,NA,NA,NA,NA,NA,NA,NA,NA,NA,NA,NA,NA,NA,NA,NA,NA,NA,0.34,NA,NA,11.39,0.36,NA,NA,NA,NA,NA,NA,NA,NA,NA,NA,NA,NA,NA,NA,NA,NA,NA,NA,NA,NA,NA,NA,0.028,NA,NA,NA,NA,NA,NA,NA,NA,NA,NA,NA,NA,NA,NA,1.39,NA,NA,NA,NA,NA,NA,NA,NA,NA,NA,4.492,0.188,NA,NA,5.828,NA,NA,NA,NA,NA,NA,NA,NA,NA,2.582,1.106,NA,0.1,0.606,NA,NA,NA,NA,NA,NA,NA,NA,NA,1.68,NA,NA,2.436,NA,NA,0.524,0.476,NA,NA,NA,NA,NA,NA,NA,NA,NA,NA,NA,NA,NA,NA,NA,NA,NA,NA,NA,NA,NA,5.018,NA,NA,NA,NA,NA,NA,NA,NA,NA,NA,NA,NA,NA,1.09,0.636,NA,NA,NA,NA,NA,NA
"Leaf dry mass per plant dry mass (leaf weight ratio, LWR)",NA,0.67,NA,NA,NA,NA,NA,NA,NA,NA,NA,NA,NA,NA,NA,NA,NA,NA,NA,0.43,NA,NA,NA,NA,NA,NA,NA,NA,NA,NA,NA,NA,NA,NA,NA,NA,0.521428571,5.52,NA,NA,NA,NA,NA,NA,NA,NA,NA,NA,NA,0.421666667,0.48,0.83,NA,NA,NA,NA,NA,0.62,NA,NA,28.24285714,NA,NA,NA,0.53,NA,NA,NA,NA,NA,NA,NA,NA,NA,NA,12.486,NA,NA,NA,0.295,0.42,NA,NA,NA,NA,0.66,27.33857143,59.008,NA,NA,59.794,NA,0.71,NA,NA,NA,NA,NA,0.61,NA,10.18428571,24.406,NA,30.074,18.56071429,NA,NA,NA,NA,NA,NA,NA,NA,NA,12.2825,NA,NA,14.804,NA,0.394,40.842,16.018,NA,NA,NA,0.574,NA,0.43,NA,NA,NA,NA,NA,0.6,NA,NA,NA,NA,NA,NA,0.5,NA,NA,29.94,NA,NA,NA,NA,NA,NA,NA,NA,NA,NA,NA,NA,NA,12.49125,27.81166667,0.67,NA,NA,NA,NA,NA
Leaf dry matter content (LDMC),NA,0.838333333,NA,NA,0.87,NA,NA,NA,161.3333333,151.7066667,189.4116667,NA,NA,NA,194.3322222,NA,NA,292,114.8666667,177.065,NA,128.92,0.27,184,NA,NA,NA,NA,NA,NA,193.5,NA,NA,236.7985714,NA,NA,106.8011392,37.06779661,NA,NA,NA,NA,171.2566667,NA,266.792,NA,NA,NA,NA,NA,NA,208,NA,NA,NA,NA,508.7,140,NA,312.2671429,117.1041176,NA,NA,NA,160,NA,NA,NA,NA,NA,NA,NA,NA,NA,NA,0.24,0.783,NA,NA,NA,NA,205.1233333,NA,NA,223.0642857,237.8045455,44.40857143,0.418333333,NA,221,106.6991667,NA,0.2,NA,NA,NA,NA,NA,120.786,109.282,21.524,0.212162162,NA,0.323333333,22.79,NA,NA,NA,152,NA,0.24,NA,NA,NA,52.5096875,NA,NA,96.11909091,NA,175.9166667,81.568,0.637333333,NA,NA,0.9,132.17,NA,3.148709677,NA,NA,NA,NA,NA,146.6166667,NA,NA,NA,0.29,NA,NA,38.85953846,NA,NA,1.007291667,NA,308,NA,NA,NA,NA,NA,NA,NA,207.826,NA,NA,NA,146.8051111,94.87068966,220.6916667,NA,NA,NA,0.233333333,199.62375
Leaf fresh mass,NA,NA,NA,NA,NA,NA,NA,NA,NA,NA,NA,NA,NA,NA,NA,NA,NA,NA,NA,NA,NA,NA,NA,NA,NA,NA,NA,NA,NA,NA,NA,NA,NA,NA,NA,NA,0.248163265,0.256938776,NA,NA,NA,NA,NA,NA,NA,NA,NA,NA,NA,NA,NA,NA,NA,NA,NA,NA,NA,NA,NA,NA,0.004,NA,NA,NA,NA,NA,NA,NA,NA,NA,NA,NA,NA,NA,NA,0.68,NA,NA,NA,NA,NA,NA,NA,NA,NA,NA,0.488,0.188,NA,NA,2054.41,NA,NA,NA,NA,NA,NA,NA,NA,NA,1.972,1.184594595,NA,0.11,0.604,NA,NA,NA,NA,NA,NA,NA,NA,NA,4.531666667,NA,NA,0.28,NA,NA,0.398,0.186,NA,NA,NA,0.0475,NA,NA,NA,NA,NA,NA,NA,NA,NA,NA,NA,NA,NA,NA,NA,NA,NA,0.214206219,NA,NA,NA,NA,NA,NA,NA,NA,NA,NA,NA,NA,NA,0.49,0.1025,NA,NA,NA,NA,0.71,NA
Leaf lamina thickness,NA,190.745,NA,NA,NA,NA,NA,NA,0.15,NA,NA,NA,NA,NA,NA,NA,NA,NA,NA,NA,NA,NA,NA,0.17,NA,NA,NA,NA,NA,NA,NA,NA,NA,0.19,NA,NA,0.146666667,NA,NA,NA,NA,NA,NA,NA,NA,NA,NA,NA,NA,NA,NA,0.185,NA,NA,NA,NA,NA,0.175,NA,NA,0.09,NA,NA,NA,NA,NA,NA,NA,NA,NA,NA,NA,NA,NA,NA,NA,NA,NA,NA,NA,NA,NA,NA,NA,NA,NA,0.37,NA,NA,NA,NA,NA,NA,NA,NA,NA,NA,NA,NA,NA,NA,NA,NA,NA,NA,NA,NA,NA,NA,NA,NA,NA,0.23,NA,0.28,NA,NA,NA,NA,NA,0.21,NA,NA,NA,NA,0.14,NA,0.2,NA,NA,NA,NA,NA,0.26,NA,NA,NA,NA,NA,NA,0.13,NA,NA,NA,NA,NA,NA,NA,NA,NA,NA,NA,NA,NA,NA,NA,NA,0.14,0.16,0.2,NA,NA,NA,NA,NA
Leaf lifespan,NA,5.5,NA,NA,NA,NA,NA,NA,NA,1.5,NA,NA,NA,NA,NA,NA,NA,NA,NA,NA,NA,NA,NA,NA,NA,NA,NA,NA,NA,NA,NA,NA,NA,NA,NA,NA,0.836666667,2.73,NA,NA,NA,NA,NA,NA,NA,NA,NA,NA,NA,NA,NA,0.41,NA,NA,NA,NA,NA,0.21,NA,NA,NA,NA,NA,NA,NA,NA,NA,NA,NA,NA,NA,NA,NA,NA,NA,NA,NA,NA,NA,NA,NA,NA,NA,NA,NA,NA,NA,NA,NA,NA,NA,NA,NA,NA,NA,NA,NA,NA,NA,NA,NA,NA,NA,NA,NA,NA,NA,NA,NA,NA,NA,1.95,NA,NA,NA,NA,NA,NA,NA,NA,NA,NA,NA,NA,NA,NA,NA,6.8,NA,6.015,NA,NA,NA,NA,NA,NA,NA,NA,NA,NA,NA,NA,NA,NA,NA,NA,NA,NA,NA,NA,NA,NA,NA,NA,NA,NA,NA,NA,2.01,0.34,NA,NA,NA,NA,NA
Leaf nitrogen (N) content,NA,13.32,NA,NA,NA,NA,NA,NA,NA,NA,NA,NA,NA,NA,NA,NA,NA,NA,NA,NA,NA,NA,NA,NA,NA,NA,NA,NA,NA,NA,NA,NA,NA,NA,NA,NA,0.235,0.05,NA,NA,NA,NA,NA,NA,NA,NA,NA,NA,NA,NA,NA,NA,NA,NA,NA,NA,1.42,NA,NA,0.2,NA,NA,NA,NA,0.3,NA,NA,NA,NA,NA,NA,NA,NA,NA,NA,NA,NA,NA,NA,NA,NA,NA,NA,NA,NA,NA,NA,NA,NA,NA,12.14,NA,NA,NA,NA,NA,NA,NA,NA,NA,NA,NA,NA,NA,NA,NA,NA,NA,NA,NA,NA,NA,NA,NA,NA,NA,NA,NA,NA,NA,NA,NA,NA,NA,NA,NA,NA,6.575,NA,NA,NA,NA,NA,18.08,NA,NA,NA,NA,NA,NA,1.44,NA,NA,NA,NA,NA,NA,NA,NA,NA,NA,NA,NA,NA,NA,NA,NA,1.635,0.41,NA,NA,NA,NA,NA,NA
Leaf nitrogen (N) content per area,NA,1.118,NA,NA,NA,NA,1.43,NA,NA,28.34,2.48,NA,NA,NA,NA,1.67,NA,NA,NA,73.49,NA,NA,0.81,NA,NA,1.37,NA,NA,NA,NA,NA,NA,NA,NA,NA,NA,1.273333333,1.78,NA,NA,NA,NA,NA,NA,NA,NA,NA,NA,NA,NA,NA,NA,NA,NA,NA,NA,0.6,NA,NA,1.4,NA,NA,NA,NA,1.14,NA,NA,NA,NA,NA,NA,NA,NA,NA,NA,NA,NA,NA,NA,49.68,NA,NA,NA,NA,NA,3.58,83.27,NA,NA,NA,1.21,NA,NA,NA,NA,NA,NA,NA,NA,NA,NA,NA,NA,NA,32.13,NA,NA,NA,NA,NA,NA,1.27,NA,NA,63.82,NA,NA,NA,NA,130,NA,NA,NA,NA,NA,NA,NA,1.924,NA,1.4,NA,NA,NA,1.34,NA,NA,NA,NA,NA,NA,1.02,NA,NA,NA,NA,NA,NA,NA,NA,NA,NA,NA,NA,NA,NA,NA,NA,1.6,1.6,NA,NA,NA,NA,NA,137.7
Leaf nitrogen (N) content per dry mass,NA,5.409195402,NA,NA,NA,NA,5.95,NA,21.03,9.9,4.41,NA,1.1,NA,NA,20.23285714,NA,NA,NA,2.073333333,NA,NA,1.305,3.16,NA,31.0125,NA,NA,1.21,NA,5.365,NA,NA,20.22,NA,NA,14.55021277,13.23538462,1.89,NA,NA,1.29,1.26,NA,2.404,NA,NA,NA,NA,32.94,NA,3.164285714,1.5,NA,NA,2.3,7.691666667,2.986,NA,16.08545455,NA,1.941666667,1.77,NA,7.46125,NA,NA,NA,NA,NA,NA,NA,NA,NA,NA,3.706666667,1.3,NA,1.77,18.03333333,NA,NA,NA,1.25,1.71,15.598,7.37,1.705555556,NA,NA,2.871818182,NA,31.54,1.38,2.23,NA,NA,NA,NA,NA,9.631111111,1.802,NA,NA,1.675833333,NA,NA,NA,NA,2.15,NA,2.313333333,NA,NA,20.63181818,NA,NA,2.352,NA,9.622,1.222,2.13,NA,NA,NA,16.87636364,NA,15.693,2.18,1.965,1.57,2.8,1.935,13.87714286,NA,NA,NA,NA,NA,NA,18.868,NA,NA,1.68,NA,1.1975,NA,NA,NA,NA,NA,NA,NA,NA,NA,NA,NA,24.915625,30.9675,10.77416667,NA,NA,NA,1.57,2.266666667
Leaf nitrogen/phosphorus (N/P) ratio,NA,13.14913043,NA,NA,NA,NA,NA,NA,8.8,NA,NA,NA,3.55,NA,NA,7.0975,NA,NA,NA,NA,NA,NA,8.45,NA,NA,5.9,NA,NA,7.12,NA,10.51,NA,NA,20.97,NA,NA,10.262,NA,13.5,NA,NA,NA,NA,NA,NA,NA,NA,NA,NA,NA,NA,15.04,6.82,NA,NA,NA,5.105,11.16333333,NA,9.06,NA,9.526666667,4.78,NA,8.326363636,NA,NA,NA,NA,NA,NA,NA,NA,NA,NA,8,4.81,NA,7.08,NA,NA,NA,NA,5.95,6.68,NA,NA,7.5075,NA,NA,NA,NA,NA,11.03333333,NA,NA,NA,NA,NA,NA,NA,NA,NA,NA,NA,NA,NA,NA,NA,10.715,NA,11.44,NA,NA,16.27,NA,NA,NA,NA,NA,NA,NA,NA,NA,NA,7.83,NA,15.91,8.38,15.7775,6.54,20,5.155,NA,NA,NA,NA,NA,NA,NA,11.14,NA,NA,4.41,NA,6.475,NA,NA,NA,NA,NA,NA,NA,NA,NA,NA,NA,14.09,NA,9.821111111,NA,NA,NA,5.61,NA
Leaf phosphorus (P) content per area,NA,0.1,NA,NA,NA,NA,NA,NA,NA,NA,NA,NA,NA,NA,NA,NA,NA,NA,NA,NA,NA,NA,0.1,NA,NA,NA,NA,NA,NA,NA,NA,NA,NA,NA,NA,NA,NA,NA,NA,NA,NA,NA,NA,NA,NA,NA,NA,NA,NA,NA,NA,NA,NA,NA,NA,NA,NA,NA,NA,NA,NA,NA,NA,NA,NA,NA,NA,NA,NA,NA,NA,NA,NA,NA,NA,NA,NA,NA,NA,NA,NA,NA,NA,NA,NA,NA,NA,NA,NA,NA,NA,NA,NA,NA,NA,NA,NA,NA,NA,NA,NA,NA,NA,NA,NA,NA,NA,NA,NA,NA,NA,NA,NA,NA,NA,NA,NA,NA,NA,NA,NA,NA,NA,NA,NA,NA,NA,0.1,NA,0.09,NA,NA,NA,NA,NA,NA,NA,NA,NA,NA,0.08,NA,NA,NA,NA,NA,NA,NA,NA,NA,NA,NA,NA,NA,NA,NA,NA,NA,NA,NA,NA,NA,NA,NA,NA
Leaf phosphorus (P) content per dry mass,NA,1530.148696,NA,NA,NA,NA,NA,NA,2750.595,NA,NA,NA,3100,NA,NA,3025,NA,NA,NA,0.26,NA,NA,550.1,0.19,NA,3100,NA,NA,1700,NA,865.205,NA,NA,1.735,NA,NA,343.20375,2.538,1400,NA,NA,NA,NA,NA,NA,NA,NA,NA,NA,NA,NA,1100.194286,2200,NA,NA,0.186666667,3600.105714,1140.2,NA,1000.712,NA,2166.666667,3700,NA,2619.708667,NA,NA,NA,NA,NA,NA,NA,NA,NA,NA,2600,2700,NA,2500,NA,NA,NA,NA,2100,2560,1.1375,1.5,2550,NA,NA,NA,NA,NA,1100.03,NA,NA,NA,NA,NA,NA,NA,NA,NA,NA,NA,NA,NA,NA,NA,2700,NA,0.27,NA,NA,0.19,NA,NA,NA,NA,NA,NA,NA,NA,NA,NA,577.555,NA,511.8,2600,615.1975,2400,0.14,3750,4.14,NA,NA,NA,NA,NA,NA,581.3706667,NA,NA,2550,NA,2000,NA,NA,NA,NA,NA,NA,NA,NA,NA,NA,NA,131.1276471,2.026153846,2359.534,NA,NA,NA,2800,0.23
Leaf physical strength,NA,NA,NA,NA,NA,NA,NA,NA,2.22,NA,NA,NA,NA,NA,NA,NA,NA,NA,NA,NA,NA,NA,NA,1.34,NA,NA,NA,NA,NA,NA,NA,NA,NA,6.378333333,NA,NA,82.167,NA,NA,NA,NA,NA,NA,NA,NA,NA,NA,NA,NA,NA,NA,1.385,NA,NA,NA,NA,NA,0.64,NA,NA,3.48,NA,NA,NA,NA,NA,NA,NA,NA,NA,NA,NA,NA,NA,NA,NA,NA,NA,NA,NA,NA,NA,NA,NA,NA,NA,0.525,NA,NA,NA,NA,NA,NA,NA,NA,NA,NA,NA,NA,NA,NA,NA,NA,NA,NA,NA,NA,NA,NA,NA,NA,NA,0.55,NA,1.18,NA,NA,NA,NA,NA,0.94,NA,NA,NA,NA,3.3,NA,2.09,NA,NA,NA,NA,NA,29.41333333,NA,NA,NA,NA,NA,NA,1.535,NA,NA,NA,NA,NA,NA,NA,NA,NA,NA,NA,NA,NA,NA,NA,NA,2.105,4.392857143,0.7925,NA,NA,NA,NA,NA
Leaf porosity,NA,NA,NA,NA,NA,NA,NA,NA,NA,NA,NA,NA,NA,NA,NA,NA,NA,NA,NA,22,NA,NA,NA,19,NA,NA,NA,NA,NA,NA,14,NA,NA,NA,NA,NA,NA,NA,NA,NA,NA,NA,NA,NA,NA,NA,NA,NA,NA,NA,NA,NA,NA,NA,NA,23,NA,NA,NA,NA,NA,NA,NA,NA,14,NA,NA,NA,NA,NA,NA,NA,NA,NA,NA,NA,NA,NA,NA,NA,NA,NA,NA,NA,NA,12,NA,NA,NA,NA,NA,NA,NA,NA,NA,NA,NA,NA,NA,NA,NA,NA,NA,NA,NA,NA,NA,NA,NA,NA,NA,NA,NA,NA,NA,NA,NA,NA,NA,NA,NA,NA,NA,NA,NA,NA,NA,NA,NA,NA,NA,NA,NA,NA,NA,NA,NA,NA,NA,NA,14,NA,NA,NA,NA,NA,NA,NA,NA,NA,NA,NA,NA,NA,NA,NA,NA,NA,NA,30.25,NA,NA,NA,NA,10
Leaf potassium (K) content per area,NA,0.42,NA,NA,NA,NA,NA,NA,NA,NA,NA,NA,NA,NA,NA,NA,NA,NA,NA,NA,NA,NA,NA,NA,NA,NA,NA,NA,NA,NA,NA,NA,NA,NA,NA,NA,NA,NA,NA,NA,NA,NA,NA,NA,NA,NA,NA,NA,NA,NA,NA,NA,NA,NA,NA,NA,NA,NA,NA,NA,NA,NA,NA,NA,NA,NA,NA,NA,NA,NA,NA,NA,NA,NA,NA,NA,NA,NA,NA,NA,NA,NA,NA,NA,NA,NA,NA,NA,NA,NA,NA,NA,NA,NA,NA,NA,NA,NA,NA,NA,NA,NA,NA,NA,NA,NA,NA,NA,NA,NA,NA,NA,NA,NA,NA,NA,NA,NA,NA,NA,NA,NA,NA,NA,NA,NA,NA,0.56,NA,0.8,NA,NA,NA,NA,NA,NA,NA,NA,NA,NA,0.6,NA,NA,NA,NA,NA,NA,NA,NA,NA,NA,NA,NA,NA,NA,NA,NA,NA,NA,NA,NA,NA,NA,NA,NA
Leaf potassium (K) content per dry mass,NA,0.755,NA,NA,NA,NA,NA,NA,NA,NA,NA,NA,NA,NA,NA,NA,NA,NA,NA,NA,NA,NA,NA,NA,NA,NA,NA,NA,NA,NA,NA,NA,NA,NA,NA,NA,NA,10.784,NA,NA,NA,NA,NA,NA,NA,NA,NA,NA,NA,NA,NA,NA,NA,NA,NA,NA,NA,NA,NA,NA,NA,NA,NA,NA,NA,NA,NA,NA,NA,NA,NA,NA,NA,NA,NA,NA,NA,NA,NA,NA,NA,NA,NA,NA,NA,NA,NA,NA,NA,NA,9.85,NA,NA,NA,NA,NA,NA,NA,NA,NA,NA,NA,NA,NA,NA,NA,NA,NA,NA,NA,NA,NA,NA,NA,NA,NA,NA,NA,NA,8.76,NA,NA,NA,NA,NA,NA,NA,7.136666667,NA,1.15,NA,NA,NA,NA,NA,NA,NA,NA,NA,NA,17.43,NA,10.13666667,NA,NA,NA,NA,NA,NA,NA,NA,NA,NA,NA,NA,NA,NA,NA,NA,NA,NA,NA,NA,NA,NA
Leaf respiration per dry mass,NA,6.478369565,NA,NA,NA,NA,25.48,NA,NA,20.7825,NA,NA,NA,NA,NA,NA,NA,NA,NA,NA,NA,NA,NA,NA,NA,NA,NA,NA,NA,NA,NA,NA,NA,NA,NA,NA,NA,NA,NA,NA,NA,NA,NA,NA,NA,NA,NA,NA,NA,23.805,NA,NA,NA,NA,NA,NA,NA,NA,NA,NA,NA,NA,NA,NA,NA,NA,NA,NA,NA,NA,NA,NA,NA,NA,NA,NA,NA,NA,NA,40.79,NA,NA,NA,NA,NA,NA,NA,NA,NA,NA,NA,NA,NA,NA,NA,NA,NA,NA,NA,NA,NA,NA,NA,NA,NA,NA,NA,NA,NA,NA,NA,NA,NA,NA,25.49692308,NA,NA,NA,NA,NA,NA,NA,NA,NA,NA,NA,NA,NA,NA,NA,NA,NA,NA,NA,NA,NA,NA,NA,NA,NA,NA,NA,NA,NA,NA,NA,NA,NA,NA,NA,NA,NA,NA,NA,NA,NA,NA,NA,NA,NA,NA,NA,NA,NA,NA
Leaf specific area (SLA),NA,125.9269811,25.4,NA,206,NA,118,NA,41.94666667,53.8925,41.88222222,NA,NA,NA,17.33111111,152,NA,15.66666667,54.67333333,5972.148333,NA,26.26,74.237,4646.356429,NA,170,NA,NA,NA,NA,23706.81889,NA,NA,31.557,NA,NA,52.17337838,28.13317647,NA,NA,NA,NA,46.908,NA,26.86166667,41.4,NA,NA,NA,301.3457143,404.5,52.85777778,NA,NA,NA,21492.92333,42.18555556,59.39918919,NA,30.23166667,129.1442308,NA,NA,NA,2495.267143,NA,NA,NA,NA,16.43,NA,NA,NA,NA,NA,426.4333333,807.947,NA,NA,256.94,263.3,31.76166667,NA,NA,30.86333333,4004.168889,128.9616129,272.8628571,45.35666667,38.3625,96.354,NA,311.3685714,NA,NA,NA,NA,NA,66.158,63.22,149.6725581,68.14236842,NA,396.578,211.175,NA,117.28,NA,32.93333333,NA,461.775,40.63833333,159.23,NA,73.34719101,NA,NA,199.1263636,NA,68.06096774,68.86478261,578.088,NA,54.8,314,91.05814815,NA,46.76952381,NA,144.47,NA,NA,NA,48.77483871,NA,NA,NA,394.1625,NA,NA,748.933,NA,NA,20.98364501,NA,20.25,NA,NA,NA,NA,NA,NA,21.1,30.694,38.29,NA,NA,81.04977528,50.88778846,6989.201111,NA,NA,NA,32.77666667,3136.861818
Leaf texture (sclerophylly),NA,0.23,NA,NA,NA,NA,NA,NA,NA,NA,NA,NA,NA,NA,NA,NA,NA,NA,NA,NA,NA,NA,NA,NA,NA,NA,NA,NA,NA,NA,NA,NA,NA,NA,NA,NA,NA,NA,NA,NA,NA,NA,NA,NA,NA,NA,NA,NA,NA,NA,NA,NA,NA,NA,NA,NA,NA,NA,NA,NA,NA,NA,NA,NA,NA,NA,NA,NA,NA,NA,NA,NA,NA,NA,NA,NA,NA,NA,NA,NA,NA,NA,NA,NA,NA,NA,NA,NA,NA,NA,NA,NA,NA,NA,NA,NA,NA,NA,NA,NA,NA,NA,NA,NA,NA,NA,NA,NA,NA,NA,NA,NA,NA,NA,NA,NA,NA,NA,NA,NA,NA,NA,NA,NA,NA,NA,NA,NA,NA,NA,NA,NA,NA,0.315,NA,NA,NA,NA,NA,NA,0.1,NA,0.05,NA,NA,NA,NA,NA,NA,NA,NA,NA,NA,NA,0.1,NA,NA,NA,NA,NA,NA,NA,NA,NA,NA
Leaf thickness,NA,126.605,NA,NA,0.13,NA,NA,NA,NA,NA,NA,NA,NA,NA,NA,NA,NA,NA,NA,NA,NA,NA,NA,NA,NA,NA,NA,NA,NA,NA,NA,NA,NA,NA,NA,NA,0.11,NA,NA,NA,NA,NA,NA,NA,NA,NA,NA,NA,NA,NA,NA,NA,NA,NA,NA,NA,NA,NA,NA,NA,NA,NA,NA,NA,NA,NA,NA,NA,NA,NA,NA,NA,NA,NA,NA,0.09,NA,NA,NA,NA,NA,NA,NA,NA,NA,NA,0.15,0.16,NA,NA,0.2,NA,0.16,NA,NA,NA,NA,NA,NA,NA,126.2333333,NA,NA,0.08,133.75,NA,NA,NA,NA,NA,0.105,NA,NA,NA,221.042,NA,NA,NA,NA,264.5,0.17,NA,NA,NA,0.11,166.832,NA,130.92,NA,NA,NA,NA,NA,NA,NA,NA,NA,0.1175,NA,NA,89.64666667,NA,NA,0.12,NA,NA,NA,NA,NA,NA,NA,NA,NA,NA,NA,NA,NA,0.14,NA,NA,NA,NA,NA,NA,NA
Leaf type,NA,NA,NA,NA,NA,NA,NA,NA,NA,NA,NA,NA,NA,NA,NA,NA,NA,NA,NA,NA,NA,NA,NA,NA,NA,NA,NA,NA,NA,NA,NA,NA,NA,NA,NA,NA,NA,NA,NA,NA,NA,NA,NA,NA,NA,NA,NA,NA,NA,NA,NA,NA,NA,NA,NA,NA,NA,NA,NA,NA,NA,NA,NA,NA,NA,NA,NA,NA,NA,NA,NA,NA,NA,NA,NA,NA,NA,NA,NA,NA,NA,NA,NA,NA,NA,NA,NA,NA,NA,NA,NA,NA,NA,NA,NA,NA,NA,NA,NA,NA,NA,NA,NA,NA,NA,NA,NA,NA,NA,NA,NA,NA,NA,NA,NA,NA,NA,NA,NA,NA,NA,NA,NA,NA,NA,NA,NA,NA,NA,NA,NA,NA,NA,NA,NA,NA,NA,NA,NA,NA,NA,NA,NA,NA,NA,NA,NA,NA,NA,NA,NA,NA,NA,NA,NA,NA,NA,NA,NA,NA,NA,NA,NA,NA,NA
Metamorphoses and morphological adaptations: seed or dispersal unit,NA,NA,NA,NA,NA,NA,NA,NA,NA,NA,NA,NA,NA,NA,NA,NA,NA,NA,NA,NA,NA,NA,NA,NA,NA,NA,NA,NA,NA,NA,NA,NA,NA,NA,NA,NA,NA,NA,NA,NA,NA,NA,NA,NA,NA,NA,NA,NA,NA,NA,NA,NA,NA,NA,NA,NA,NA,NA,NA,NA,NA,NA,NA,NA,NA,NA,NA,NA,NA,NA,NA,NA,NA,NA,NA,NA,NA,NA,NA,NA,NA,NA,NA,NA,NA,NA,NA,NA,NA,NA,NA,NA,NA,NA,NA,NA,NA,NA,NA,NA,NA,NA,NA,NA,NA,NA,NA,NA,NA,NA,NA,2,NA,NA,NA,NA,NA,NA,NA,NA,NA,NA,NA,NA,NA,NA,NA,NA,NA,NA,NA,NA,NA,NA,NA,NA,NA,NA,NA,NA,0,NA,NA,NA,NA,NA,NA,NA,NA,NA,NA,NA,NA,NA,NA,NA,NA,NA,NA,NA,NA,NA,NA,NA,NA
Mycorrhizal type,NA,NA,NA,NA,NA,NA,NA,NA,NA,NA,NA,NA,NA,NA,NA,NA,NA,NA,NA,NA,NA,NA,NA,NA,NA,NA,NA,NA,NA,NA,NA,NA,NA,NA,NA,NA,NA,NA,NA,NA,NA,NA,NA,NA,NA,NA,NA,NA,NA,NA,NA,NA,NA,NA,NA,NA,NA,NA,NA,NA,NA,NA,NA,NA,NA,NA,NA,NA,NA,NA,NA,NA,NA,NA,NA,NA,NA,NA,NA,NA,NA,NA,NA,NA,NA,NA,NA,NA,NA,NA,NA,NA,NA,NA,NA,NA,NA,NA,NA,NA,NA,NA,NA,NA,NA,NA,NA,NA,NA,NA,NA,2,NA,NA,NA,NA,NA,NA,NA,NA,NA,NA,NA,NA,NA,NA,NA,NA,NA,NA,NA,NA,NA,NA,NA,NA,NA,NA,NA,NA,NA,NA,NA,NA,NA,NA,NA,NA,NA,NA,NA,NA,NA,NA,NA,NA,NA,NA,NA,NA,NA,NA,NA,NA,NA
Nitrogen fixation capacity,NA,NA,NA,NA,NA,NA,NA,NA,NA,NA,NA,NA,NA,NA,NA,NA,NA,NA,NA,NA,NA,NA,NA,NA,NA,NA,NA,NA,NA,NA,NA,NA,NA,NA,NA,NA,NA,NA,NA,NA,NA,NA,NA,NA,NA,NA,NA,NA,NA,NA,NA,NA,NA,NA,NA,NA,NA,NA,NA,NA,NA,NA,NA,NA,NA,NA,NA,NA,NA,NA,NA,NA,NA,NA,NA,NA,NA,NA,NA,NA,NA,NA,NA,NA,NA,NA,NA,NA,NA,NA,NA,NA,NA,NA,NA,NA,NA,NA,NA,NA,NA,NA,NA,NA,NA,NA,NA,NA,NA,NA,NA,0,NA,NA,NA,NA,NA,NA,NA,NA,NA,NA,NA,NA,NA,NA,NA,NA,NA,NA,NA,NA,NA,NA,NA,NA,NA,NA,NA,NA,NA,NA,NA,NA,NA,NA,NA,NA,NA,NA,NA,NA,NA,NA,NA,NA,NA,NA,NA,NA,NA,NA,NA,NA,NA
Phenology: reproductive,NA,NA,NA,NA,NA,NA,6.5,NA,5,9,9,NA,NA,NA,7.5,NA,NA,85,9,8.5,NA,54,182.5,7.5,NA,NA,8,NA,NA,NA,7,NA,NA,122.6842857,NA,NA,134.3062963,145.93,NA,NA,NA,NA,8.5,NA,80,NA,8.5,7,NA,NA,NA,7.5,NA,NA,NA,8,121.8333333,8,NA,161.5454545,7,NA,NA,NA,53.33333333,NA,NA,NA,NA,NA,7.5,NA,NA,NA,NA,8.5,NA,NA,NA,9,NA,7.5,NA,NA,6,65.53,8,NA,NA,7,7.5,NA,NA,NA,NA,NA,NA,NA,6,7.5,NA,NA,NA,NA,7.5,8,NA,NA,8,NA,NA,NA,7.5,NA,113.25,NA,NA,NA,NA,NA,NA,NA,NA,NA,NA,137.6972727,NA,5.5,NA,NA,NA,6,NA,88.2,NA,NA,NA,NA,NA,NA,5.875,NA,NA,9,NA,8.5,NA,NA,NA,NA,NA,NA,NA,8,NA,NA,NA,143.3157895,130.9047619,101.5,NA,NA,NA,NA,NA
Phenology: vegetative,NA,NA,NA,NA,NA,NA,NA,NA,NA,NA,NA,NA,NA,NA,NA,NA,NA,NA,NA,NA,NA,NA,NA,NA,NA,NA,NA,NA,NA,NA,NA,NA,NA,NA,NA,NA,NA,NA,NA,NA,NA,NA,NA,NA,NA,NA,NA,NA,NA,NA,NA,NA,NA,NA,NA,NA,NA,NA,NA,NA,NA,NA,NA,NA,NA,NA,NA,NA,NA,NA,NA,NA,NA,NA,NA,NA,NA,NA,NA,NA,NA,NA,NA,NA,NA,NA,NA,NA,NA,NA,NA,NA,NA,NA,NA,NA,NA,NA,NA,NA,NA,NA,NA,NA,NA,NA,NA,NA,NA,NA,NA,NA,NA,NA,NA,NA,NA,NA,NA,NA,NA,NA,NA,NA,NA,NA,NA,NA,NA,NA,NA,NA,NA,NA,NA,NA,NA,NA,NA,NA,4,NA,NA,NA,NA,NA,NA,NA,NA,NA,NA,NA,NA,NA,NA,NA,NA,NA,NA,NA,NA,NA,NA,NA,NA
Photosynthesis leaf intercellular CO2 concentration,NA,239.76,NA,NA,NA,NA,125.2,NA,NA,152.82,NA,NA,NA,NA,NA,NA,NA,NA,NA,348,NA,NA,NA,NA,NA,139.41,NA,NA,NA,NA,NA,NA,NA,NA,NA,NA,186.75,NA,NA,NA,NA,NA,NA,NA,NA,NA,NA,NA,NA,NA,NA,NA,NA,NA,NA,NA,NA,292,NA,NA,NA,NA,NA,NA,219,NA,NA,NA,NA,NA,NA,NA,NA,NA,NA,NA,NA,NA,NA,336,NA,NA,NA,NA,NA,NA,352,NA,NA,NA,NA,NA,290.36,NA,NA,NA,NA,NA,NA,NA,314.07,NA,NA,NA,136.7266667,NA,NA,NA,NA,NA,315.7325,132.26,NA,NA,273.5275,NA,NA,NA,NA,303,NA,NA,NA,NA,NA,254,NA,118.8825,NA,NA,NA,NA,NA,258.875,NA,NA,NA,257.7575,NA,NA,NA,NA,NA,NA,NA,NA,NA,NA,NA,NA,NA,NA,NA,NA,NA,NA,NA,189.125,215.375,281.875,NA,NA,NA,NA,338
Photosynthesis net assimilytion rate (NAR),NA,0,NA,NA,NA,NA,NA,NA,NA,NA,NA,NA,NA,NA,NA,NA,NA,NA,NA,0,NA,NA,NA,NA,NA,NA,NA,NA,NA,NA,NA,NA,NA,NA,NA,NA,0.242857143,3.17,NA,NA,NA,NA,NA,NA,NA,NA,NA,NA,NA,0,0,0,NA,NA,NA,NA,NA,0,NA,NA,0,NA,NA,NA,0,NA,NA,NA,NA,NA,NA,NA,NA,NA,NA,NA,NA,NA,NA,0,0,NA,NA,NA,NA,0,0,NA,NA,NA,NA,NA,0,NA,NA,NA,NA,NA,0,NA,0,NA,NA,NA,0,NA,NA,NA,NA,NA,NA,NA,NA,NA,1.996666667,NA,NA,NA,NA,0.002,NA,NA,NA,NA,NA,0,NA,0,NA,NA,NA,NA,NA,0,NA,NA,NA,NA,NA,NA,0,NA,NA,0,NA,NA,NA,NA,NA,NA,NA,NA,NA,NA,NA,NA,NA,0,0,0,NA,NA,NA,NA,NA
Photosynthesis per leaf area,NA,7.504444444,NA,NA,NA,NA,31.7,NA,NA,20.92333333,21.8,NA,NA,NA,NA,NA,NA,NA,NA,5.46,NA,NA,9.48,NA,NA,5.94,NA,NA,NA,NA,NA,NA,NA,NA,NA,NA,8.49,15.53,NA,NA,NA,NA,NA,NA,NA,NA,NA,NA,NA,NA,NA,NA,NA,NA,NA,NA,NA,2.4,NA,NA,NA,NA,NA,NA,6.1,NA,NA,NA,NA,NA,NA,NA,NA,NA,NA,NA,NA,NA,NA,6.52,NA,NA,NA,NA,NA,NA,8.21,NA,7.666666667,NA,NA,NA,13.69,NA,NA,NA,NA,NA,NA,NA,7.3825,NA,NA,NA,11.625,NA,NA,NA,NA,NA,5.6925,11.8,NA,NA,11.8555,NA,NA,NA,NA,11.81,NA,NA,NA,NA,NA,5.025,NA,10.84666667,NA,10.505,NA,NA,NA,5.9875,NA,NA,NA,3.715,NA,NA,NA,NA,NA,NA,NA,NA,NA,NA,NA,NA,NA,NA,NA,NA,NA,NA,NA,5.025,11.51611111,3.3875,NA,NA,NA,NA,6.95
Photosynthesis per leaf dry mass,NA,60.085625,NA,NA,NA,NA,374.06,NA,NA,308.74,392,NA,NA,NA,NA,NA,NA,NA,NA,89.2,NA,NA,160.25,NA,NA,127.125,NA,NA,NA,NA,NA,NA,NA,NA,NA,NA,64.895,275.76,NA,NA,NA,NA,NA,NA,NA,NA,NA,NA,NA,NA,NA,NA,NA,NA,NA,NA,NA,NA,NA,NA,NA,NA,NA,NA,NA,NA,NA,NA,NA,NA,NA,NA,NA,NA,NA,NA,NA,NA,NA,234.4,NA,NA,NA,NA,NA,NA,99.3,NA,169.66,NA,NA,NA,NA,NA,NA,NA,NA,NA,NA,NA,92.375,NA,NA,NA,179.595,NA,NA,NA,NA,NA,NA,156,NA,NA,260.7757143,NA,NA,NA,NA,86.2,NA,NA,NA,NA,NA,82.56666667,NA,45.08333333,NA,151.75,NA,NA,NA,NA,NA,NA,NA,NA,NA,NA,NA,NA,NA,NA,NA,NA,NA,NA,NA,NA,NA,NA,NA,NA,NA,NA,NA,NA,456.174,NA,NA,NA,NA,NA,55.5
Plant age of maturity (first flowering),NA,NA,NA,NA,NA,NA,NA,NA,NA,NA,NA,NA,NA,NA,NA,NA,NA,NA,NA,NA,NA,NA,NA,NA,NA,NA,NA,NA,NA,NA,NA,NA,NA,NA,NA,NA,1,NA,NA,NA,NA,NA,NA,NA,NA,NA,NA,NA,NA,NA,NA,NA,NA,NA,NA,NA,NA,NA,NA,NA,NA,NA,NA,NA,NA,NA,NA,NA,NA,NA,NA,NA,NA,NA,NA,NA,NA,NA,NA,NA,NA,NA,NA,NA,NA,NA,NA,NA,NA,NA,NA,NA,NA,NA,NA,NA,NA,NA,NA,NA,NA,NA,NA,NA,NA,NA,NA,NA,NA,NA,NA,NA,NA,NA,NA,NA,NA,NA,NA,NA,NA,NA,NA,NA,NA,NA,NA,NA,NA,NA,NA,NA,NA,NA,NA,NA,NA,NA,NA,NA,NA,NA,NA,NA,NA,NA,NA,NA,NA,NA,NA,NA,NA,NA,NA,NA,NA,NA,NA,NA,NA,NA,NA,NA,NA
Plant growth form,NA,NA,NA,NA,NA,NA,NA,NA,NA,NA,NA,NA,NA,NA,NA,NA,NA,NA,NA,NA,NA,NA,NA,NA,NA,NA,NA,NA,NA,NA,NA,NA,NA,NA,NA,NA,NA,NA,NA,NA,NA,NA,NA,NA,NA,NA,NA,NA,NA,NA,NA,NA,NA,NA,NA,NA,NA,NA,NA,NA,NA,NA,NA,NA,NA,NA,NA,NA,NA,NA,NA,NA,NA,NA,NA,NA,NA,NA,NA,NA,NA,NA,NA,NA,NA,NA,NA,NA,NA,NA,NA,NA,NA,NA,NA,NA,NA,NA,NA,NA,NA,NA,NA,NA,NA,NA,NA,NA,NA,NA,NA,NA,NA,NA,NA,NA,NA,NA,NA,NA,NA,NA,NA,NA,NA,NA,NA,NA,NA,NA,NA,NA,NA,NA,NA,NA,NA,NA,NA,NA,1,NA,NA,NA,NA,NA,NA,NA,NA,NA,NA,NA,NA,NA,NA,NA,NA,NA,NA,NA,NA,NA,NA,NA,NA
Plant height generative,NA,NA,NA,NA,NA,NA,NA,NA,0.7,1.38,1.19,NA,NA,NA,1.0775,NA,NA,0.65,0.58,0.716666667,NA,11.01,NA,2,NA,NA,NA,NA,NA,NA,0.45,NA,NA,8.95,NA,NA,266.5557143,13.62272727,NA,NA,NA,NA,0.38,NA,0.38,NA,NA,3.5,NA,NA,NA,1.15,NA,NA,NA,NA,0.148333333,0.866666667,NA,18.36,4.426,NA,NA,NA,0.2,NA,NA,NA,NA,NA,1.05,NA,NA,NA,NA,NA,NA,NA,NA,1,NA,0.02,NA,NA,0.3,20.68428571,0.85,NA,NA,0.45,0.9,NA,NA,NA,NA,NA,NA,NA,0.283333333,0.68,0.983333333,NA,NA,0.25,NA,NA,10,NA,0.65,NA,NA,NA,NA,NA,0.176666667,NA,NA,0.476666667,NA,0.566666667,0.483333333,NA,NA,NA,NA,7.206363636,NA,NA,NA,NA,NA,1.5,NA,0.825,NA,NA,NA,NA,NA,NA,1.15,NA,NA,1.5,NA,1.5,NA,NA,NA,NA,NA,NA,NA,0.55,NA,NA,NA,17.31083333,53.11083333,165.7883333,NA,NA,NA,NA,0.45
Plant height vegetative,NA,45.6,1.3,NA,5.9,3.5,2.5,0.5,0.37,1.21,1.083333333,NA,NA,1,1.073333333,1,0.01,22.88333333,1.865,1.4875,3.9,54.02571429,23.75,1.138333333,NA,2.25,NA,NA,NA,4.9,0.30625,15,NA,13.37888889,1,3.2,89.9859633,44.70802817,8,2,NA,NA,0.19,NA,30.19,NA,NA,3.5,NA,3,2.5,1.585714286,NA,NA,NA,2.883333333,6.55375,19.143,5.9,24.39764706,27.68705882,NA,0.6,3.1,29.44470588,4.9,NA,NA,NA,4,0.53,NA,NA,NA,2.6,99.96470588,8.2,NA,NA,4.9,5.9,0.12,NA,NA,0.45,24.89571429,40.785625,10.06,NA,0.35,79.67333333,NA,NA,NA,NA,3,3.2,NA,0.194,0.333333333,64.572,60.3,NA,14.53307692,33.585,3.3,10.5,NA,0.6,2.3,2.6,10.1,4.1,NA,10.3973913,NA,NA,79.425,NA,33.82666667,32.01071429,87.19090909,NA,NA,NA,52.69333333,NA,6.033333333,4.416666667,2,5.5,3.833333333,NA,24.4875,NA,NA,NA,NA,NA,NA,31.578,NA,NA,80.66469256,3,4.79,NA,NA,NA,NA,NA,NA,1.5,0.55,30,NA,NA,35.8957377,30.93214286,83.3725,0.8,NA,NA,45,0.49
Plant lifespan,NA,400,NA,NA,NA,NA,NA,NA,NA,NA,NA,NA,NA,NA,NA,NA,NA,NA,NA,NA,NA,NA,NA,NA,NA,NA,NA,NA,NA,NA,NA,NA,NA,NA,NA,NA,NA,NA,NA,NA,NA,NA,NA,NA,NA,NA,NA,NA,NA,NA,NA,NA,NA,NA,NA,NA,NA,NA,NA,NA,NA,NA,NA,NA,NA,NA,NA,NA,NA,NA,NA,NA,NA,NA,NA,NA,NA,NA,NA,NA,NA,NA,NA,NA,NA,NA,NA,NA,NA,NA,NA,NA,NA,NA,NA,NA,NA,NA,NA,NA,NA,NA,NA,NA,NA,NA,NA,NA,NA,NA,NA,NA,NA,NA,NA,NA,NA,NA,NA,NA,NA,NA,NA,NA,NA,NA,NA,NA,NA,NA,NA,NA,NA,NA,NA,NA,NA,NA,NA,NA,NA,NA,NA,NA,NA,NA,NA,NA,NA,NA,NA,NA,NA,NA,NA,NA,NA,NA,NA,NA,NA,NA,NA,NA,NA
Plant relative growth rate (RGR),NA,0.07,NA,NA,NA,NA,NA,NA,NA,NA,NA,NA,NA,NA,NA,NA,NA,NA,NA,0.24,NA,NA,NA,NA,NA,NA,NA,NA,NA,NA,NA,NA,NA,NA,NA,NA,0.1925,0.27,NA,NA,NA,NA,NA,NA,NA,NA,NA,NA,NA,0.156666667,0.145,0.266,NA,NA,NA,NA,NA,0.125,NA,NA,0.18,NA,NA,NA,0.23,NA,NA,NA,NA,NA,NA,NA,NA,NA,NA,NA,NA,NA,NA,0.1925,0.07,NA,NA,0.21,NA,0.22,0.2275,NA,NA,NA,NA,NA,0.275,NA,NA,NA,NA,NA,0.23,NA,0.205555556,NA,NA,NA,0.2175,NA,NA,NA,NA,NA,0.3,1,NA,NA,0.18,NA,NA,NA,NA,0.2,NA,NA,NA,NA,NA,0.138,NA,0.076,NA,NA,NA,NA,NA,0.16,NA,NA,NA,0.23,NA,NA,0.23,NA,NA,0.18,NA,NA,NA,NA,NA,NA,NA,NA,NA,NA,NA,NA,NA,0.125,0.106666667,0.15,NA,NA,NA,NA,0.16
Plant tolerance to drought,NA,2.25,NA,NA,NA,NA,NA,NA,NA,NA,NA,NA,NA,NA,NA,NA,NA,NA,NA,NA,NA,NA,NA,NA,NA,NA,NA,NA,NA,NA,NA,NA,NA,NA,NA,NA,NA,NA,NA,NA,NA,NA,NA,NA,NA,NA,NA,NA,NA,NA,NA,NA,NA,NA,NA,NA,NA,NA,NA,NA,NA,NA,NA,NA,NA,NA,NA,NA,NA,NA,NA,NA,NA,NA,NA,NA,NA,NA,NA,NA,NA,NA,NA,NA,NA,NA,NA,NA,NA,NA,NA,NA,NA,NA,NA,NA,NA,NA,NA,NA,NA,NA,NA,NA,NA,NA,NA,NA,NA,NA,NA,NA,NA,NA,NA,NA,NA,NA,NA,NA,NA,NA,NA,NA,NA,NA,NA,3.46,4,NA,NA,NA,NA,NA,NA,NA,NA,NA,NA,NA,NA,NA,NA,NA,NA,NA,NA,NA,NA,NA,NA,NA,NA,NA,NA,NA,NA,NA,NA,NA,NA,NA,NA,NA,NA
Plant tolerance to frost,NA,18.5,21,NA,38.5,43.5,26,28.5,NA,NA,NA,NA,NA,58.5,NA,78.5,NA,21,81,63.5,33.5,NA,86,NA,NA,43.5,NA,NA,NA,48.5,NA,23.5,NA,76,98.5,33.5,43.5,NA,61,48.5,NA,NA,NA,NA,NA,NA,NA,NA,NA,29,53.5,NA,NA,NA,NA,NA,NA,56,43.5,26,NA,NA,NA,53.5,NA,43.5,NA,NA,NA,71,NA,NA,NA,NA,58.5,63.5,71,NA,NA,38.5,48,48,NA,NA,NA,NA,NA,NA,NA,NA,NA,NA,NA,NA,NA,33.5,38.5,NA,NA,NA,46,NA,NA,NA,NA,28.5,51,NA,NA,43.5,46,NA,33.5,NA,23.5,NA,NA,86,63.5,NA,71,48.5,NA,NA,NA,38.5,NA,NA,46,51,50.5,26,NA,NA,NA,NA,NA,NA,NA,NA,NA,NA,NA,18.5,61,38.5,NA,NA,NA,NA,NA,NA,36,NA,NA,NA,NA,48,55.5,NA,31,NA,NA,68.5,NA
Plant tolerance to human impact,NA,NA,NA,NA,NA,NA,2,NA,3,2,2,NA,NA,NA,2,NA,NA,2,3,4,NA,2,NA,3,NA,NA,1,NA,NA,NA,2,NA,NA,4,NA,NA,2,3,NA,NA,NA,NA,2,NA,2,NA,4,4,NA,NA,NA,3,NA,NA,NA,4,2,5,NA,2,2,NA,NA,NA,3,NA,NA,NA,NA,NA,3,NA,NA,NA,NA,4,NA,NA,NA,3,NA,2,NA,NA,3,3,2,NA,NA,2,2,NA,NA,NA,NA,NA,NA,NA,3,3,NA,NA,NA,NA,2,2,NA,NA,3,NA,NA,NA,3,NA,2,NA,NA,NA,NA,NA,NA,NA,NA,NA,NA,2,NA,2,NA,NA,NA,2,NA,2,NA,NA,NA,NA,NA,NA,5,NA,NA,3,NA,3,NA,NA,NA,NA,NA,NA,NA,2,NA,NA,NA,2,3,3,NA,NA,NA,NA,NA
Plant tolerance to planting density,NA,500,3000,NA,6850,NA,NA,3250,NA,NA,NA,NA,NA,6350,NA,7900,NA,2200,NA,NA,NA,NA,NA,NA,NA,7900,NA,NA,NA,15000,NA,1950,NA,84280,7900,4125,NA,NA,1450,NA,NA,NA,NA,NA,NA,NA,NA,NA,NA,NA,NA,NA,NA,NA,NA,NA,NA,NA,NA,NA,NA,NA,NA,NA,NA,4150,NA,NA,NA,NA,NA,NA,NA,NA,5900,NA,NA,NA,NA,15180,6820,7400,NA,NA,NA,NA,NA,NA,NA,NA,NA,NA,NA,NA,NA,NA,27236,NA,NA,NA,NA,NA,NA,NA,NA,NA,10850,NA,NA,14956,NA,NA,NA,NA,14500,NA,NA,NA,NA,NA,NA,NA,NA,NA,NA,NA,NA,NA,3000,2598,3000,950,NA,NA,NA,NA,NA,NA,NA,NA,NA,NA,NA,7400,2200,NA,NA,NA,NA,NA,NA,NA,7181,NA,NA,NA,NA,NA,NA,NA,7900,NA,NA,235,NA
Plant tolerance to precipitation,NA,50,48,NA,35,44,37,47.5,NA,NA,NA,NA,NA,41.5,NA,42,NA,45,43.5,42,42.5,NA,26,NA,NA,47.5,NA,NA,NA,39,NA,43.5,NA,66,40,38,48.5,NA,45,48.5,NA,NA,NA,NA,NA,NA,NA,NA,NA,32.5,45.5,NA,NA,NA,NA,NA,NA,34.5,40,37.5,NA,NA,NA,45.5,NA,39,NA,NA,NA,32,NA,NA,NA,NA,42.5,32,39,NA,NA,31,44,42.5,NA,NA,NA,NA,NA,NA,NA,NA,NA,NA,NA,NA,NA,35,40.5,NA,NA,NA,37.5,NA,NA,NA,NA,42.5,46,NA,NA,47.5,40,NA,47.5,NA,38,NA,NA,42,31,NA,37,50,NA,NA,NA,35.5,NA,NA,39,50,34.5,45,NA,NA,NA,NA,NA,NA,NA,NA,NA,NA,NA,38,37.5,32,NA,NA,NA,NA,NA,NA,45,NA,NA,NA,NA,48.5,47,NA,38,NA,NA,43.5,NA
Plant tolerance to shade,NA,4.76,NA,NA,NA,NA,NA,NA,NA,NA,NA,NA,NA,NA,NA,NA,NA,NA,NA,NA,NA,NA,NA,NA,NA,NA,NA,NA,NA,NA,NA,NA,NA,NA,NA,NA,NA,NA,NA,NA,NA,NA,NA,NA,NA,NA,NA,NA,NA,NA,NA,NA,NA,NA,NA,NA,NA,NA,NA,NA,NA,NA,NA,NA,NA,NA,NA,NA,NA,NA,NA,NA,NA,NA,NA,NA,NA,NA,NA,NA,NA,NA,NA,NA,NA,NA,NA,NA,NA,NA,NA,NA,NA,NA,NA,NA,NA,NA,NA,NA,NA,NA,NA,NA,NA,NA,NA,NA,NA,NA,NA,NA,NA,NA,NA,NA,NA,NA,NA,NA,NA,NA,NA,NA,NA,NA,NA,1.93,2.5,NA,NA,NA,NA,NA,NA,NA,NA,NA,NA,NA,NA,NA,NA,NA,NA,NA,NA,NA,NA,NA,NA,NA,NA,NA,NA,NA,NA,NA,NA,NA,NA,NA,NA,NA,NA
Plant tolerance to soil pH,NA,5.5,5.6,NA,5.75,6.5,7,6,NA,NA,NA,NA,NA,6.75,NA,5.9,NA,5.75,6.15,6.2,6.05,NA,6.5,NA,NA,5.75,NA,NA,NA,6.25,NA,5.9,NA,6.5,5.75,6.7,6.25,NA,6.2,5.75,NA,NA,NA,NA,NA,NA,NA,NA,NA,6.45,6,NA,NA,NA,NA,NA,NA,6.3,6,6.1,NA,NA,NA,6,NA,6.75,NA,NA,NA,6.2,NA,NA,NA,NA,6,6.9,7.1,NA,NA,6.95,6.8,6.75,NA,NA,NA,NA,NA,NA,NA,NA,NA,NA,NA,NA,NA,6.5,6,NA,NA,NA,6,NA,NA,NA,NA,5.9,6.25,NA,NA,7.35,6,NA,6.35,NA,6.05,NA,NA,6.25,6.25,NA,6.25,6.25,NA,NA,NA,6.7,NA,NA,6.05,5.75,6.35,5.5,NA,NA,NA,NA,NA,NA,NA,NA,NA,NA,NA,6.15,6.15,6,NA,NA,NA,NA,NA,NA,5.5,NA,NA,NA,NA,6.75,6.75,NA,6.6,NA,NA,7.3,NA
Plant tolerance to waterlogging,NA,1.09,NA,NA,NA,NA,NA,NA,NA,NA,NA,NA,NA,NA,NA,NA,NA,NA,NA,NA,NA,NA,NA,NA,NA,NA,NA,NA,NA,NA,NA,NA,NA,NA,NA,NA,NA,NA,NA,NA,NA,NA,NA,NA,NA,NA,NA,NA,NA,NA,NA,NA,NA,NA,NA,NA,NA,NA,NA,NA,NA,NA,NA,NA,NA,NA,NA,NA,NA,NA,NA,NA,NA,NA,NA,NA,NA,NA,NA,NA,NA,NA,NA,NA,NA,NA,NA,NA,NA,NA,NA,NA,NA,NA,NA,NA,NA,NA,NA,NA,NA,NA,NA,NA,NA,NA,NA,NA,NA,NA,NA,NA,NA,NA,NA,NA,NA,NA,NA,NA,NA,NA,NA,NA,NA,NA,NA,2.25,2,NA,NA,NA,NA,NA,NA,NA,NA,NA,NA,NA,NA,NA,NA,NA,NA,NA,NA,NA,NA,NA,NA,NA,NA,NA,NA,NA,NA,NA,NA,NA,NA,NA,NA,NA,NA
Reproductive dry mass per plant,NA,NA,NA,NA,NA,NA,NA,NA,NA,NA,NA,NA,NA,NA,NA,NA,NA,NA,NA,NA,NA,NA,NA,NA,NA,NA,NA,NA,NA,NA,NA,NA,NA,0.06,NA,NA,1.49,1.428333333,NA,NA,NA,NA,NA,NA,NA,NA,NA,NA,NA,NA,NA,NA,NA,NA,NA,NA,NA,NA,NA,NA,0,NA,NA,NA,NA,NA,NA,NA,NA,NA,NA,NA,NA,NA,NA,0.114,NA,NA,NA,NA,NA,NA,NA,NA,NA,NA,0.61,0.082,NA,NA,NA,NA,NA,NA,NA,NA,NA,NA,NA,NA,1.472,0.606,NA,0.042,0.899,NA,NA,NA,NA,NA,NA,NA,NA,NA,1.306,NA,NA,1.646,NA,NA,0.308,0.274,NA,NA,NA,NA,NA,NA,NA,NA,NA,NA,NA,NA,NA,NA,NA,NA,NA,NA,NA,NA,NA,2.1,NA,NA,NA,NA,NA,NA,NA,NA,NA,NA,NA,NA,NA,0.892,0.4,NA,NA,NA,NA,NA,NA
Root nitrogen (N) content per dry mass,NA,9.58695122,NA,NA,NA,NA,12.31,NA,NA,15.06,NA,NA,NA,NA,NA,NA,NA,NA,NA,NA,NA,NA,NA,NA,NA,NA,NA,NA,NA,NA,0.87,NA,1.26,NA,NA,NA,1.015714286,NA,NA,NA,NA,NA,NA,NA,NA,NA,NA,NA,NA,16.685,NA,NA,NA,NA,NA,NA,NA,NA,NA,NA,NA,NA,NA,NA,1.52,NA,NA,NA,NA,NA,NA,NA,NA,NA,NA,NA,2.31,NA,NA,19.735,NA,NA,NA,NA,NA,NA,NA,NA,NA,NA,NA,NA,NA,NA,NA,NA,NA,NA,NA,NA,NA,NA,NA,NA,NA,NA,NA,NA,NA,NA,NA,NA,NA,NA,2.3375,NA,NA,NA,NA,NA,NA,NA,NA,NA,NA,0.59,NA,NA,NA,NA,NA,NA,NA,1.07,NA,NA,NA,NA,NA,NA,NA,NA,NA,NA,NA,NA,NA,NA,NA,NA,NA,NA,NA,NA,NA,NA,NA,2.11,2.17,1.48,NA,NA,NA,NA,NA
Rooting depth,NA,40,10,NA,6,8,12,8,NA,NA,NA,NA,NA,8,NA,8,NA,12,8,8,14,NA,16,NA,NA,16,NA,NA,NA,16,NA,14,NA,14,8,16,6.185,NA,10,16,NA,NA,NA,NA,NA,NA,NA,NA,NA,16,16,NA,NA,NA,NA,NA,NA,4,14,6,NA,NA,NA,12,NA,14,NA,NA,NA,10,NA,NA,NA,NA,8,14,14,NA,NA,14,12,10,NA,NA,NA,NA,NA,NA,NA,NA,NA,NA,NA,NA,NA,8,2,NA,NA,NA,10,NA,NA,NA,NA,6,16,NA,NA,16,14,30,16,NA,4,NA,NA,6,10,NA,14,6,NA,NA,NA,10,NA,NA,12,12,12,16,NA,NA,NA,NA,NA,NA,NA,NA,NA,NA,NA,12,8,16,NA,NA,NA,NA,NA,NA,6,NA,NA,NA,NA,12,12,NA,6,NA,NA,16,NA
Seed length,NA,NA,NA,NA,NA,NA,NA,NA,3.28,NA,NA,NA,NA,NA,NA,NA,NA,NA,NA,NA,NA,1.36,NA,5.05,NA,NA,0.9,NA,NA,NA,NA,NA,NA,NA,NA,NA,NA,NA,NA,NA,NA,NA,NA,NA,NA,NA,NA,17.3,NA,NA,NA,2.515,NA,NA,NA,NA,NA,NA,NA,NA,NA,NA,NA,NA,NA,NA,NA,NA,NA,NA,NA,NA,NA,NA,NA,NA,NA,NA,NA,NA,NA,7.2,NA,NA,1.25,1.44,1.03,NA,NA,NA,NA,NA,NA,NA,NA,NA,NA,NA,NA,0.83,1.7,NA,NA,NA,NA,NA,NA,NA,NA,NA,NA,NA,2.95,NA,1.5,NA,NA,NA,NA,NA,NA,NA,NA,NA,NA,NA,NA,NA,NA,NA,NA,NA,NA,NA,NA,NA,NA,NA,NA,NA,2.13,NA,NA,NA,NA,NA,NA,NA,NA,NA,NA,NA,NA,NA,NA,NA,NA,1.94,1.17,NA,NA,NA,NA,NA,NA
Seed mass,0.7,806.275,NA,0.16,62510.975,2666666.727,1000000.04,825000,2.4675,3.99,11.526,29.72666667,2.676666667,NA,11.979,27523.35,8.896666667,NA,21668.905,7645.549412,65000.16,1.291904762,59003.67,28.13545455,NA,198.625,0.07,0.5,2.0125,0.503333333,2.190555556,32002.44833,2.223333333,98624.94143,0.36,0.3675,4800.855169,1.108076923,0.73,350000,NA,0.55,0.518,NA,NA,NA,NA,237.45,0.16,10367.48909,12504.37875,0.116428571,0.45,NA,NA,2.07,7.893548387,21747.77739,5.00E+05,48384.66667,0.939090909,0.76,6.07,4.00E+05,0.638571429,0.33,NA,3.23,5.27,9705.020833,27.9,0.32,NA,NA,NA,116671.3667,7.00E+05,NA,2.233333333,6.7525,2823189.53,0.04,0.2175,1.25,0.28,0.275,0.35952381,9.162857143,29.1425,0.839,NA,68.74,1.275,3.52,0.068,150000.332,750000,NA,0.1825,0.201818182,62545.85545,NA,NA,0.224,1.876666667,78400.412,2063.774444,NA,3.492857143,NA,9000000.21,1.3825,7255.62875,1.146666667,84074.87074,NA,NA,11460.365,20847.24833,8.999411765,15987.84125,13891.04,5.313333333,NA,NA,14847.93089,0.63,23.954,37430.61429,2.8975,67001.102,98600.728,NA,1.5085,NA,NA,NA,0.33,NA,NA,33.59578947,NA,0.088,200000.0804,233333.62,100000.1086,NA,NA,NA,NA,1.67,NA,1325000,NA,16.652,NA,NA,5555.840612,13379.84448,0.1425,75000.05,NA,NA,3684.25,181.184
Seed number per ramet,NA,NA,NA,NA,NA,NA,NA,NA,NA,NA,NA,NA,NA,NA,NA,NA,NA,NA,NA,NA,NA,NA,NA,NA,NA,NA,NA,NA,NA,NA,NA,NA,NA,NA,NA,NA,NA,NA,NA,NA,NA,NA,NA,NA,NA,NA,NA,NA,NA,NA,NA,NA,NA,NA,NA,NA,NA,NA,NA,NA,NA,NA,NA,NA,NA,NA,NA,NA,NA,NA,NA,NA,NA,NA,NA,NA,NA,NA,NA,NA,NA,NA,NA,NA,NA,NA,NA,NA,NA,NA,NA,NA,NA,NA,NA,NA,NA,NA,NA,NA,NA,NA,NA,NA,NA,NA,NA,NA,NA,NA,NA,NA,NA,NA,NA,NA,NA,NA,NA,NA,NA,NA,NA,NA,NA,NA,NA,NA,NA,NA,NA,NA,NA,NA,NA,NA,NA,NA,NA,NA,2,NA,NA,NA,NA,NA,NA,NA,NA,NA,NA,NA,NA,NA,NA,NA,NA,NA,NA,NA,NA,NA,NA,NA,NA
Seed number per reproducton unit,NA,NA,NA,NA,NA,NA,NA,NA,47031.91667,15420.32,409.055,NA,NA,NA,14196.66714,NA,NA,1856092.5,1076.91,22084.835,NA,3593.3,NA,531.9166667,NA,NA,NA,NA,NA,NA,1491.4575,NA,NA,37533.33333,NA,NA,92513.26667,33886.57143,NA,NA,NA,NA,90411.66667,NA,NA,NA,NA,NA,NA,NA,NA,455223.385,NA,NA,NA,NA,7744.30875,2992.466316,NA,91,249.1,NA,NA,NA,46341,NA,NA,NA,NA,NA,NA,NA,NA,NA,NA,4,NA,NA,NA,NA,NA,18789.41667,NA,NA,8156.67,22938.65,297033.595,NA,NA,NA,NA,NA,NA,NA,NA,NA,NA,NA,275.875,692356.75,126922.245,NA,NA,65200,NA,NA,85.95,NA,71375,NA,NA,NA,NA,NA,81747.7225,NA,NA,13362.38,NA,10171,2854,NA,NA,NA,NA,6692.710435,NA,NA,NA,NA,NA,NA,NA,17415.28154,NA,NA,NA,NA,NA,NA,18705.82333,NA,NA,8499.428571,NA,899445,NA,NA,NA,NA,NA,NA,NA,NA,NA,NA,NA,216.452381,17445.98966,10056.43077,NA,NA,NA,NA,19
Seed protein content per mass,NA,NA,NA,NA,16.8,NA,NA,NA,NA,NA,18.4,NA,NA,NA,16.8,NA,NA,NA,NA,33.8,NA,32.63333333,NA,NA,NA,NA,NA,NA,23.8,NA,NA,NA,NA,NA,NA,NA,27.15,24.08666667,NA,NA,NA,NA,NA,NA,NA,NA,NA,NA,NA,21.55,NA,25.2,NA,NA,NA,NA,NA,12.7,NA,NA,NA,NA,NA,NA,NA,NA,NA,NA,NA,20.7,NA,NA,NA,NA,NA,NA,NA,NA,NA,NA,NA,NA,NA,NA,NA,NA,16.3,NA,NA,22.925,NA,NA,NA,NA,13.1,NA,NA,NA,NA,NA,16.65,NA,NA,NA,NA,NA,15.6,NA,19.1,NA,NA,NA,11.7,NA,19.1,NA,NA,NA,NA,NA,NA,NA,NA,NA,NA,19.13333333,NA,NA,NA,NA,NA,NA,NA,12.7,NA,NA,NA,NA,NA,NA,NA,NA,NA,25.1,NA,NA,NA,NA,NA,NA,NA,NA,NA,NA,NA,NA,NA,37.15,35.075,17.8,NA,NA,NA,10.6,45.15
Seed thickness,NA,NA,NA,NA,NA,NA,NA,NA,1.08,NA,NA,NA,NA,NA,NA,NA,NA,NA,NA,NA,NA,1.16,NA,2.75,NA,NA,0.58,NA,NA,NA,NA,NA,NA,NA,NA,NA,NA,NA,NA,NA,NA,NA,NA,NA,NA,NA,NA,2.89,NA,NA,NA,0.35,NA,NA,NA,NA,NA,NA,NA,NA,NA,NA,NA,NA,NA,NA,NA,NA,NA,NA,NA,NA,NA,NA,NA,NA,NA,NA,NA,NA,NA,NA,NA,NA,0.65,0.7,0.29,NA,NA,NA,NA,NA,NA,NA,NA,NA,NA,NA,NA,0.48,1.16,NA,NA,NA,NA,NA,NA,NA,NA,NA,NA,NA,1.25,NA,0.41,NA,NA,NA,NA,NA,NA,NA,NA,NA,NA,NA,NA,NA,NA,NA,NA,NA,NA,NA,NA,NA,NA,NA,NA,NA,0.4,NA,NA,NA,NA,NA,NA,NA,NA,NA,NA,NA,NA,NA,NA,NA,NA,0.97,0.73,NA,NA,NA,NA,NA,NA
Seed width,NA,NA,NA,NA,NA,NA,NA,NA,1.1,NA,NA,NA,NA,NA,NA,NA,NA,NA,NA,NA,NA,1.21,NA,3.54,NA,NA,0.59,NA,NA,NA,NA,NA,NA,NA,NA,NA,NA,NA,NA,NA,NA,NA,NA,NA,NA,NA,NA,8.15,NA,NA,NA,0.44,NA,NA,NA,NA,NA,NA,NA,NA,NA,NA,NA,NA,NA,NA,NA,NA,NA,NA,NA,NA,NA,NA,NA,NA,NA,NA,NA,NA,NA,3.2,NA,NA,1.25,1.27,0.4,NA,NA,NA,NA,NA,NA,NA,NA,NA,NA,NA,NA,0.81,1.25,NA,NA,NA,NA,NA,NA,NA,NA,NA,NA,NA,2.6,NA,0.81,NA,NA,NA,NA,NA,NA,NA,NA,NA,NA,NA,NA,NA,NA,NA,NA,NA,NA,NA,NA,NA,NA,NA,NA,NA,2.08,NA,NA,NA,NA,NA,NA,NA,NA,NA,NA,NA,NA,NA,NA,NA,NA,1.4,1.02,NA,NA,NA,NA,NA,NA
Seedbank lifespan,NA,NA,NA,NA,NA,NA,NA,NA,NA,NA,NA,NA,NA,NA,NA,NA,NA,NA,NA,NA,NA,NA,NA,NA,NA,NA,NA,NA,NA,NA,NA,NA,NA,NA,NA,NA,NA,NA,NA,NA,NA,NA,NA,NA,NA,NA,NA,NA,NA,NA,NA,NA,NA,NA,NA,NA,NA,NA,NA,NA,NA,NA,NA,NA,NA,NA,NA,NA,NA,NA,NA,NA,NA,NA,NA,NA,NA,NA,NA,NA,NA,NA,NA,NA,NA,NA,NA,NA,NA,NA,NA,NA,NA,NA,NA,NA,NA,NA,NA,NA,NA,NA,NA,NA,NA,NA,NA,NA,NA,NA,NA,NA,NA,NA,NA,NA,NA,NA,NA,NA,NA,NA,NA,NA,NA,NA,NA,NA,NA,NA,NA,NA,NA,NA,NA,NA,NA,NA,NA,NA,NA,NA,NA,NA,NA,NA,NA,NA,NA,NA,NA,NA,NA,NA,NA,NA,NA,NA,NA,NA,NA,NA,NA,NA,NA
Species distribution: number of floristic zones,NA,NA,NA,NA,NA,NA,NA,NA,3,5,3,NA,NA,NA,3,NA,NA,5,2,2,NA,3,NA,4,NA,NA,NA,NA,NA,NA,3,NA,NA,6,NA,NA,4,4,NA,NA,NA,NA,3,NA,7,NA,3,3,NA,NA,NA,6,NA,NA,NA,2,4,3,NA,3,4,NA,NA,NA,4,NA,NA,NA,NA,NA,1,NA,NA,NA,NA,3,NA,NA,NA,5,NA,4,NA,NA,2,4,6,NA,NA,3,3,NA,NA,NA,NA,NA,NA,NA,4,2,NA,NA,NA,NA,3,3,NA,NA,3,NA,NA,NA,2,NA,4,NA,NA,NA,NA,NA,NA,NA,NA,NA,NA,4,NA,3,NA,NA,NA,NA,NA,3,NA,NA,NA,NA,NA,NA,4,NA,NA,4,NA,4,NA,NA,NA,NA,NA,NA,NA,7,NA,NA,NA,4,7,4,NA,NA,NA,NA,NA
Stem dry mass per plant,NA,NA,NA,NA,NA,NA,NA,NA,NA,NA,NA,NA,NA,NA,NA,NA,NA,NA,NA,NA,NA,NA,NA,NA,NA,NA,NA,NA,NA,NA,NA,NA,NA,0.3,NA,NA,6.92,3.278333333,NA,NA,NA,NA,NA,NA,NA,NA,NA,NA,NA,NA,NA,NA,NA,NA,NA,NA,NA,NA,NA,NA,0.044,NA,NA,NA,NA,NA,NA,NA,NA,NA,NA,NA,NA,NA,NA,7.264,NA,NA,NA,NA,NA,NA,NA,NA,NA,NA,6.096,0.046,NA,NA,4.016,NA,NA,NA,NA,NA,NA,NA,NA,NA,5.29,3.362,NA,0.16,1.042,NA,NA,NA,NA,NA,NA,NA,NA,NA,0.726,NA,NA,12.264,NA,NA,0.486,2.186,NA,NA,NA,NA,NA,18.27,NA,NA,NA,NA,NA,NA,NA,NA,NA,NA,NA,NA,57.98,NA,NA,7.254,NA,NA,NA,NA,NA,NA,NA,NA,NA,NA,NA,NA,NA,3.33,0.902,NA,NA,NA,NA,NA,NA
Stem length (height),NA,NA,NA,NA,NA,NA,NA,NA,NA,NA,NA,NA,NA,NA,NA,NA,NA,NA,NA,NA,NA,NA,NA,NA,NA,NA,NA,NA,NA,NA,NA,NA,NA,NA,NA,NA,NA,NA,NA,NA,NA,NA,NA,NA,NA,NA,NA,NA,NA,NA,NA,NA,NA,NA,NA,NA,NA,NA,NA,NA,NA,NA,NA,NA,NA,NA,NA,NA,NA,NA,NA,NA,NA,NA,NA,NA,NA,NA,NA,NA,NA,NA,NA,NA,NA,NA,NA,NA,NA,NA,NA,NA,NA,NA,NA,NA,NA,NA,NA,NA,NA,NA,NA,NA,NA,NA,NA,NA,NA,NA,NA,NA,NA,NA,NA,NA,NA,NA,NA,NA,NA,NA,NA,NA,NA,NA,NA,51.5,NA,NA,NA,NA,NA,NA,NA,NA,NA,NA,NA,NA,119.06,NA,NA,NA,NA,NA,NA,NA,NA,NA,NA,NA,NA,NA,NA,NA,NA,NA,NA,NA,NA,NA,NA,NA,NA
Stem nitrogen (N) content per dry mass,NA,0.39,NA,NA,NA,NA,NA,NA,NA,NA,NA,NA,NA,NA,NA,NA,NA,NA,NA,NA,NA,NA,NA,NA,NA,NA,NA,NA,NA,NA,NA,NA,NA,NA,NA,NA,1,NA,NA,NA,NA,NA,NA,NA,NA,NA,NA,NA,NA,NA,NA,NA,NA,NA,NA,NA,NA,NA,NA,NA,NA,NA,NA,NA,1.58,NA,NA,NA,NA,NA,NA,NA,NA,NA,NA,NA,NA,NA,NA,NA,NA,NA,NA,NA,NA,NA,NA,NA,NA,NA,NA,NA,NA,NA,NA,NA,NA,NA,NA,NA,NA,NA,NA,NA,NA,NA,NA,NA,NA,NA,NA,1.31,NA,NA,2.3,NA,NA,NA,NA,NA,NA,NA,NA,NA,NA,0.51,NA,NA,NA,NA,NA,NA,NA,1.33,NA,NA,NA,NA,NA,NA,NA,NA,NA,NA,NA,NA,NA,NA,NA,NA,NA,NA,NA,NA,NA,NA,NA,1.68,2.91,2.31,NA,NA,NA,NA,NA
Stem specific density (SSD),NA,433.56,NA,NA,NA,NA,NA,NA,0.38,NA,NA,NA,NA,NA,NA,NA,NA,NA,NA,0.16,NA,NA,NA,0.15,NA,NA,NA,NA,NA,NA,0.176,NA,NA,NA,NA,NA,0.495,0.13,NA,NA,NA,NA,NA,NA,NA,NA,NA,NA,NA,NA,NA,NA,NA,NA,NA,0.216666667,0.27,NA,NA,NA,NA,NA,NA,NA,0.15,NA,NA,NA,NA,NA,NA,NA,NA,NA,NA,NA,NA,NA,NA,NA,NA,NA,NA,NA,NA,0.232,0.29,NA,NA,NA,NA,NA,NA,NA,NA,NA,NA,NA,NA,NA,NA,NA,NA,NA,NA,NA,NA,NA,NA,NA,NA,NA,NA,NA,NA,NA,NA,NA,NA,NA,NA,NA,NA,NA,NA,NA,NA,237.0533333,NA,NA,NA,NA,NA,NA,NA,NA,NA,NA,NA,NA,0.19,NA,NA,NA,NA,NA,NA,NA,NA,NA,NA,NA,NA,NA,NA,NA,NA,0.23,0.19,0.184166667,NA,NA,NA,NA,0.19
Stomata conductance per leaf area,NA,33.5,NA,NA,NA,NA,513,NA,NA,723.3333333,NA,NA,NA,NA,NA,90,NA,NA,NA,120,NA,NA,NA,NA,NA,134,NA,NA,NA,NA,NA,NA,NA,NA,NA,NA,108.625,NA,NA,NA,NA,NA,NA,NA,NA,NA,NA,NA,NA,NA,NA,NA,NA,NA,NA,NA,NA,113.3333333,NA,NA,NA,NA,NA,NA,113.8571429,NA,NA,NA,NA,NA,NA,NA,NA,NA,NA,NA,NA,NA,NA,150,NA,NA,NA,NA,NA,NA,150,NA,NA,NA,NA,NA,0.3,NA,NA,NA,NA,NA,NA,NA,0.6425,NA,NA,NA,204,NA,NA,NA,NA,NA,0.525,178.42,NA,NA,117.8770588,NA,NA,NA,NA,180,NA,NA,NA,NA,NA,153,NA,440,NA,NA,NA,NA,NA,213.375,NA,NA,NA,0.0975,NA,NA,NA,NA,NA,NA,NA,NA,NA,NA,NA,NA,NA,NA,NA,NA,NA,NA,NA,65.25,139.5,137.375,NA,NA,NA,NA,130
Wood dry mass per plant dry mass,NA,NA,NA,NA,NA,NA,NA,NA,NA,NA,NA,NA,NA,NA,NA,NA,NA,NA,NA,NA,NA,NA,NA,NA,NA,NA,NA,NA,NA,NA,NA,NA,NA,NA,NA,NA,NA,65.144,NA,NA,NA,NA,NA,NA,NA,NA,NA,NA,NA,NA,NA,NA,NA,NA,NA,NA,NA,NA,NA,NA,59.522,NA,NA,NA,NA,NA,NA,NA,NA,NA,NA,NA,NA,NA,NA,86.112,NA,NA,NA,NA,NA,NA,NA,NA,NA,NA,56.324,15.748,NA,NA,40.206,NA,NA,NA,NA,NA,NA,NA,NA,NA,56.452,63.656,NA,57.726,42.685,NA,NA,NA,NA,NA,NA,NA,NA,NA,19.952,NA,NA,75.886,NA,NA,36.254,74.748,NA,NA,NA,NA,NA,NA,NA,NA,NA,NA,NA,NA,NA,NA,NA,NA,NA,NA,NA,NA,NA,50.642,NA,NA,NA,NA,NA,NA,NA,NA,NA,NA,NA,NA,NA,61.538,47.554,NA,NA,NA,NA,NA,NA
Woodiness,NA,NA,NA,NA,NA,NA,NA,NA,NA,NA,NA,NA,NA,NA,NA,NA,NA,NA,NA,NA,NA,NA,NA,NA,NA,NA,NA,NA,NA,NA,NA,NA,NA,NA,NA,NA,NA,NA,NA,NA,NA,NA,NA,NA,NA,NA,NA,NA,NA,NA,NA,NA,NA,NA,NA,NA,NA,NA,NA,NA,NA,NA,NA,NA,NA,NA,NA,NA,NA,NA,NA,NA,NA,NA,NA,NA,NA,NA,NA,NA,NA,NA,NA,NA,NA,NA,NA,NA,NA,NA,NA,NA,NA,NA,NA,NA,NA,NA,NA,NA,NA,NA,NA,NA,NA,NA,NA,NA,NA,NA,NA,0,NA,NA,NA,NA,NA,NA,NA,NA,NA,NA,NA,NA,NA,NA,NA,NA,NA,NA,NA,NA,NA,NA,NA,NA,NA,NA,NA,NA,1.5,NA,NA,NA,NA,NA,NA,NA,NA,NA,NA,NA,NA,NA,NA,NA,NA,NA,NA,NA,NA,NA,NA,NA,NA
