Trait,Alliaria petiolata,Arctium lappa,Artemisia vulgaris,Barbarea vulgaris,Berberis thunbergii,Brassica nigra,Centaurea jacea,Centaurea nigrescens,Centaurea stoebe,Chelidonium majus,Commelina communis,Dactylis glomerata,Daucus carota,Dianthus armeria,Digitaria sanguinalis,Elymus repens,Epipactis helleborine,Euonymus alatus,Galium mollugo,Glechoma hederacea,Hemerocallis fulva,Hypericum perforatum,Leonurus cardiaca,Leucanthemum vulgare,Linaria vulgaris,Lithospermum officinale,Lonicera japonica,Lonicera morrowii,Lotus corniculatus,Lysimachia nummularia,Lythrum salicaria,Malus pumila,Melilotus officinalis,Myosotis scorpioides,Phleum pratense,Plantago lanceolata,Plantago major,Polygonum cuspidatum,Polygonum hydropiper,Polygonum persicaria,Potentilla recta,Rhamnus cathartica,Rosa multiflora,Rubus phoenicolasius,Rumex crispus,Rumex obtusifolius,Salix alba,Salix pentandra,Saponaria officinalis,Securigera varia,Silene vulgaris,Solanum dulcamara,Sonchus oleraceus,Tanacetum vulgare,Trifolium aureum,Trifolium pratense,Trifolium repens,Tussilago farfara,Verbascum thapsus,Vinca minor
Dispersal syndrome,NA,NA,NA,NA,NA,NA,NA,NA,NA,NA,NA,NA,NA,NA,NA,NA,NA,NA,NA,NA,NA,NA,NA,NA,NA,NA,NA,NA,NA,NA,NA,NA,NA,NA,NA,NA,NA,NA,NA,NA,NA,NA,NA,NA,NA,NA,NA,NA,NA,NA,NA,NA,NA,NA,NA,NA,NA,NA,NA,NA
Dispersal unit dry mass,NA,12.13,0.13,NA,NA,NA,2,1.47,1.34,NA,NA,0.87,1.09,NA,0.97,NA,NA,NA,0.53,0.69,NA,NA,1.08,0.38,NA,NA,NA,NA,NA,NA,NA,NA,1.5,0.31,1,NA,NA,NA,NA,NA,0.26,15.09,NA,NA,2.433333333,1.25,NA,NA,NA,4.78,NA,NA,0.356666667,0.11,NA,NA,NA,0.22,NA,NA
Dispersal unit length,NA,19.58,1.46,NA,NA,NA,3,3.06,4.206666667,NA,NA,4.95,3.46,NA,2.656666667,NA,NA,NA,1.22,NA,NA,NA,2.39,2.45,NA,3.13,NA,NA,NA,NA,NA,NA,3.69,1.6,2.226,NA,NA,NA,NA,NA,1.31,6.085,NA,NA,3.59,2.29,NA,NA,NA,6,NA,10,4.073333333,1.9,5.666666667,3.75,4.38,12.06,NA,NA
Dispersal unit thickness,NA,1.53,0.35,NA,NA,NA,1,0.86,0.9,NA,NA,0.896666667,1.1,NA,0.61,NA,NA,NA,1,NA,NA,NA,0.84,NA,NA,2,NA,NA,NA,NA,NA,NA,1.5,0.5,0.88,NA,NA,NA,NA,NA,0.57,5.1,NA,NA,3.19,1.27,NA,NA,NA,2,NA,NA,0.25,NA,NA,NA,NA,0.29,NA,NA
Dispersal unit width,NA,17.55,0.44,NA,NA,NA,1.45,1.5,1.22,NA,NA,1.13,2.703333333,NA,0.98,NA,NA,NA,1.13,NA,NA,NA,1.2,0.83,NA,2,NA,NA,NA,NA,NA,NA,2.25,1.08,0.956,NA,NA,NA,NA,NA,0.95,5.165,NA,NA,3.293333333,1.4,NA,NA,NA,2,NA,10,0.91,0.78,NA,1.65,1.35,0.45,NA,NA
Germination efficiency,NA,NA,NA,NA,NA,NA,NA,NA,NA,NA,NA,NA,NA,NA,NA,NA,NA,NA,NA,NA,NA,NA,NA,NA,NA,NA,NA,NA,NA,NA,NA,NA,NA,NA,NA,NA,NA,NA,NA,NA,NA,NA,NA,NA,NA,NA,NA,NA,NA,NA,NA,NA,NA,NA,NA,NA,NA,NA,NA,NA
Germination requirement,NA,NA,NA,NA,NA,NA,NA,NA,NA,NA,NA,NA,NA,NA,NA,NA,NA,NA,NA,NA,NA,NA,NA,NA,NA,NA,NA,NA,NA,NA,NA,NA,NA,NA,NA,NA,NA,NA,NA,NA,NA,NA,NA,NA,NA,NA,NA,NA,NA,NA,NA,NA,NA,NA,NA,NA,NA,NA,NA,NA
Leaf area,5640.99,26087.22444,2355.522,4750.5,NA,7031.153333,8.793333333,NA,469.6322222,9226,NA,126.350597,11.17058824,232.6333333,294.0333333,1679.43,2089.146364,NA,3.367837838,356.11,NA,38.07,NA,403.42,26.77888889,957.5,NA,NA,7.665454545,273.288,260.4545833,NA,607,1420.933333,40.84573171,275.6309524,2250.62,NA,544.3375,538.3722222,1301.876818,568.902973,5598.666667,NA,6290,21959.21625,475.33,620.966,2165.5,NA,1179.5,1414.892542,7607.666667,1991.315455,410.8233333,74.21464286,35.30244898,14599.04143,13033.82,565
Leaf carbon (C) content per area,NA,NA,NA,NA,NA,NA,NA,NA,NA,NA,NA,42.2,NA,NA,NA,NA,NA,NA,NA,NA,NA,NA,NA,NA,NA,NA,NA,NA,NA,NA,NA,NA,NA,NA,54.2,NA,NA,NA,NA,NA,NA,22,NA,NA,NA,NA,NA,NA,NA,NA,NA,NA,NA,NA,NA,NA,68.66666667,NA,NA,NA
Leaf carbon (C) content per dry mass,NA,NA,424.17,NA,NA,NA,459.93375,NA,NA,NA,NA,340.28,256.506,NA,NA,43.90666667,NA,NA,472.0525,42.81,NA,497,NA,459.2925,46.156,NA,NA,NA,482.7911111,NA,43.862,NA,NA,NA,210.6223077,402.8266667,35.12375,NA,45.322,44.298,NA,43,NA,NA,43.98,285.545,44.33,466.34,NA,NA,NA,45.07,NA,46.817,NA,360.4633333,396.84,38.686,46.28,NA
Leaf carbon/nitrogen (C/N) ratio,11.48,NA,NA,NA,NA,NA,15.21,NA,NA,NA,NA,17.45,22.52666667,NA,NA,14.04428571,NA,NA,14.59,15.6275,NA,NA,NA,NA,27.154,NA,NA,NA,14.09857143,NA,21.78125,NA,NA,NA,28.2,20.8,21.616,NA,19.888,37.688,NA,21.6,NA,NA,13.88,NA,15.87,NA,NA,NA,NA,11.36,NA,25.26571429,NA,11.35571429,10.672,15.068,NA,NA
Leaf density,NA,NA,NA,NA,NA,NA,NA,NA,NA,NA,NA,0.414285714,NA,NA,NA,NA,NA,NA,NA,NA,NA,NA,NA,NA,NA,NA,NA,NA,NA,NA,0.559,NA,NA,NA,0.403333333,NA,NA,NA,NA,NA,NA,NA,NA,NA,NA,NA,NA,NA,NA,NA,NA,0.14,NA,NA,NA,0.469,NA,NA,NA,NA
Leaf dry mass,213.94,1564.205333,132.955,150.325,NA,261.0466667,0.426832298,NA,28.23888889,240.15,NA,5.305396825,0.862264151,13.75666667,8.62,82.64583333,82.75,NA,0.110619469,15.85,NA,2.465,NA,22.54857143,1.02,42.65,NA,NA,0.179625,9.35,10.40809524,NA,46.89,13.88833333,1.556375,32.91173913,63.75714286,NA,10.4,25.57888889,81.37409091,47.894,288.7933333,NA,239.7,924.2216667,60.4,55.602,108.265,NA,63.76,65.95444444,341.135,142.0788889,12.18166667,14.14709677,1.636603774,826.0671429,1350.0075,21.86
Leaf dry mass per plant,NA,NA,NA,NA,NA,NA,NA,NA,NA,NA,NA,11.39,0.36,NA,NA,NA,NA,NA,NA,NA,NA,1.526,NA,NA,1.118,NA,NA,NA,1.016,NA,4.492,NA,NA,NA,0.24,NA,1.68,NA,2.436,0.524,NA,NA,NA,NA,NA,NA,NA,NA,NA,NA,NA,NA,NA,2.066,NA,1.09,0.636,37.622,NA,NA
"Leaf dry mass per plant dry mass (leaf weight ratio, LWR)",NA,NA,NA,NA,NA,NA,0.65,NA,NA,NA,NA,0.521428571,5.52,NA,NA,0.44,NA,NA,NA,0.53,NA,21.85666667,NA,0.71,25.622,NA,NA,NA,18.38,NA,27.33857143,NA,NA,NA,5.436875,0.616153846,12.2825,NA,14.804,40.842,NA,0.43,NA,NA,0.675,0.6,NA,NA,NA,NA,NA,0.5,0.8,28.76285714,NA,12.49125,27.81166667,87.278,0.58,NA
Leaf dry matter content (LDMC),161.3333333,194.3322222,250.6842857,174,NA,128.92,18.51823529,NA,165.4733333,186.5,NA,106.8011392,37.06779661,189.1066667,171.2566667,273.33,183.723,NA,16.71940678,160,NA,198.2716667,NA,134.5354545,68.94772727,213.5,NA,NA,39.2196875,223.0642857,44.40857143,NA,237.6666667,144.3511111,82.70505376,113.3410345,52.5096875,NA,96.11909091,81.568,207.0170833,3.148709677,280.17,NA,105,146.6166667,297.635,250.1766667,199.5,NA,166,38.85953846,118.5,88.547,234.8261538,146.8051111,94.87068966,61.88,183.1771429,195
Leaf fresh mass,NA,NA,NA,NA,NA,NA,0.200566038,NA,NA,NA,NA,0.248163265,0.256938776,NA,NA,NA,NA,NA,0.031775701,NA,NA,0.035714286,NA,NA,0.110714286,NA,NA,NA,0.047662338,NA,0.488,NA,NA,NA,0.111176471,0.285,4.531666667,NA,0.28,0.398,0.22125,NA,NA,NA,NA,NA,NA,NA,NA,NA,NA,NA,NA,2.642,NA,0.49,0.1025,37.6,NA,NA
Leaf lamina thickness,0.15,NA,0.15,NA,NA,NA,NA,NA,NA,NA,NA,0.146666667,NA,NA,NA,NA,NA,NA,NA,NA,NA,0.185,NA,NA,NA,NA,NA,NA,0.205,NA,0.37,NA,NA,0.18,NA,0.273333333,0.28,NA,NA,0.21,NA,0.2,NA,NA,NA,0.26,NA,NA,NA,NA,NA,0.13,0.22,NA,NA,0.14,0.16,0.37,NA,NA
Leaf lifespan,NA,NA,NA,NA,NA,NA,NA,NA,NA,NA,NA,0.836666667,2.73,NA,NA,NA,NA,NA,NA,NA,NA,NA,NA,NA,NA,NA,NA,NA,0.41,NA,NA,NA,NA,NA,2.04,1.166,NA,NA,NA,NA,NA,6.8,NA,NA,NA,NA,NA,NA,NA,NA,NA,NA,NA,NA,NA,NA,2.01,NA,NA,NA
Leaf nitrogen (N) content,NA,NA,0.49,NA,NA,NA,NA,NA,NA,NA,NA,0.235,0.05,NA,NA,0.75,NA,NA,0.06,0.3,NA,NA,NA,0.33,NA,NA,NA,NA,NA,NA,NA,NA,NA,NA,0.2,1.52,NA,NA,NA,NA,NA,6.575,NA,NA,NA,18.08,NA,NA,NA,NA,NA,1.44,NA,5.315,NA,1.635,0.41,NA,17.05,NA
Leaf nitrogen (N) content per area,NA,NA,0.81,NA,NA,NA,NA,NA,NA,NA,NA,1.273333333,1.78,NA,NA,1.01,NA,NA,0.6,1.14,NA,NA,NA,0.93,NA,NA,NA,NA,1.48,NA,83.27,NA,NA,NA,1.013333333,1.316,63.82,NA,NA,NA,NA,1.924,NA,NA,NA,1.34,NA,NA,NA,NA,NA,1.02,NA,1.275,NA,1.6,1.6,NA,1.015,NA
Leaf nitrogen (N) content per dry mass,21.03,NA,23.48,NA,NA,NA,22.31,NA,NA,NA,11.88,14.55021277,13.23538462,NA,1.26,6.63625,NA,NA,25.22833333,7.46125,NA,22.3,NA,15.544,4.026666667,NA,NA,NA,25.59409091,1.71,7.37,17.37,19.14,NA,9.634642857,12.87025641,20.63181818,NA,2.352,1.222,NA,15.693,NA,NA,2.976666667,13.87714286,2.56,29.06,NA,NA,2.64,18.868,19.195,2.235384615,NA,24.915625,30.9675,2.54,2.235,NA
Leaf nitrogen/phosphorus (N/P) ratio,8.8,NA,NA,NA,NA,NA,NA,NA,NA,NA,12.63,10.262,NA,NA,NA,NA,NA,NA,NA,8.326363636,NA,NA,NA,NA,15.32,NA,NA,NA,15.365,6.68,NA,NA,22.31,NA,7.2075,9.32,16.27,NA,NA,NA,NA,15.91,NA,NA,11.5,NA,NA,NA,NA,NA,11.73,11.14,10.09,NA,NA,14.09,NA,10.36,NA,NA
Leaf phosphorus (P) content per area,NA,NA,NA,NA,NA,NA,NA,NA,NA,NA,NA,NA,NA,NA,NA,NA,NA,NA,NA,NA,NA,NA,NA,NA,NA,NA,NA,NA,NA,NA,NA,NA,NA,NA,NA,NA,NA,NA,NA,NA,NA,0.1,NA,NA,NA,NA,NA,NA,NA,NA,NA,0.08,NA,NA,NA,NA,NA,NA,0.17,NA
Leaf phosphorus (P) content per dry mass,2750.595,NA,NA,NA,NA,NA,1.435,NA,NA,NA,855.855,343.20375,2.538,NA,NA,0.974285714,NA,0.35,2.598,2619.708667,NA,NA,NA,1.41,730.73,NA,NA,NA,236.4623529,2560,1.5,NA,780.78,NA,1667.8,101.5768182,0.19,NA,NA,NA,NA,511.8,NA,NA,0.353333333,4.14,0.25,1.68,NA,NA,0.23,581.3706667,1731.73,0.38,NA,131.1276471,2.026153846,2200,0.25,NA
Leaf physical strength,2.22,NA,1.265,NA,NA,NA,NA,NA,NA,NA,NA,82.167,NA,NA,NA,NA,NA,NA,NA,NA,NA,2.6175,NA,NA,NA,NA,NA,NA,1.2225,NA,0.525,NA,NA,0.875,NA,1.593333333,1.18,NA,NA,0.94,NA,2.09,NA,NA,NA,29.41333333,NA,NA,NA,NA,NA,1.535,0.465,NA,NA,2.105,4.392857143,0.69,NA,NA
Leaf porosity,NA,NA,NA,NA,NA,NA,NA,NA,NA,NA,NA,NA,NA,NA,NA,22.66666667,NA,NA,NA,14,NA,NA,NA,NA,NA,NA,NA,NA,NA,NA,NA,NA,NA,NA,NA,NA,NA,NA,NA,NA,NA,NA,NA,NA,11,NA,8,NA,NA,NA,NA,14,NA,25,NA,NA,NA,NA,NA,NA
Leaf potassium (K) content per area,NA,NA,NA,NA,NA,NA,NA,NA,NA,NA,NA,NA,NA,NA,NA,NA,NA,NA,NA,NA,NA,NA,NA,NA,NA,NA,NA,NA,NA,NA,NA,NA,NA,NA,NA,NA,NA,NA,NA,NA,NA,0.56,NA,NA,NA,NA,NA,NA,NA,NA,NA,0.6,NA,NA,NA,NA,NA,NA,NA,NA
Leaf potassium (K) content per dry mass,NA,NA,NA,NA,NA,NA,NA,NA,NA,NA,NA,NA,10.784,NA,NA,NA,NA,8.5,NA,NA,NA,NA,NA,NA,NA,NA,NA,NA,NA,NA,NA,NA,NA,NA,NA,NA,NA,10.29333333,NA,NA,NA,7.136666667,NA,NA,NA,NA,NA,NA,NA,NA,NA,17.43,NA,NA,NA,NA,NA,NA,NA,NA
Leaf respiration per dry mass,NA,NA,NA,NA,NA,NA,NA,NA,NA,NA,NA,NA,NA,NA,NA,NA,NA,NA,NA,NA,NA,NA,NA,NA,NA,NA,NA,NA,NA,NA,NA,NA,NA,NA,NA,24.13692308,25.49692308,NA,NA,NA,NA,NA,NA,NA,NA,NA,NA,NA,NA,NA,NA,NA,NA,NA,NA,NA,NA,NA,NA,NA
Leaf specific area (SLA),41.94666667,17.33111111,46.13692308,26.65,NA,26.26,23.07365079,NA,22.26222222,43.41555556,NA,52.17337838,28.13317647,15.348,46.908,3085.376486,74.57533333,62,34.49169231,2495.267143,NA,77.0872093,NA,38.015,57.92230769,21.85,120.24,NA,35.45587786,30.86333333,128.9616129,NA,19.375,44.1365,71.20378378,51.06269231,73.34719101,144.36,199.1263636,68.86478261,16.40916667,46.76952381,38.11,NA,2569.289412,48.77483871,1068.273333,39.94,23.35,NA,20.48181818,748.933,71.00789474,813.9280645,37.06307692,81.04977528,50.88778846,58.84214286,64.79333333,45.43571429
Leaf texture (sclerophylly),NA,NA,NA,NA,NA,NA,NA,NA,NA,NA,NA,NA,NA,NA,NA,NA,NA,NA,NA,NA,NA,NA,NA,NA,NA,NA,NA,NA,NA,NA,NA,NA,NA,NA,NA,NA,NA,0.2,NA,NA,NA,NA,0.03,NA,NA,0.315,NA,NA,NA,NA,NA,0.1,NA,NA,NA,NA,NA,NA,NA,NA
Leaf thickness,NA,NA,NA,NA,NA,NA,NA,NA,NA,NA,NA,0.11,NA,NA,NA,NA,0.12,NA,NA,NA,NA,0.08,NA,NA,NA,NA,NA,NA,NA,NA,0.15,NA,NA,NA,77.55125,346.75,221.042,NA,NA,0.17,NA,130.92,NA,NA,NA,NA,NA,NA,NA,NA,NA,89.64666667,NA,NA,NA,0.14,NA,NA,NA,NA
Leaf type,NA,NA,NA,NA,NA,NA,NA,NA,NA,NA,NA,NA,NA,NA,NA,NA,NA,NA,NA,NA,NA,NA,NA,NA,NA,NA,NA,NA,NA,NA,NA,NA,NA,NA,NA,NA,NA,NA,NA,NA,NA,NA,NA,NA,NA,NA,NA,NA,NA,NA,NA,NA,NA,NA,NA,NA,NA,NA,NA,NA
Metamorphoses and morphological adaptations: seed or dispersal unit,NA,NA,NA,NA,NA,NA,NA,NA,NA,NA,NA,NA,NA,NA,NA,NA,NA,NA,NA,NA,NA,NA,NA,NA,NA,NA,NA,NA,NA,NA,NA,NA,NA,NA,NA,NA,NA,NA,NA,NA,NA,NA,NA,NA,NA,NA,NA,NA,NA,NA,NA,0,NA,NA,NA,NA,NA,NA,NA,NA
Mycorrhizal type,NA,NA,NA,NA,NA,NA,NA,NA,NA,NA,NA,NA,NA,NA,NA,NA,NA,NA,NA,NA,NA,NA,NA,NA,NA,NA,NA,NA,NA,NA,NA,NA,NA,NA,NA,NA,NA,NA,NA,NA,NA,NA,NA,NA,NA,NA,NA,NA,NA,NA,NA,NA,NA,NA,NA,NA,NA,NA,NA,NA
Nitrogen fixation capacity,NA,NA,NA,NA,NA,NA,NA,NA,NA,NA,NA,NA,NA,NA,NA,NA,NA,NA,NA,NA,NA,NA,NA,NA,NA,NA,NA,NA,NA,NA,NA,NA,NA,NA,NA,NA,NA,NA,NA,NA,NA,NA,NA,NA,NA,NA,NA,NA,NA,NA,NA,NA,NA,NA,NA,NA,NA,NA,NA,NA
Phenology: reproductive,5,7.5,65.5,64,5,54,175.1,8,8,7,NA,134.3062963,145.93,7,8.5,NA,7,NA,87.2,53.33333333,7.5,140.2857143,7.5,137.7,8,6,NA,NA,126.0833333,6,8,NA,7.5,7,137.375,120.1428571,113.25,NA,NA,NA,6.5,5.5,6.5,NA,7,88.2,4.5,5.5,7.5,7,7,5.875,8,8,84.33333333,143.3157895,130.9047619,3.5,95,4.5
Phenology: vegetative,NA,NA,NA,NA,NA,NA,NA,NA,NA,NA,NA,NA,NA,NA,NA,NA,NA,NA,NA,NA,NA,NA,NA,NA,NA,NA,NA,NA,NA,NA,NA,NA,NA,NA,NA,NA,NA,NA,NA,NA,NA,NA,NA,NA,NA,NA,NA,NA,NA,NA,NA,4,NA,NA,NA,NA,NA,NA,NA,NA
Photosynthesis leaf intercellular CO2 concentration,NA,NA,306,NA,NA,NA,NA,NA,NA,NA,NA,186.75,NA,NA,NA,NA,NA,NA,NA,219,NA,NA,NA,NA,NA,NA,NA,NA,211.875,NA,352,NA,NA,NA,NA,251.4636364,273.5275,NA,NA,NA,NA,118.8825,NA,NA,NA,258.875,NA,NA,NA,NA,NA,NA,NA,NA,NA,189.125,215.375,NA,NA,NA
Photosynthesis net assimilytion rate (NAR),NA,NA,NA,NA,NA,NA,0,NA,NA,NA,NA,0.242857143,3.17,NA,NA,0,NA,NA,NA,0,NA,0,NA,0,NA,NA,NA,NA,0,NA,0,NA,NA,NA,0,2.911538462,1.996666667,NA,NA,NA,NA,0,NA,NA,0,0,NA,NA,NA,NA,NA,0,0,0,NA,0,0,NA,0,NA
Photosynthesis per leaf area,NA,NA,6.766666667,NA,NA,NA,NA,NA,NA,NA,NA,8.49,15.53,NA,NA,NA,NA,NA,NA,6.1,NA,NA,NA,NA,NA,NA,NA,NA,5.975,NA,8.21,NA,NA,NA,5.78,12.2975,11.8555,NA,NA,NA,NA,10.84666667,NA,NA,NA,5.9875,NA,NA,NA,NA,NA,NA,NA,NA,NA,5.025,11.51611111,NA,NA,NA
Photosynthesis per leaf dry mass,NA,NA,NA,NA,NA,NA,NA,NA,NA,NA,NA,64.895,275.76,NA,NA,NA,NA,NA,NA,NA,NA,NA,NA,NA,NA,NA,NA,NA,NA,NA,99.3,NA,NA,NA,139.014,320.4385714,260.7757143,NA,NA,NA,NA,45.08333333,NA,NA,NA,NA,NA,NA,NA,NA,NA,NA,NA,NA,NA,NA,456.174,NA,NA,NA
Plant age of maturity (first flowering),NA,NA,NA,NA,NA,NA,NA,NA,NA,NA,NA,1,NA,NA,NA,NA,NA,NA,NA,NA,NA,NA,NA,NA,NA,NA,NA,NA,NA,NA,NA,NA,NA,NA,NA,NA,NA,NA,NA,NA,NA,NA,NA,NA,NA,NA,NA,NA,NA,NA,NA,NA,NA,NA,NA,NA,NA,NA,NA,NA
Plant growth form,NA,NA,NA,NA,NA,NA,NA,NA,NA,NA,NA,NA,NA,NA,NA,NA,NA,NA,NA,NA,NA,NA,NA,NA,NA,NA,NA,NA,NA,NA,NA,NA,NA,NA,NA,NA,NA,NA,NA,NA,NA,NA,NA,NA,NA,NA,NA,NA,NA,NA,NA,1,NA,NA,NA,NA,NA,NA,NA,NA
Plant height generative,0.7,1.0775,365.13,0.6,NA,11.01,15.97153846,0.65,NA,0.566666667,NA,266.5557143,13.62272727,0.45,0.38,1.35,0.5,NA,30.91666667,0.2,1.05,0.59,0.65,16.975,0.526666667,0.65,NA,NA,5.342222222,0.3,0.85,NA,0.475,0.3,NA,16.69333333,0.176666667,NA,0.476666667,0.483333333,0.43,NA,1.5,NA,24.35,0.825,18,8,0.583333333,NA,0.483333333,1.15,0.783333333,0.733333333,0.3525,17.31083333,53.11083333,0.163333333,1.1,0.18
Plant height vegetative,0.37,1.073333333,328.6216667,14.145,4.666666667,54.02571429,56.03022599,0.6,NA,0.466666667,NA,89.9859633,44.70802817,0.376666667,0.19,0.91,NA,NA,32.06601695,29.44470588,0.53,40.284,0.65,26.62888889,44.375,0.5,1,NA,33.14206349,0.45,40.785625,10,2.383333333,0.585,51.51411765,20.19819444,10.3973913,NA,79.425,32.01071429,19.92727273,6.033333333,1.5,2,0.546,24.4875,24.66363636,16.75,0.895,NA,0.27,31.578,20.826,86.77823529,4.868,35.8957377,30.93214286,42.87181818,19.6875,0.493333333
Plant lifespan,NA,NA,NA,NA,NA,NA,NA,NA,NA,NA,NA,NA,NA,NA,NA,NA,NA,NA,NA,NA,NA,NA,NA,NA,NA,NA,NA,NA,NA,NA,NA,NA,NA,NA,NA,NA,NA,NA,NA,NA,NA,NA,NA,NA,NA,NA,162.5,NA,NA,NA,NA,NA,NA,NA,NA,NA,NA,NA,NA,NA
Plant relative growth rate (RGR),NA,NA,0.07,NA,NA,NA,0.21,NA,NA,NA,NA,0.1925,0.27,NA,NA,0.21,NA,NA,NA,0.23,NA,0.21,NA,0.22,NA,NA,NA,NA,0.1075,NA,0.2275,NA,NA,NA,0.2,0.168947368,0.18,NA,NA,NA,NA,0.076,NA,NA,0.26,0.16,NA,NA,NA,NA,NA,0.23,0.21,0.02,NA,0.125,0.106666667,NA,0.23,NA
Plant tolerance to drought,NA,NA,NA,NA,3.5,NA,NA,NA,NA,NA,NA,NA,NA,NA,NA,NA,NA,2,NA,NA,NA,NA,NA,NA,NA,NA,NA,NA,NA,NA,NA,3.13,NA,NA,NA,NA,NA,NA,NA,NA,NA,3.46,NA,2.5,NA,NA,2,0.53,NA,NA,NA,NA,NA,NA,NA,NA,NA,NA,NA,NA
Plant tolerance to frost,NA,NA,NA,NA,76,NA,NA,NA,NA,NA,NA,43.5,NA,NA,NA,23.5,NA,NA,NA,NA,NA,NA,NA,51,NA,NA,58.5,NA,28.5,NA,NA,NA,36,48.5,26,NA,23.5,NA,86,71,NA,NA,NA,NA,NA,NA,33.5,41,56,NA,NA,NA,NA,NA,NA,48,55.5,NA,NA,48.5
Plant tolerance to human impact,3,2,3,3,2,2,2,3,3,2,NA,2,3,2,2,NA,2,NA,3,3,3,5,2,2,4,2,NA,NA,3,3,2,NA,2,3,2,3,2,NA,NA,NA,3,2,2,NA,3,2,3,2,4,2,2,5,2,2,3,2,3,4,3,2
Plant tolerance to planting density,NA,NA,NA,NA,525,NA,NA,NA,NA,NA,NA,NA,NA,NA,NA,31280,NA,NA,NA,NA,NA,NA,NA,NA,NA,NA,7900,NA,NA,NA,NA,NA,NA,7900,NA,NA,14500,NA,NA,NA,NA,NA,NA,NA,NA,NA,300,225,3750,NA,NA,NA,NA,NA,NA,NA,NA,NA,NA,10850
Plant tolerance to precipitation,NA,NA,NA,NA,45,NA,NA,NA,NA,NA,NA,48.5,NA,NA,NA,44.5,NA,NA,NA,NA,NA,NA,NA,40,NA,NA,42,NA,46.5,NA,NA,NA,41.5,39.5,47.5,NA,38,NA,42,37,NA,NA,NA,NA,NA,NA,55,37.5,38.5,NA,NA,NA,NA,NA,NA,48.5,47,NA,NA,45
Plant tolerance to shade,NA,NA,NA,NA,1.5,NA,NA,NA,NA,NA,NA,NA,NA,NA,NA,NA,NA,4.33,NA,NA,NA,NA,NA,NA,NA,NA,NA,NA,NA,NA,NA,2.17,NA,NA,NA,NA,NA,NA,NA,NA,NA,1.93,NA,1.83,NA,NA,1.99,1.93,NA,NA,NA,NA,NA,NA,NA,NA,NA,NA,NA,NA
Plant tolerance to soil pH,NA,NA,NA,NA,6.35,NA,NA,NA,NA,NA,NA,6.25,NA,NA,NA,6.5,NA,NA,NA,NA,NA,NA,NA,6.1,NA,NA,6.35,NA,6.35,NA,NA,NA,6.5,6.5,6.4,NA,6.05,NA,6.25,6.25,NA,NA,NA,NA,NA,NA,6.15,7,6,NA,NA,NA,NA,NA,NA,6.75,6.75,NA,NA,6.6
Plant tolerance to waterlogging,NA,NA,NA,NA,1.5,NA,NA,NA,NA,NA,NA,NA,NA,NA,NA,NA,NA,2,NA,NA,NA,NA,NA,NA,NA,NA,NA,NA,NA,NA,NA,1.52,NA,NA,NA,NA,NA,NA,NA,NA,NA,2.25,NA,1,NA,NA,4.1,3.95,NA,NA,NA,NA,NA,NA,NA,NA,NA,NA,NA,NA
Reproductive dry mass per plant,NA,NA,NA,NA,NA,NA,NA,NA,NA,NA,NA,1.49,1.428333333,NA,NA,NA,NA,NA,NA,NA,NA,1.57,NA,NA,1.094,NA,NA,NA,1.192,NA,0.61,NA,NA,NA,0.082,NA,1.306,NA,1.646,0.308,NA,NA,NA,NA,NA,NA,NA,NA,NA,NA,NA,NA,NA,0.49,NA,0.892,0.4,NA,NA,NA
Root nitrogen (N) content per dry mass,NA,NA,NA,NA,NA,NA,1.13,NA,NA,NA,NA,1.015714286,NA,NA,NA,NA,NA,NA,NA,1.52,NA,NA,NA,NA,NA,NA,NA,NA,2.12,NA,NA,NA,NA,NA,0.99,4.415,2.3375,NA,NA,NA,NA,NA,NA,NA,0.38,1.07,NA,NA,NA,NA,NA,NA,NA,NA,NA,2.11,2.17,NA,NA,NA
Rooting depth,NA,NA,NA,NA,18,NA,NA,NA,NA,NA,NA,6.185,NA,NA,NA,14,NA,NA,NA,NA,NA,NA,NA,8,NA,NA,10,NA,14,NA,NA,NA,16,8,10,NA,4,NA,6,14,NA,NA,NA,NA,NA,NA,24,12,10,NA,NA,NA,0.31,NA,NA,12,12,NA,NA,8
Seed length,3.28,NA,NA,1.56,NA,1.36,NA,NA,NA,1.36,NA,NA,NA,1.3,NA,NA,0.97,NA,NA,NA,NA,1.16,NA,NA,1.633333333,NA,NA,NA,1.48,1.25,1.03,NA,2.19,NA,NA,2.84,1.5,NA,NA,NA,NA,NA,NA,NA,NA,NA,0.9,1.73,1.92,3.71,1.42,2.13,NA,NA,1.18,1.94,1.17,NA,0.86,NA
Seed mass,2.4675,11.979,0.157857143,0.599,4520.9,1.291904762,1.441333333,2.61,NA,0.739375,8.48,4800.855169,1.108076923,0.501818182,0.518,11002.438,0,17.28833333,0.67,0.638571429,27.9,0.139756098,0.961111111,8000.3804,0.160454545,12.32428571,14001.44,2.98,5521.230896,0.28,0.35952381,22.4,8343.458065,32143.12,36350.39,1.492333333,84074.87074,1.88,11460.365,15987.84125,0.252222222,23.954,7.796,NA,1.6768,1.5085,0.12,2250000.135,9616.916923,3.306666667,1.3124,33.59578947,0.3075,0.169259259,0.335,5555.840612,13379.84448,0.314666667,0.094347826,6.13
Seed number per ramet,NA,NA,NA,NA,NA,NA,NA,NA,NA,NA,NA,NA,NA,NA,NA,NA,NA,NA,NA,NA,NA,NA,NA,NA,NA,NA,NA,NA,NA,NA,NA,NA,NA,NA,NA,NA,NA,NA,NA,NA,NA,NA,NA,NA,NA,NA,NA,NA,NA,NA,NA,2,NA,NA,NA,NA,NA,NA,NA,NA
Seed number per reproducton unit,47031.91667,14196.66714,271682.6667,59202.2925,NA,3593.3,3253.66087,NA,NA,41752.92933,NA,92513.26667,33886.57143,846.8,90411.66667,2118.05,6849473.175,NA,53083.1,46341,NA,163298.8588,69732,1773.192,74545.22333,1,NA,NA,9324.727273,8156.67,297033.595,NA,27705.66571,20527.56,23258.15,10922.7625,81747.7225,NA,13362.38,2854,54337.75,NA,7,NA,17801.28933,17415.28154,49581.33333,56840.4,29080.55,NA,2066.02125,18705.82333,40193.6,273721.4767,82470.82667,216.452381,17445.98966,6953.1,652624.8511,2.5
Seed protein content per mass,NA,16.8,NA,15.6,NA,32.63333333,NA,NA,NA,NA,NA,27.15,24.08666667,NA,NA,NA,NA,20.5,NA,NA,NA,19.4,17,NA,NA,NA,21,NA,36.18,NA,16.3,NA,37.93333333,NA,20.65,17.46666667,19.1,NA,NA,NA,17.5,NA,NA,NA,15.1,12.7,NA,NA,16.6,33.225,18.1,NA,18.8,28.9,NA,37.15,35.075,NA,NA,NA
Seed thickness,1.08,NA,NA,0.7,NA,1.16,NA,NA,NA,0.88,NA,NA,NA,0.34,NA,NA,NA,NA,NA,NA,NA,0.37,NA,NA,0.35,NA,NA,NA,1.05,0.65,0.29,NA,0.98,NA,NA,0.75,0.41,NA,NA,NA,NA,NA,NA,NA,NA,NA,0.25,0.4,0.65,1.1,0.87,0.4,NA,NA,0.68,0.97,0.73,NA,0.42,NA
Seed width,1.1,NA,NA,1.25,NA,1.21,NA,NA,NA,0.81,NA,NA,NA,0.81,NA,NA,0.27,NA,NA,NA,NA,0.42,NA,NA,1.353333333,NA,NA,NA,1.22,1.25,0.4,NA,1.42,NA,NA,1.39,0.81,NA,NA,NA,NA,NA,NA,NA,NA,NA,0.25,0.4,1.58,1.42,1.22,2.08,NA,NA,0.92,1.4,1.02,NA,0.48,NA
Seedbank lifespan,NA,NA,NA,NA,NA,NA,NA,NA,NA,NA,NA,NA,NA,NA,NA,NA,NA,NA,NA,NA,NA,NA,NA,NA,NA,NA,NA,NA,NA,NA,NA,NA,NA,NA,NA,NA,NA,NA,NA,NA,NA,NA,NA,NA,NA,NA,NA,NA,NA,NA,NA,NA,NA,NA,NA,NA,NA,NA,NA,NA
Species distribution: number of floristic zones,3,3,4,4,2,3,3,2,2,4,NA,4,4,2,3,NA,4,NA,2,4,1,4,3,3,4,3,NA,NA,4,2,6,NA,4,3,4,4,4,NA,NA,NA,2,3,2,NA,4,3,3,3,2,3,4,4,4,4,2,4,7,4,4,2
Stem dry mass per plant,NA,NA,NA,NA,NA,NA,NA,NA,NA,NA,NA,6.92,3.278333333,NA,NA,NA,NA,NA,NA,NA,NA,3.538,NA,NA,2.146,NA,NA,NA,2.992,NA,6.096,NA,NA,NA,1.09,NA,0.726,NA,12.264,0.486,NA,18.27,NA,NA,NA,NA,NA,NA,NA,NA,NA,57.98,NA,2.686,NA,3.33,0.902,5.704,NA,NA
Stem length (height),NA,NA,NA,NA,NA,NA,NA,NA,NA,NA,NA,NA,NA,NA,NA,NA,NA,NA,NA,NA,NA,NA,NA,NA,NA,NA,NA,NA,NA,NA,NA,NA,NA,NA,NA,NA,NA,NA,NA,NA,NA,51.5,NA,NA,NA,NA,NA,NA,NA,NA,NA,119.06,NA,NA,NA,NA,NA,NA,NA,NA
Stem nitrogen (N) content per dry mass,NA,NA,NA,NA,NA,NA,0.5,NA,NA,NA,NA,1,NA,NA,NA,NA,NA,NA,NA,1.58,NA,NA,NA,NA,NA,NA,NA,NA,2.29,NA,NA,NA,NA,NA,NA,2.3925,2.3,NA,NA,NA,NA,NA,NA,NA,0.76,1.33,NA,NA,NA,NA,NA,NA,NA,NA,NA,1.68,2.91,NA,NA,NA
Stem specific density (SSD),0.38,NA,NA,NA,NA,NA,0.27,NA,NA,NA,NA,0.495,0.13,NA,NA,0.344285714,NA,NA,0.34,0.15,NA,NA,NA,NA,NA,NA,NA,NA,0.311428571,NA,0.29,320.325,NA,NA,0.42,0.176666667,NA,NA,NA,NA,NA,237.0533333,NA,NA,0.35,NA,119.41,NA,NA,NA,NA,0.19,NA,0.42,NA,0.23,0.19,NA,NA,NA
Stomata conductance per leaf area,NA,NA,416,NA,NA,NA,NA,NA,NA,NA,NA,108.625,NA,NA,NA,NA,NA,NA,NA,113.8571429,NA,NA,NA,NA,NA,NA,NA,NA,92.375,NA,150,NA,NA,NA,NA,231.75,117.8770588,NA,NA,NA,NA,440,NA,NA,NA,213.375,NA,NA,NA,NA,NA,NA,NA,NA,NA,65.25,139.5,NA,NA,NA
Wood dry mass per plant dry mass,NA,NA,NA,NA,NA,NA,NA,NA,NA,NA,NA,NA,65.144,NA,NA,NA,NA,NA,NA,NA,NA,50.672,NA,NA,49.186,NA,NA,NA,57.146,NA,56.324,NA,NA,NA,77.828,NA,19.952,NA,75.886,36.254,NA,NA,NA,NA,NA,NA,NA,NA,NA,NA,NA,NA,NA,50.468,NA,61.538,47.554,12.722,NA,NA
Woodiness,NA,NA,NA,NA,NA,NA,NA,NA,NA,NA,NA,NA,NA,NA,NA,NA,NA,NA,NA,NA,NA,NA,NA,NA,NA,NA,NA,NA,NA,NA,NA,NA,NA,NA,NA,NA,NA,NA,NA,NA,NA,NA,NA,NA,NA,NA,NA,NA,NA,NA,NA,1.5,NA,NA,NA,NA,NA,NA,NA,NA
