Trait,Abies balsamea,Acer negundo,Acer pensylvanicum,Acer rubrum,Acer saccharinum,Acer saccharum,Acer spicatum,Ageratina altissima,Agrimonia gryposepala,Agrostis perennans,Alnus incana,Ambrosia trifida,Amphicarpaea bracteata,Anemone virginiana,Apocynum cannabinum,Arisaema triphyllum,Asclepias syriaca,Athyrium filix-femina,Betula alleghaniensis,Betula papyrifera,Bidens connata,Bidens frondosa,Blephilia hirsuta,Boehmeria cylindrica,Bromus ciliatus,Bromus pubescens,Carex crinita,Carex scoparia,Carpinus caroliniana,Carya cordiformis,Carya ovata,Cephalanthus occidentalis,Chelone glabra,Cicuta maculata,Cinna arundinacea,Circaea lutetiana,Clematis virginiana,Clinopodium vulgare,Collinsonia canadensis,Cornus amomum,Cornus canadensis,Cornus rugosa,Cornus sericea,Corylus cornuta,Cryptotaenia canadensis,Cyperus strigosus,Dichanthelium clandestinum,Dioscorea villosa,Dryopteris carthusiana,Dryopteris cristata,Echinocystis lobata,Eleocharis intermedia,Elymus hystrix,Elymus trachycaulus,Elymus virginicus,Epilobium ciliatum,Equisetum fluviatile,Equisetum hyemale,Equisetum palustre,Equisetum pratense,Erigeron annuus,Eupatorium perfoliatum,Euphorbia maculata,Euthamia graminifolia,Fagus grandifolia,Fragaria vesca,Fraxinus americana,Fraxinus nigra,Fraxinus pennsylvanica,Galium aparine,Galium asprellum,Galium boreale,Galium palustre,Galium triflorum,Geum canadense,Glyceria striata,Hamamelis virginiana,Helianthus strumosus,Helianthus tuberosus,Hypericum mutilum,Hypericum punctatum,Impatiens capensis,Impatiens pallida,Juglans cinerea,Juglans nigra,Juncus articulatus,Juncus filiformis,Laportea canadensis,Lindera benzoin,Liparis loeselii,Lobelia cardinalis,Lobelia inflata,Lobelia siphilitica,Ludwigia palustris,Lycopus americanus,Lycopus rubellus,Lysimachia ciliata,Lysimachia quadrifolia,Lysimachia terrestris,Maianthemum racemosum,Matteuccia struthiopteris,Mimulus ringens,Mitchella repens,Monotropa uniflora,Muhlenbergia mexicana,Myosotis laxa,Myrica gale,Oenothera biennis,Onoclea sensibilis,Osmunda cinnamomea,Osmunda regalis,Ostrya virginiana,Oxalis stricta,Panicum dichotomiflorum,Parthenocissus quinquefolia,Peltandra virginica,Phalaris arundinacea,Phegopteris connectilis,Phegopteris hexagonoptera,Pilea pumila,Pinus strobus,Platanus occidentalis,Polygonum amphibium,Polygonum hydropiperoides,Polygonum punctatum,Polygonum sagittatum,Polygonum virginianum,Polystichum acrostichoides,Populus deltoides,Potentilla simplex,Prenanthes alba,Prunella vulgaris,Prunus americana,Prunus serotina,Prunus virginiana,Pteridium aquilinum,Quercus alba,Quercus velutina,Ranunculus pensylvanicus,Ranunculus recurvatus,Rhamnus alnifolia,Rhus typhina,Robinia pseudoacacia,Rosa palustris,Rubus allegheniensis,Rubus hispidus,Rubus idaeus,Rubus occidentalis,Rubus odoratus,Rubus pubescens,Rudbeckia hirta,Rudbeckia laciniata,Sagittaria latifolia,Salix nigra,Schoenoplectus pungens,Scirpus atrocinctus,Scirpus microcarpus,Scutellaria lateriflora,Solidago altissima,Solidago canadensis,Solidago flexicaulis,Solidago gigantea,Spiraea alba,Symphyotrichum lanceolatum,Symphyotrichum prenanthoides,Symplocarpus foetidus,Thalictrum dioicum,Thalictrum pubescens,Thelypteris noveboracensis,Thelypteris palustris,Thuja occidentalis,Tilia americana,Toxicodendron radicans,Trillium erectum,Tsuga canadensis,Ulmus americana,Ulmus rubra,Veratrum viride,Verbena hastata,Verbena urticifolia,Veronica americana,Veronica anagallis-aquatica,Veronica scutellata,Viburnum acerifolium,Viburnum dentatum,Viburnum lantanoides,Vitis riparia,Xanthium strumarium
Dispersal syndrome,NA,NA,NA,NA,NA,NA,NA,NA,NA,NA,NA,NA,NA,NA,NA,NA,NA,NA,NA,NA,NA,NA,NA,NA,NA,NA,NA,NA,NA,NA,NA,NA,NA,NA,NA,NA,NA,NA,NA,NA,NA,NA,NA,NA,NA,NA,NA,NA,NA,NA,NA,NA,NA,NA,NA,NA,NA,NA,NA,NA,NA,NA,NA,NA,NA,NA,NA,NA,NA,NA,NA,NA,NA,NA,NA,NA,NA,NA,NA,NA,NA,NA,NA,NA,NA,NA,NA,NA,NA,NA,NA,NA,NA,NA,NA,NA,NA,NA,NA,NA,NA,NA,NA,NA,NA,NA,NA,NA,NA,NA,NA,NA,NA,NA,NA,NA,NA,NA,NA,NA,NA,NA,NA,NA,NA,NA,NA,NA,NA,NA,NA,NA,NA,NA,NA,NA,NA,NA,NA,NA,NA,NA,NA,NA,NA,NA,NA,NA,NA,NA,NA,NA,NA,NA,NA,NA,NA,NA,NA,NA,NA,NA,NA,NA,NA,NA,NA,NA,NA,NA,NA,NA,NA,NA,NA,NA,NA,NA,NA,NA,NA,NA,NA,NA,NA,NA,NA,NA
Dispersal unit dry mass,NA,41.21,NA,NA,NA,NA,NA,NA,NA,NA,0.55,17.12,NA,NA,NA,NA,NA,NA,NA,NA,NA,3.3,NA,NA,NA,NA,NA,NA,NA,NA,NA,NA,NA,NA,NA,1.97,NA,0.49,NA,NA,NA,NA,NA,NA,NA,NA,NA,NA,NA,NA,NA,NA,NA,NA,NA,NA,NA,NA,NA,NA,NA,NA,NA,NA,NA,0.34,NA,NA,NA,8.34,NA,0.61,0.91,NA,NA,0.26,NA,NA,NA,NA,NA,NA,NA,NA,NA,NA,NA,NA,NA,NA,NA,NA,NA,NA,NA,NA,NA,NA,NA,NA,NA,NA,NA,NA,NA,0.24,1.56,NA,NA,NA,NA,NA,NA,NA,NA,NA,0.71,NA,NA,NA,NA,NA,NA,NA,NA,NA,NA,NA,NA,NA,NA,0.67,NA,NA,NA,NA,NA,NA,NA,NA,NA,NA,NA,NA,NA,NA,1.45,NA,0.99,NA,NA,2.83,NA,NA,NA,NA,NA,NA,NA,0.06,NA,0.06,NA,NA,NA,NA,NA,NA,NA,NA,NA,NA,NA,NA,NA,NA,NA,NA,NA,NA,NA,NA,NA,NA,NA,NA,NA,NA
Dispersal unit length,NA,30.13333333,NA,NA,NA,NA,NA,NA,NA,NA,2.7,6.75,NA,NA,NA,NA,NA,NA,NA,NA,NA,9.356666667,NA,NA,NA,NA,NA,NA,NA,NA,NA,NA,NA,NA,NA,7.11,NA,1.3,NA,NA,NA,NA,NA,NA,NA,NA,NA,NA,NA,NA,47.5,NA,NA,NA,NA,NA,NA,NA,NA,NA,1,NA,NA,NA,NA,6.135,NA,NA,37.5,3.2,NA,1.95,1.7,NA,NA,1.266666667,NA,NA,NA,NA,NA,NA,NA,NA,NA,NA,NA,NA,NA,NA,NA,NA,NA,NA,NA,NA,NA,NA,NA,NA,NA,NA,NA,NA,NA,1.53,2.186666667,NA,NA,NA,NA,NA,NA,2.52,NA,NA,3.06,NA,NA,NA,NA,NA,NA,NA,NA,NA,NA,NA,NA,NA,NA,1.77,NA,7.575,7.25,NA,NA,NA,NA,NA,NA,NA,NA,NA,NA,NA,7.47,NA,1.66,NA,1.9,4.77,3.75,NA,2.75,NA,NA,NA,NA,1.18,NA,1.983333333,NA,NA,NA,NA,NA,NA,NA,NA,NA,NA,NA,NA,NA,NA,NA,NA,NA,NA,NA,NA,NA,NA,NA,NA,NA,13
Dispersal unit thickness,NA,2.3,NA,NA,NA,NA,NA,NA,NA,NA,0.35,3.55,NA,NA,NA,NA,NA,NA,NA,NA,NA,1.08,NA,NA,NA,NA,NA,NA,NA,NA,NA,NA,NA,NA,NA,1.08,NA,0.75,NA,NA,NA,NA,NA,NA,NA,NA,NA,NA,NA,NA,35,NA,NA,NA,NA,NA,NA,NA,NA,NA,NA,NA,NA,NA,NA,0.61,NA,NA,NA,2.28,NA,0.88,NA,NA,NA,0.53,NA,NA,NA,NA,NA,NA,NA,NA,NA,NA,NA,NA,NA,NA,NA,NA,NA,NA,NA,NA,NA,NA,NA,NA,NA,NA,NA,NA,NA,NA,1.366666667,NA,NA,NA,NA,NA,NA,NA,NA,NA,0.66,NA,NA,NA,NA,NA,NA,NA,NA,NA,NA,NA,NA,NA,NA,0.73,NA,7.425,6.125,NA,NA,NA,NA,NA,NA,NA,NA,NA,NA,NA,1.07,NA,0.64,NA,0.6,1,NA,NA,NA,NA,NA,NA,NA,0.35,NA,0.25,NA,NA,NA,NA,NA,NA,NA,NA,NA,NA,NA,NA,NA,NA,NA,NA,NA,NA,NA,NA,NA,NA,NA,NA,NA,7.5
Dispersal unit width,NA,12.2,NA,NA,NA,NA,NA,NA,NA,NA,2.45,4.79,NA,NA,NA,NA,NA,NA,NA,NA,NA,2.41,NA,NA,NA,NA,NA,NA,NA,NA,NA,NA,NA,NA,NA,2.27,NA,1,NA,NA,NA,NA,NA,NA,NA,NA,NA,NA,NA,NA,35,NA,NA,NA,NA,NA,NA,NA,NA,NA,NA,NA,NA,NA,NA,4.89,NA,NA,5.75,2.63,NA,0.98,1.5,NA,NA,0.75,NA,NA,NA,NA,NA,NA,NA,NA,NA,NA,NA,NA,NA,NA,NA,NA,NA,NA,NA,NA,NA,NA,NA,NA,NA,NA,NA,NA,NA,1.3,1.986666667,NA,NA,NA,NA,NA,NA,NA,NA,NA,1.08,NA,NA,NA,NA,NA,NA,NA,NA,NA,NA,NA,NA,NA,NA,1.03,NA,7.425,6.625,NA,NA,NA,NA,NA,NA,NA,NA,NA,NA,NA,6.685,NA,1.08,NA,0.6,1.3,2.5,NA,NA,NA,NA,NA,NA,0.35,NA,0.33,NA,NA,NA,NA,NA,NA,NA,NA,NA,NA,NA,NA,NA,NA,NA,NA,NA,NA,NA,NA,NA,NA,NA,NA,NA,7.5
Germination efficiency,NA,NA,NA,NA,NA,NA,NA,NA,NA,NA,NA,NA,NA,NA,NA,NA,NA,NA,NA,NA,NA,NA,NA,NA,NA,NA,73,NA,NA,NA,NA,NA,NA,NA,NA,NA,NA,NA,NA,NA,NA,NA,NA,NA,NA,NA,NA,NA,NA,NA,NA,NA,NA,NA,NA,NA,NA,NA,NA,NA,NA,70,NA,NA,NA,NA,NA,NA,NA,NA,NA,NA,NA,NA,NA,NA,NA,NA,NA,NA,NA,NA,NA,NA,NA,NA,NA,NA,NA,NA,NA,NA,NA,NA,90,NA,NA,NA,NA,NA,NA,81,NA,NA,NA,NA,NA,NA,NA,NA,NA,NA,NA,NA,NA,NA,NA,NA,NA,NA,NA,NA,NA,NA,NA,NA,NA,NA,NA,NA,NA,NA,NA,NA,NA,NA,NA,NA,NA,NA,NA,NA,NA,NA,NA,NA,NA,NA,NA,NA,NA,NA,NA,NA,NA,NA,NA,NA,NA,NA,NA,NA,NA,NA,NA,NA,NA,NA,NA,NA,NA,NA,NA,NA,NA,NA,NA,NA,NA,NA,NA,NA,NA,NA,NA,NA,NA,NA
Germination requirement,NA,NA,NA,NA,NA,NA,NA,NA,NA,NA,1,NA,NA,NA,NA,NA,NA,NA,NA,1,NA,NA,NA,NA,NA,NA,NA,NA,NA,NA,NA,NA,NA,NA,NA,NA,NA,NA,NA,NA,NA,NA,NA,NA,NA,NA,NA,NA,NA,NA,NA,NA,NA,NA,NA,NA,NA,NA,NA,NA,NA,NA,NA,NA,NA,NA,NA,NA,NA,NA,NA,NA,NA,NA,NA,NA,NA,NA,NA,NA,NA,NA,NA,NA,NA,NA,NA,NA,NA,NA,NA,NA,NA,NA,NA,NA,NA,NA,NA,NA,NA,NA,NA,NA,NA,NA,NA,NA,NA,NA,NA,NA,NA,NA,NA,NA,NA,NA,NA,NA,NA,NA,NA,NA,NA,NA,NA,NA,NA,NA,NA,NA,NA,NA,NA,NA,NA,NA,NA,NA,NA,NA,NA,NA,NA,NA,NA,NA,NA,NA,NA,NA,NA,NA,NA,NA,NA,NA,NA,NA,NA,NA,NA,NA,NA,NA,NA,NA,NA,NA,NA,NA,NA,NA,NA,NA,NA,NA,NA,NA,NA,NA,NA,NA,NA,NA,NA,NA
Leaf area,NA,24.86090909,NA,36.110625,NA,50.94875,NA,NA,17.34,NA,1697.789231,5504.723333,NA,NA,NA,62.465,89.25269841,67730,29.50153846,25.51,1020.833333,4266.033333,NA,NA,6.077,NA,NA,NA,14.95,NA,80.835,NA,NA,NA,NA,1770.616667,NA,84.10076923,NA,NA,NA,NA,21.91,33.21,NA,NA,NA,NA,18468,NA,NA,NA,NA,4.9,NA,722.775,177.04,1376.03,65.3,NA,255.3036364,84.85222222,NA,3.105454545,NA,1208.1475,39.33083333,NA,NA,97.412,NA,16.5845,9.732857143,NA,NA,NA,NA,NA,19619.5,NA,NA,26.63857143,15.801,NA,42,409.8654545,619.3833333,NA,NA,924.845,NA,4.358333333,NA,254.915,2.95,NA,NA,NA,NA,17.06333333,48201.68,6.19,NA,NA,NA,264.425,57.22666667,2224.563077,71.65891892,NA,164402.65,28.157,7.432857143,NA,57.0644,NA,401.2044444,7254.546667,NA,NA,2.7,169.35,2756.7,NA,NA,10.004,NA,NA,84,5.95,NA,218.224,NA,1291.271667,11.76416667,NA,NA,NA,NA,NA,NA,12.013,25.59333333,NA,NA,NA,55.54346154,NA,NA,NA,3.330833333,NA,NA,NA,NA,53.968,NA,5.2825,NA,11.2918109,NA,509.1866667,NA,NA,NA,NA,NA,NA,NA,10907.38,0.1,NA,NA,NA,0.48,120,NA,NA,15.99222222,NA,NA,2285,77.30833333,NA,NA,NA,42.48857143,3517.644286
Leaf carbon (C) content per area,NA,44.4,NA,39.9,NA,36.34444444,NA,NA,NA,NA,NA,NA,NA,NA,NA,NA,NA,NA,NA,NA,NA,NA,NA,NA,NA,NA,NA,NA,NA,50,22.4,NA,NA,NA,NA,NA,NA,NA,NA,NA,NA,NA,NA,NA,NA,NA,NA,NA,NA,NA,NA,NA,NA,NA,NA,NA,NA,NA,NA,NA,NA,NA,NA,NA,29.3,NA,28.26666667,52.6,NA,NA,NA,NA,NA,NA,NA,NA,NA,NA,NA,NA,NA,NA,NA,NA,45.9,NA,NA,NA,NA,NA,NA,NA,NA,NA,NA,NA,NA,NA,NA,NA,NA,NA,NA,NA,NA,NA,NA,NA,NA,NA,NA,NA,NA,NA,NA,NA,NA,NA,NA,NA,13.66666667,NA,NA,NA,NA,NA,NA,NA,21.8,NA,NA,NA,NA,34.125,NA,NA,20.4,25,NA,NA,NA,NA,NA,NA,NA,NA,NA,NA,NA,NA,NA,NA,NA,NA,NA,NA,NA,NA,NA,NA,NA,NA,NA,NA,NA,NA,NA,NA,NA,NA,9,66.7,NA,NA,NA,16.8,22.2,NA,NA,NA,NA,NA,NA,NA,NA,NA,NA,NA
Leaf carbon (C) content per dry mass,NA,44.71,NA,46.20545455,NA,NA,NA,NA,NA,NA,54.4725,NA,NA,NA,NA,NA,42.774,NA,NA,NA,NA,45.39,NA,NA,43.73,NA,NA,NA,NA,NA,NA,NA,NA,NA,NA,42.805,NA,458.25,NA,NA,NA,NA,NA,NA,NA,NA,NA,NA,NA,NA,NA,NA,NA,41.74,NA,NA,45.9,NA,264.5366667,NA,45.822,46.71,NA,47.385,NA,477,NA,NA,NA,NA,NA,197.5363158,NA,NA,NA,NA,NA,NA,41.77,NA,NA,49.006,NA,NA,NA,NA,NA,NA,NA,NA,NA,NA,NA,NA,NA,NA,NA,NA,NA,NA,46.99666667,NA,NA,NA,NA,NA,NA,41.89,43.188,NA,NA,NA,NA,NA,43.745,NA,44.10181818,NA,NA,NA,NA,NA,NA,NA,NA,44.986,NA,NA,NA,NA,NA,460.2383333,NA,46.89818182,44.96545455,496,NA,NA,NA,NA,NA,NA,NA,NA,NA,NA,246.1322222,NA,NA,NA,NA,NA,NA,NA,NA,44.722,NA,NA,NA,46.318,NA,48.465,NA,NA,NA,NA,NA,NA,NA,NA,NA,NA,NA,NA,NA,NA,NA,NA,46.73,NA,NA,NA,NA,NA,NA,NA,43.1325,39.17
Leaf carbon/nitrogen (C/N) ratio,NA,14.17,NA,24.7,NA,27.85,NA,NA,NA,NA,19.16,NA,NA,NA,NA,NA,23.52,NA,NA,28.7,NA,18.15,NA,NA,NA,NA,NA,NA,NA,NA,25.2,NA,NA,NA,NA,16.392,NA,NA,NA,NA,NA,NA,NA,NA,NA,NA,NA,NA,NA,NA,NA,NA,NA,NA,NA,NA,30.94,NA,10.8,NA,33.334,20.138,NA,NA,26.9,34.49,23.5,NA,NA,NA,NA,NA,NA,NA,NA,NA,NA,NA,13.13,NA,NA,12.328,NA,NA,16.9,24.048,NA,NA,NA,NA,NA,NA,NA,NA,NA,NA,NA,NA,NA,NA,16.67,NA,NA,NA,NA,NA,NA,22.076,24.958,NA,NA,NA,NA,NA,NA,NA,20.24357143,NA,NA,NA,26.1,NA,NA,NA,NA,22.336,NA,NA,21.2,NA,NA,NA,NA,23.73,NA,NA,27.2,34,NA,NA,NA,NA,NA,NA,NA,NA,24.654,NA,NA,NA,NA,NA,NA,NA,NA,42.458,NA,NA,NA,24.77,NA,NA,NA,NA,NA,NA,NA,NA,NA,NA,48.6,NA,NA,NA,NA,25.9,NA,NA,18.948,NA,NA,NA,NA,NA,NA,NA,NA,13.86
Leaf density,NA,0.805833333,NA,0.338333333,0.47,0.404117647,0.29,NA,NA,NA,NA,NA,NA,NA,NA,NA,NA,NA,0.623333333,0.29,NA,NA,NA,NA,NA,NA,NA,NA,0.415,0.406666667,NA,NA,NA,NA,NA,NA,NA,NA,NA,NA,NA,NA,NA,NA,NA,NA,NA,NA,NA,NA,NA,NA,NA,NA,NA,NA,NA,NA,NA,NA,NA,NA,NA,NA,NA,NA,0.478,0.326666667,0.39,NA,NA,NA,NA,NA,NA,NA,0.395,NA,NA,NA,NA,NA,0.415,NA,0.52,NA,NA,NA,NA,NA,NA,NA,NA,NA,NA,NA,NA,NA,NA,NA,NA,NA,NA,NA,NA,NA,NA,NA,NA,NA,NA,0.442727273,NA,NA,NA,NA,NA,NA,NA,NA,NA,NA,NA,NA,NA,0.406,NA,NA,0.35,NA,NA,NA,NA,0.313333333,0.33,NA,0.235,0.454,NA,NA,NA,0.683,NA,NA,NA,NA,0.354,NA,NA,NA,0.551,NA,NA,NA,NA,NA,NA,NA,NA,0.566,NA,NA,NA,NA,NA,NA,NA,NA,NA,NA,NA,0.3,NA,NA,NA,NA,0.343333333,NA,NA,NA,NA,NA,NA,NA,NA,NA,NA,NA
Leaf dry mass,NA,0.167,NA,709.1566667,NA,51.57428571,NA,NA,42.125,NA,124.02,214.2666667,NA,NA,NA,164.375,2.60047619,5603.08,0.093846154,206.44,20.56,115.7083333,NA,NA,0.035555556,NA,NA,NA,65.86,NA,721.75,NA,NA,NA,NA,69.45,NA,3.454615385,NA,NA,NA,NA,NA,NA,NA,NA,NA,NA,232.0125,NA,NA,NA,NA,NA,NA,20.825,20.71666667,458.6266667,14.26,NA,12.07363636,1.062,NA,0.021886792,NA,112.2333333,100.5175,NA,NA,5.595,NA,3.435714286,0.211428571,NA,NA,NA,NA,NA,630.14,NA,NA,1.424285714,0.02,NA,137.7,90.95833333,60.38333333,NA,NA,22.45833333,NA,2.16,NA,7.370833333,NA,NA,NA,NA,NA,0.076666667,2439.606316,NA,NA,NA,NA,5.49,13.10333333,3.441428571,0.235135135,NA,12544.16667,0.056,0.362857143,NA,NA,NA,21.78833333,189.845,NA,NA,32.92,727.53,159.9122222,NA,NA,0.023333333,NA,NA,763.64,9.485,NA,8.684,NA,163.2858824,NA,NA,NA,NA,NA,NA,NA,0.073,100.7333333,NA,NA,NA,31.9321875,NA,NA,NA,3.153333333,NA,NA,NA,NA,0.456,NA,NA,NA,0.139262821,NA,83.71,NA,NA,NA,NA,NA,NA,NA,387.6625,2.23,NA,NA,NA,5.88,1428.57,NA,NA,0.176,NA,NA,65.4,3.063333333,NA,NA,NA,0.166666667,123.7766667
Leaf dry mass per plant,NA,NA,NA,NA,NA,NA,NA,NA,NA,NA,NA,NA,NA,NA,NA,NA,7.106,NA,NA,NA,NA,NA,NA,NA,NA,NA,NA,NA,NA,NA,NA,NA,NA,NA,NA,NA,NA,NA,NA,NA,NA,NA,NA,NA,NA,NA,NA,NA,NA,NA,NA,NA,NA,NA,NA,NA,NA,NA,NA,NA,0.502,3.798,NA,NA,NA,NA,NA,NA,NA,NA,NA,NA,0.028,NA,NA,NA,NA,NA,NA,NA,NA,1.39,NA,NA,NA,NA,NA,NA,NA,NA,NA,NA,NA,NA,NA,NA,NA,NA,NA,NA,5.828,NA,NA,NA,NA,NA,NA,2.582,1.106,NA,NA,NA,0.1,NA,NA,NA,0.712,NA,NA,NA,NA,NA,NA,NA,NA,0.476,NA,NA,NA,NA,NA,NA,NA,NA,NA,NA,NA,NA,NA,NA,NA,NA,NA,NA,NA,NA,2.486,NA,NA,NA,NA,NA,NA,NA,NA,1.096,NA,NA,NA,5.018,NA,NA,NA,NA,NA,NA,NA,NA,NA,NA,NA,NA,NA,NA,NA,NA,NA,NA,2.694,NA,NA,NA,NA,NA,NA,NA,NA,NA
"Leaf dry mass per plant dry mass (leaf weight ratio, LWR)",NA,0.57,NA,NA,NA,0.67,NA,NA,NA,NA,NA,NA,NA,NA,NA,NA,28.574,NA,0.62,0.6,NA,0.43,NA,NA,NA,NA,0.356,NA,NA,NA,NA,NA,NA,NA,NA,NA,NA,NA,NA,NA,NA,NA,NA,NA,NA,NA,NA,NA,NA,NA,NA,NA,0.505,0.53,0.48,NA,NA,NA,NA,NA,11.742,29.51,NA,NA,NA,NA,NA,NA,0.65,0.62,NA,NA,28.24285714,NA,NA,NA,NA,NA,NA,NA,NA,12.486,NA,NA,NA,NA,NA,NA,NA,NA,0.42,NA,NA,NA,NA,NA,NA,NA,NA,NA,59.794,0.71,NA,NA,NA,0.61,NA,10.18428571,24.406,NA,NA,NA,30.074,NA,NA,NA,9.533333333,NA,NA,NA,0.63,NA,NA,NA,NA,16.018,NA,NA,NA,NA,NA,0.574,NA,NA,NA,NA,NA,NA,NA,NA,NA,NA,NA,NA,NA,NA,59.912,NA,NA,NA,0.595,NA,NA,NA,NA,21.46,NA,NA,NA,29.94,NA,NA,NA,NA,NA,NA,NA,NA,NA,NA,0.64,NA,NA,NA,0.66,NA,NA,NA,21.132,NA,NA,NA,0.57,NA,NA,NA,NA,NA
Leaf dry matter content (LDMC),NA,0.605,NA,2.045,NA,0.838333333,NA,NA,0.87,NA,207.178,189.4116667,NA,NA,NA,NA,0.219516129,292,0.742,2.08,114.8666667,177.065,NA,NA,0.27,NA,78.75,NA,NA,NA,NA,NA,NA,NA,NA,193.5,NA,50.21133333,NA,NA,NA,NA,NA,NA,NA,NA,NA,NA,266.792,NA,NA,NA,NA,0.33,NA,159.83,253.7325,153.94,195.4571429,NA,54.61090909,0.453333333,NA,0.350377358,NA,508.7,0.647,NA,NA,140,NA,312.2671429,117.1041176,NA,NA,NA,NA,NA,126.3433333,NA,NA,0.24,0.783,NA,NA,208.31,249.9166667,NA,NA,72.79,NA,0.328,NA,205.1233333,0.215,NA,NA,NA,NA,NA,106.6991667,0.2,NA,NA,NA,120.786,345,21.524,0.212162162,NA,277.2333333,0.643,0.323333333,NA,NA,NA,75.78285714,188.7866667,NA,NA,NA,NA,243.8688889,NA,NA,0.637333333,NA,NA,NA,0.9,NA,132.17,NA,307.0788889,NA,568.35,NA,NA,NA,NA,NA,0.63,NA,NA,NA,NA,151.3376,NA,NA,NA,0.786363636,NA,NA,NA,NA,0.486,NA,0.29,NA,1.007291667,NA,308,NA,NA,NA,NA,NA,NA,NA,207.826,NA,NA,NA,NA,NA,NA,NA,NA,0.506666667,NA,NA,107.3333333,214.2433333,NA,NA,NA,0.233333333,199.62375
Leaf fresh mass,NA,NA,NA,NA,NA,NA,NA,NA,NA,NA,556.01,NA,NA,NA,NA,NA,2.823770492,NA,NA,NA,NA,NA,NA,NA,NA,NA,NA,NA,NA,NA,NA,NA,NA,NA,NA,NA,NA,0.045,NA,NA,NA,NA,NA,NA,NA,NA,NA,NA,NA,NA,NA,NA,NA,NA,NA,NA,NA,NA,NA,NA,0.1275,1.758,NA,0.061509434,NA,NA,NA,NA,NA,NA,NA,NA,0.004,NA,NA,NA,NA,NA,NA,NA,NA,0.68,NA,NA,NA,NA,NA,NA,NA,NA,NA,NA,NA,NA,NA,NA,NA,NA,NA,NA,2054.41,NA,NA,NA,NA,NA,NA,1.972,1.184594595,NA,NA,NA,0.11,NA,NA,NA,0.454,NA,NA,NA,NA,NA,NA,NA,NA,0.186,NA,NA,NA,NA,NA,0.0475,NA,NA,NA,NA,NA,NA,NA,NA,NA,NA,NA,NA,NA,NA,3.022,NA,NA,NA,NA,NA,NA,NA,NA,1.04,NA,NA,NA,0.214206219,NA,NA,NA,NA,NA,NA,NA,NA,NA,NA,NA,NA,NA,NA,NA,NA,NA,NA,0.282,NA,NA,NA,NA,NA,NA,NA,0.71,NA
Leaf lamina thickness,NA,NA,NA,174.375,NA,190.745,NA,NA,NA,NA,NA,NA,NA,NA,NA,NA,NA,NA,NA,225.87,NA,NA,NA,NA,NA,NA,NA,NA,NA,NA,NA,NA,NA,NA,NA,NA,NA,0.12,NA,NA,NA,NA,NA,NA,NA,NA,NA,NA,NA,NA,NA,NA,NA,NA,NA,NA,NA,NA,NA,NA,NA,NA,NA,NA,NA,NA,NA,NA,NA,0.175,NA,NA,0.09,NA,NA,NA,NA,NA,NA,NA,NA,NA,NA,NA,NA,0.6,NA,NA,NA,NA,NA,NA,NA,NA,NA,NA,NA,NA,NA,NA,NA,NA,NA,NA,NA,NA,NA,NA,NA,NA,NA,NA,NA,NA,NA,NA,NA,NA,NA,NA,NA,NA,NA,NA,NA,NA,NA,NA,NA,NA,NA,0.14,NA,NA,NA,0.375,NA,NA,NA,NA,NA,NA,NA,NA,NA,NA,NA,NA,NA,NA,NA,NA,NA,NA,NA,NA,NA,NA,NA,NA,NA,NA,NA,NA,NA,NA,NA,NA,NA,NA,NA,NA,NA,NA,NA,NA,NA,NA,NA,NA,NA,0.15,NA,NA,NA,NA,NA,NA
Leaf lifespan,NA,NA,NA,5.51625,NA,5.5,NA,NA,NA,NA,1.95,NA,NA,NA,NA,NA,1.4,NA,NA,1.95,NA,NA,NA,NA,NA,NA,NA,NA,7.7,NA,5.6,NA,NA,NA,NA,NA,NA,NA,NA,NA,NA,NA,NA,NA,NA,NA,NA,NA,NA,NA,NA,NA,NA,NA,NA,NA,NA,NA,NA,NA,NA,NA,NA,NA,NA,NA,5.7,NA,NA,0.21,NA,NA,NA,NA,NA,NA,NA,NA,NA,NA,NA,NA,NA,NA,5,NA,NA,NA,NA,NA,NA,NA,NA,NA,NA,NA,NA,NA,NA,NA,NA,NA,NA,NA,NA,NA,NA,NA,NA,NA,NA,NA,NA,NA,NA,NA,NA,NA,NA,NA,20.275,NA,NA,NA,NA,NA,NA,NA,5,NA,NA,NA,NA,5.5,NA,NA,NA,NA,NA,NA,NA,NA,4.6,NA,NA,6.015,NA,NA,NA,NA,NA,NA,NA,NA,NA,NA,NA,NA,NA,NA,NA,NA,6.015,NA,NA,NA,NA,NA,NA,NA,36.04,NA,NA,NA,60,5.886,NA,NA,NA,NA,NA,NA,NA,NA,NA,NA,NA,NA
Leaf nitrogen (N) content,NA,NA,NA,13.93333333,NA,13.32,NA,NA,NA,NA,5.78,NA,NA,NA,NA,NA,NA,NA,NA,3.92,NA,NA,NA,NA,NA,NA,NA,NA,1.51,NA,25.46,NA,NA,NA,NA,NA,NA,NA,NA,NA,NA,NA,NA,NA,NA,NA,NA,NA,NA,NA,NA,NA,NA,NA,NA,NA,NA,NA,NA,NA,NA,NA,NA,NA,NA,1.42,12.91,NA,NA,NA,NA,0.2,NA,NA,NA,NA,NA,NA,NA,NA,NA,NA,NA,NA,4.08,NA,NA,NA,NA,NA,NA,NA,NA,NA,NA,NA,NA,NA,NA,NA,12.14,NA,NA,NA,NA,NA,NA,NA,NA,NA,NA,NA,NA,NA,NA,NA,NA,NA,NA,NA,0.51,14.59,NA,NA,NA,NA,NA,NA,18.02,NA,NA,NA,NA,13.38,NA,NA,NA,NA,NA,NA,NA,NA,2.68,NA,NA,NA,NA,NA,NA,NA,NA,NA,NA,NA,NA,NA,NA,NA,NA,NA,NA,NA,NA,NA,NA,NA,NA,NA,NA,NA,0.02,NA,NA,NA,0.06,27.57,NA,NA,NA,NA,NA,NA,NA,NA,NA,NA,NA,NA
Leaf nitrogen (N) content per area,1.6,1.296666667,1.103333333,1.198888889,NA,1.118,NA,NA,NA,NA,1.895,2.48,NA,NA,NA,1.67,1.76,NA,1.416666667,1.797272727,NA,73.49,NA,NA,0.81,NA,57.7,NA,1.045,1.15,1.69,NA,NA,NA,NA,NA,NA,NA,NA,NA,NA,NA,0.88,0.72,NA,NA,NA,NA,NA,NA,NA,NA,NA,1.2,NA,NA,NA,NA,NA,NA,NA,NA,NA,NA,1.246666667,0.6,1.484,1.51,1.58,NA,NA,1.4,NA,NA,NA,NA,NA,NA,NA,NA,NA,NA,NA,1.59,0.98,NA,NA,NA,NA,NA,NA,NA,NA,NA,89.82,NA,NA,NA,NA,NA,1.21,NA,NA,NA,NA,NA,NA,NA,NA,NA,NA,0.523333333,NA,NA,NA,NA,72.76,NA,NA,NA,2.778,1.24,NA,NA,NA,NA,NA,NA,2.142857143,NA,NA,NA,NA,1.588,1.106666667,2.33,1.881666667,1.45,NA,NA,NA,2.04,1.834285714,NA,NA,1.4,NA,NA,NA,NA,NA,NA,NA,1.4,NA,NA,NA,NA,NA,NA,NA,NA,1.69,NA,NA,NA,NA,NA,NA,NA,2.135,1.324,NA,NA,1.21,1.84375,1.5,NA,NA,NA,NA,NA,NA,NA,NA,NA,NA,137.7
Leaf nitrogen (N) content per dry mass,4.10173516,5.364,3.675714286,11.23835556,2.37,5.409195402,2.274,NA,NA,NA,4.4,4.41,NA,NA,NA,20.23285714,18.89416667,NA,4.728376068,13.98393204,NA,2.073333333,NA,NA,1.305,NA,21.988,NA,1.916666667,2.216666667,6.763636364,NA,NA,1.21,NA,5.365,NA,7.995,0.73,NA,1.8425,1.79,2.21,1.97,NA,NA,NA,NA,2.404,NA,NA,NA,NA,1.39,NA,NA,1.48,NA,19.41,NA,1.388,2.146666667,NA,NA,2.185119048,7.691666667,6.7195,2.02,1.702727273,2.986,NA,16.08545455,NA,1.941666667,1.23,NA,NA,NA,3.386666667,NA,NA,3.706666667,1.3,2.348333333,12.545,20.716,NA,1.77,1.85,NA,NA,42.42,NA,NA,16.302,NA,1.25,NA,2.9,NA,2.871818182,31.54,1.38,1.97,NA,NA,2.55,9.631111111,1.802,NA,NA,13.3876,NA,NA,NA,2.15,7.012777778,NA,NA,NA,12.23139535,4.05875,NA,NA,NA,2.13,NA,NA,3.9436,NA,1.64,16.87636364,NA,6.724285714,11.70958333,19.41875,13.08054795,3.4325,NA,NA,NA,2.583333333,15.705,NA,2.18,1.965,7.063125,1.57,2.8,1.935,31.13166667,NA,NA,2.48,NA,1.056,NA,NA,NA,1.68,NA,1.1975,1.888,NA,NA,NA,1.6325,NA,NA,NA,11.91578947,18.8575,NA,2.47,2.293461538,6.213529412,2.183333333,NA,10.68444444,NA,NA,NA,NA,NA,NA,NA,1.57,2.266666667
Leaf nitrogen/phosphorus (N/P) ratio,9.888125,13.97833333,9.22875,12.617,7.1,13.14913043,8.196,NA,NA,NA,15.25625,NA,NA,NA,NA,7.0975,5.18,NA,14.315,9.369583333,NA,NA,NA,NA,8.45,NA,NA,NA,12.244,9.98,9.172857143,NA,NA,7.12,NA,10.51,NA,NA,3.65,NA,5.94,8.465,NA,7.64,NA,NA,NA,NA,NA,NA,NA,NA,NA,NA,NA,NA,NA,NA,NA,NA,NA,6.1,NA,NA,13.83,5.105,10.76666667,14.724,8.944545455,11.16333333,NA,9.06,NA,9.526666667,7.24,NA,NA,NA,NA,NA,NA,8,4.81,7.496666667,10.745,NA,NA,7.08,8.04,NA,NA,NA,NA,NA,NA,NA,5.95,NA,11.6,NA,NA,NA,11.03333333,6.57,NA,NA,28.5,NA,NA,NA,NA,9.406666667,NA,NA,NA,10.715,13.83,NA,NA,NA,10.95,12.682,NA,NA,NA,NA,NA,NA,11.07911111,NA,7.985,7.83,NA,13.26538462,15.10285714,NA,12.88814815,12.28666667,NA,NA,NA,8.236666667,17.71166667,NA,8.38,15.7775,12.75857143,6.54,20,5.155,NA,NA,NA,15.34,NA,NA,NA,NA,NA,4.41,NA,6.475,16.48,NA,NA,NA,6.31,NA,NA,NA,9.528,8.4975,NA,16.47,9.366666667,9.995454545,10.49333333,NA,NA,NA,NA,NA,NA,NA,NA,NA,5.61,NA
Leaf phosphorus (P) content per area,NA,0.06,0.05,0.11,NA,0.1,NA,NA,NA,NA,NA,NA,NA,NA,NA,NA,NA,NA,0.08,0.15,NA,NA,NA,NA,0.1,NA,NA,NA,0.1,0.14,0.12,NA,NA,NA,NA,NA,NA,NA,NA,NA,NA,NA,NA,NA,NA,NA,NA,NA,NA,NA,NA,NA,NA,0.16,NA,NA,NA,NA,NA,NA,NA,NA,NA,NA,0.085,NA,0.23,0.09,0.18,NA,NA,NA,NA,NA,NA,NA,NA,NA,NA,NA,NA,NA,NA,0.24,NA,NA,NA,NA,NA,NA,NA,NA,NA,NA,NA,NA,NA,NA,NA,NA,NA,NA,NA,NA,NA,NA,NA,NA,NA,NA,NA,0.09,NA,NA,NA,NA,NA,NA,NA,NA,NA,NA,NA,NA,NA,NA,NA,NA,0.17,NA,NA,NA,NA,0.08,0.1,NA,0.125,0.13,NA,NA,NA,0.26,0.08,NA,NA,0.09,NA,NA,NA,NA,NA,NA,NA,0.07,NA,NA,NA,NA,NA,NA,NA,NA,0.09,NA,NA,NA,NA,NA,NA,NA,NA,0.2,NA,NA,NA,0.12,0.11,NA,NA,NA,NA,NA,NA,NA,NA,NA,NA,NA
Leaf phosphorus (P) content per dry mass,1211.970938,1274.88375,1786.00125,1416.5605,0.33,1530.148696,2840.04,NA,NA,NA,1770.058889,NA,NA,NA,NA,3025,3400,NA,1463.47,2323.722083,NA,0.26,NA,NA,550.1,NA,NA,NA,1179.81,1649.886667,1753.81,NA,NA,1700,NA,865.205,NA,1.64,0.2,NA,2800,2225.0275,NA,2575,NA,NA,NA,NA,NA,NA,NA,NA,NA,0.18,NA,NA,0.44,NA,0.606666667,NA,NA,2100,NA,NA,1170.242308,3600.105714,1841.533333,1199.924,1857.195455,1140.2,NA,1000.712,NA,2166.666667,1700,NA,NA,NA,0.376666667,NA,NA,2600,2700,2766.635,2055.08,1.492,NA,2500,0.23,NA,NA,NA,NA,NA,NA,NA,2100,NA,0.25,NA,NA,NA,1100.03,3000,NA,NA,500.04,NA,NA,NA,NA,1588.972222,NA,NA,NA,2700,419.1327273,NA,NA,NA,1181.281333,900.03,NA,NA,0.3,NA,NA,NA,1893.797778,NA,2100,577.555,NA,1681.381429,2057.088571,1.215,1542.872222,1091.631667,NA,NA,NA,2233.331667,1140.948333,NA,2600,615.1975,1912.58125,2400,0.14,3750,NA,NA,0.53,1333.421667,NA,NA,NA,NA,NA,2550,NA,2000,687.822,NA,NA,NA,2750,NA,NA,NA,771.796,2299.86,NA,1500,1525,1878.162727,1983.175,NA,NA,NA,NA,NA,NA,NA,NA,NA,2800,0.23
Leaf physical strength,NA,NA,NA,NA,NA,NA,NA,NA,NA,NA,NA,NA,NA,NA,NA,NA,NA,NA,NA,NA,NA,NA,NA,NA,NA,NA,NA,NA,NA,NA,NA,NA,NA,NA,NA,NA,NA,7.43,NA,NA,NA,NA,NA,NA,NA,NA,NA,NA,NA,NA,NA,NA,NA,NA,NA,NA,NA,NA,NA,NA,NA,NA,NA,NA,NA,NA,NA,NA,NA,0.64,NA,NA,3.48,NA,NA,NA,NA,NA,NA,NA,NA,NA,NA,NA,NA,8.535,NA,NA,NA,NA,NA,NA,NA,NA,NA,NA,NA,NA,NA,NA,NA,NA,NA,NA,NA,NA,NA,NA,NA,NA,NA,NA,NA,NA,NA,NA,NA,NA,NA,NA,NA,NA,NA,NA,NA,NA,NA,NA,NA,NA,NA,3.3,NA,NA,NA,3.1175,NA,NA,NA,NA,NA,NA,NA,NA,NA,NA,NA,NA,NA,NA,NA,NA,NA,NA,NA,NA,NA,NA,NA,NA,NA,NA,NA,NA,NA,NA,NA,NA,NA,NA,NA,NA,NA,NA,NA,451.7,NA,NA,NA,NA,NA,3.835,NA,NA,NA,NA,NA,NA
Leaf porosity,NA,10,NA,NA,NA,NA,NA,NA,NA,NA,NA,NA,NA,NA,NA,NA,NA,NA,NA,NA,NA,22,NA,NA,NA,NA,NA,NA,NA,NA,NA,NA,NA,NA,NA,14,NA,NA,NA,NA,NA,NA,NA,NA,NA,NA,NA,NA,NA,NA,NA,NA,NA,NA,NA,NA,NA,NA,NA,NA,NA,NA,NA,NA,NA,NA,NA,NA,NA,NA,NA,NA,NA,NA,NA,NA,NA,NA,22.66666667,NA,NA,NA,NA,NA,NA,NA,NA,NA,NA,NA,NA,NA,NA,NA,NA,NA,NA,NA,NA,NA,NA,NA,NA,NA,NA,NA,NA,NA,NA,NA,NA,NA,NA,NA,NA,NA,13,NA,NA,NA,NA,NA,NA,NA,NA,NA,NA,NA,NA,NA,NA,NA,NA,NA,NA,NA,NA,NA,NA,NA,NA,NA,NA,NA,NA,NA,NA,NA,NA,NA,NA,NA,NA,NA,NA,NA,NA,NA,NA,NA,NA,NA,NA,NA,NA,NA,NA,NA,NA,NA,NA,NA,NA,NA,NA,NA,NA,NA,NA,NA,NA,NA,NA,NA,NA,NA,NA,10
Leaf potassium (K) content per area,NA,0.39,0.22,0.4,NA,0.42,NA,NA,NA,NA,NA,NA,NA,NA,NA,NA,NA,NA,0.3,0.58,NA,NA,NA,NA,NA,NA,NA,NA,0.24,0.38,0.48,NA,NA,NA,NA,NA,NA,NA,NA,NA,NA,NA,NA,NA,NA,NA,NA,NA,NA,NA,NA,NA,NA,NA,NA,NA,NA,NA,NA,NA,NA,NA,NA,NA,0.355,NA,0.64,0.76,1.04,NA,NA,NA,NA,NA,NA,NA,NA,NA,NA,NA,NA,NA,NA,0.62,NA,NA,NA,NA,NA,NA,NA,NA,NA,NA,NA,NA,NA,NA,NA,NA,NA,NA,NA,NA,NA,NA,NA,NA,NA,NA,NA,0.24,NA,NA,NA,NA,NA,NA,NA,NA,NA,NA,NA,NA,NA,NA,NA,NA,0.84,NA,NA,NA,NA,0.28,0.52,NA,0.6,0.88,NA,NA,NA,0.83,0.56,NA,NA,0.8,NA,NA,NA,NA,NA,NA,NA,0.58,NA,NA,NA,NA,NA,NA,NA,NA,0.58,NA,NA,NA,NA,NA,NA,NA,NA,0.73,NA,NA,NA,0.535,0.77,NA,NA,NA,NA,NA,NA,NA,NA,NA,NA,NA
Leaf potassium (K) content per dry mass,NA,1.06,1.1,0.545,NA,0.755,NA,NA,NA,NA,NA,NA,NA,NA,NA,NA,NA,NA,0.65,5.58,NA,NA,NA,NA,NA,NA,NA,NA,0.45,0.86,0.93,NA,NA,NA,NA,NA,NA,NA,NA,NA,NA,NA,NA,NA,NA,NA,NA,NA,NA,NA,NA,NA,NA,NA,NA,NA,NA,9.74,NA,NA,NA,NA,NA,NA,0.55,NA,0.97,1.06,1.19,NA,NA,NA,NA,NA,NA,NA,NA,NA,NA,NA,NA,NA,NA,1.02,NA,NA,NA,NA,NA,NA,NA,NA,NA,NA,NA,NA,NA,NA,NA,NA,9.85,NA,NA,NA,NA,NA,NA,NA,NA,NA,NA,0.64,NA,NA,NA,NA,NA,NA,NA,NA,4.84,NA,NA,NA,NA,NA,NA,NA,1.19,NA,NA,NA,NA,0.47,0.62,9.82875,0.89,0.84,NA,NA,NA,1.26,1.14,NA,NA,1.15,NA,NA,NA,NA,NA,NA,NA,1.03,NA,NA,NA,NA,10.13666667,NA,NA,NA,0.72,NA,NA,NA,NA,NA,NA,NA,0.58,1.33,NA,NA,NA,0.805,1.28,NA,NA,NA,NA,NA,NA,NA,NA,NA,NA,NA
Leaf respiration per dry mass,4.204251497,NA,NA,10.29758242,NA,6.478369565,NA,NA,NA,NA,NA,NA,NA,NA,NA,NA,22.37375,NA,26.04555556,18.76090226,NA,NA,NA,NA,NA,NA,NA,NA,NA,NA,NA,NA,NA,NA,NA,NA,NA,NA,NA,NA,NA,NA,NA,NA,NA,NA,NA,NA,NA,NA,NA,NA,NA,NA,NA,NA,NA,NA,NA,NA,NA,NA,NA,NA,NA,NA,10.31,NA,13.556,NA,NA,NA,NA,NA,NA,NA,NA,NA,NA,NA,NA,NA,NA,NA,NA,NA,NA,NA,NA,NA,NA,NA,NA,NA,NA,NA,NA,NA,NA,NA,NA,NA,NA,NA,NA,NA,NA,NA,NA,NA,NA,6.91,NA,NA,NA,NA,NA,NA,NA,NA,5.51865942,6.05875,NA,NA,NA,NA,NA,NA,10.10444444,NA,NA,NA,NA,17.055,5.711276596,NA,10.97247934,8.805,NA,NA,NA,NA,16.08882353,NA,NA,NA,NA,NA,NA,NA,30.11333333,NA,NA,NA,NA,NA,NA,NA,NA,NA,NA,NA,NA,NA,NA,NA,NA,NA,NA,NA,7.0925,9.689137931,NA,NA,2.181111111,NA,NA,NA,NA,NA,NA,NA,NA,NA,NA,NA,NA,NA
Leaf specific area (SLA),67.29,1290.076154,194.11,56.18,44.68571429,125.9269811,27.2,NA,206,NA,56.66222222,41.88222222,NA,NA,97.88,152,56.73527778,15.66666667,290.7447619,163.3479412,54.67333333,5972.148333,NA,NA,74.237,NA,319.1571429,NA,109.6,63.89428571,68.635,NA,NA,NA,NA,23706.81889,NA,27.84,NA,NA,NA,NA,250.42,302.32,NA,NA,NA,NA,26.86166667,NA,NA,NA,408,316.6666667,404.5,38.47555556,12.0775,2.91,8.981428571,NA,109.3838462,184.5311111,NA,15.67735849,107.902,42.18555556,197.0996429,54.34857143,87.734,59.39918919,NA,30.23166667,129.1442308,NA,NA,NA,65.06666667,NA,18601.20111,NA,NA,426.4333333,807.947,164,76.41428571,22.89636364,9.923333333,NA,32.79,38.02833333,263.3,373.036,NA,31.76166667,160.5642857,NA,NA,NA,NA,45.35666667,96.354,311.3685714,NA,NA,NA,66.158,29.698,149.6725581,68.14236842,32.9,16.16857143,402.25,396.578,NA,117.28,NA,3383.434848,36.29285714,18.2,NA,59.44842105,113.866,25.44538462,NA,NA,578.088,NA,54.8,83.5475,314,NA,91.05814815,NA,44.74526316,48.33428571,40.06526316,57.22125,66.5975,NA,NA,NA,163.38,102.799375,NA,NA,144.47,132.2406977,NA,NA,NA,173.7370833,NA,NA,179,NA,115.754,NA,394.1625,NA,20.98364501,NA,20.25,67.7125,NA,NA,NA,NA,NA,21.1,30.694,76.65111111,64.23916667,38.29,NA,83.95111111,80.502,68.94142857,NA,196.1046154,NA,NA,28.02222222,83.12666667,NA,NA,NA,32.77666667,3136.861818
Leaf texture (sclerophylly),NA,0.36,0.28,0.24,NA,0.23,NA,NA,NA,NA,NA,NA,NA,NA,NA,NA,NA,NA,0.28,0.215,NA,NA,NA,NA,NA,NA,NA,NA,0.33,0.37,0.25,NA,NA,NA,NA,NA,NA,NA,NA,NA,NA,NA,NA,NA,NA,NA,NA,NA,NA,NA,NA,NA,NA,NA,NA,NA,NA,NA,NA,NA,NA,NA,NA,NA,0.3,NA,0.285,0.31,0.48,NA,NA,NA,NA,NA,NA,NA,NA,NA,NA,NA,NA,NA,NA,0.45,NA,NA,NA,NA,0.08,NA,NA,NA,NA,NA,NA,NA,NA,NA,NA,NA,NA,NA,NA,NA,NA,NA,NA,NA,NA,NA,NA,0.18,NA,NA,NA,NA,NA,NA,NA,NA,NA,NA,NA,NA,NA,NA,NA,NA,0.37,NA,NA,NA,NA,0.35,0.29,NA,0.32,NA,NA,NA,NA,0.42,0.05,NA,NA,NA,0.03,NA,NA,NA,NA,NA,NA,0.41,NA,NA,NA,NA,0.05,NA,NA,NA,NA,NA,NA,NA,NA,NA,NA,NA,NA,0.206666667,0.1,NA,NA,0.21,0.33,NA,NA,NA,NA,NA,NA,NA,NA,NA,NA,NA
Leaf thickness,NA,139.3975,NA,120.8535714,113.7,126.605,118.8666667,NA,0.13,NA,0.14,NA,NA,NA,NA,NA,0.32,NA,138.5,160.5,NA,NA,NA,NA,NA,NA,123.5,NA,94,86.17333333,NA,NA,NA,NA,NA,NA,NA,NA,NA,NA,NA,NA,NA,NA,NA,NA,NA,NA,NA,NA,NA,NA,NA,NA,NA,NA,NA,NA,NA,NA,NA,0.205,NA,NA,111.77,NA,131.9775,124.77,150.1714286,NA,NA,NA,NA,NA,NA,NA,134,NA,NA,NA,NA,0.09,NA,NA,108.595,NA,NA,NA,126.9157143,NA,NA,0.15,NA,NA,0.11,NA,NA,NA,NA,NA,0.2,0.16,NA,NA,NA,NA,NA,126.2333333,NA,NA,NA,55,0.08,NA,NA,NA,NA,NA,NA,NA,NA,NA,NA,NA,NA,NA,NA,NA,231.362,0.11,NA,166.832,NA,147.8033333,89,NA,138,138.74,NA,NA,NA,NA,NA,NA,NA,NA,0.12,NA,NA,NA,0.24,NA,NA,NA,NA,NA,NA,0.1175,NA,0.12,NA,NA,NA,NA,NA,NA,NA,NA,NA,NA,NA,112.932,NA,NA,NA,126.48,151.8433333,NA,0.165,NA,NA,NA,NA,NA,NA,NA,NA,NA
Leaf type,NA,NA,NA,NA,NA,NA,NA,NA,NA,NA,NA,NA,NA,NA,NA,NA,NA,NA,NA,NA,NA,NA,NA,NA,NA,NA,NA,NA,NA,NA,NA,NA,NA,NA,NA,NA,NA,NA,NA,NA,NA,NA,NA,NA,NA,NA,NA,NA,NA,NA,NA,NA,NA,NA,NA,NA,NA,NA,NA,NA,NA,NA,NA,NA,NA,NA,NA,NA,NA,NA,NA,NA,NA,NA,NA,NA,NA,NA,NA,NA,NA,NA,NA,NA,NA,NA,NA,NA,NA,NA,NA,NA,NA,NA,NA,NA,NA,NA,NA,NA,NA,NA,NA,NA,NA,NA,NA,NA,NA,NA,NA,NA,NA,NA,NA,NA,NA,NA,NA,NA,NA,NA,NA,NA,NA,NA,NA,NA,NA,NA,NA,NA,NA,NA,NA,NA,NA,NA,NA,NA,NA,NA,NA,NA,NA,NA,NA,NA,NA,NA,NA,NA,NA,NA,NA,NA,NA,NA,NA,NA,NA,NA,NA,NA,NA,NA,NA,NA,NA,NA,NA,NA,NA,NA,NA,NA,NA,NA,NA,NA,NA,NA,NA,NA,NA,NA,NA,NA
Metamorphoses and morphological adaptations: seed or dispersal unit,NA,NA,NA,NA,NA,NA,NA,NA,NA,NA,1,NA,NA,NA,NA,NA,NA,NA,NA,1,NA,NA,NA,NA,NA,NA,NA,NA,NA,NA,NA,NA,NA,NA,NA,NA,NA,NA,NA,NA,NA,NA,NA,NA,NA,NA,NA,NA,NA,NA,NA,NA,NA,NA,NA,NA,NA,NA,NA,NA,NA,NA,NA,NA,NA,NA,NA,NA,NA,NA,NA,NA,NA,NA,NA,NA,NA,NA,NA,NA,NA,NA,NA,NA,NA,NA,NA,NA,NA,NA,NA,NA,NA,NA,NA,NA,NA,NA,NA,NA,NA,NA,NA,NA,NA,NA,NA,NA,NA,NA,NA,NA,NA,NA,NA,NA,NA,NA,NA,NA,NA,NA,NA,NA,NA,NA,NA,NA,NA,NA,NA,NA,NA,NA,NA,NA,NA,NA,NA,NA,NA,NA,NA,NA,NA,NA,NA,NA,NA,NA,NA,NA,NA,NA,NA,NA,NA,NA,NA,NA,NA,NA,NA,NA,NA,NA,NA,NA,NA,NA,NA,NA,NA,NA,NA,NA,NA,NA,NA,NA,NA,NA,NA,NA,NA,NA,NA,NA
Mycorrhizal type,NA,NA,NA,NA,NA,NA,NA,NA,NA,NA,2,NA,NA,NA,NA,NA,NA,NA,NA,2,NA,NA,NA,NA,NA,NA,NA,NA,NA,NA,NA,NA,NA,NA,NA,NA,NA,NA,NA,NA,NA,NA,NA,NA,NA,NA,NA,NA,NA,NA,NA,NA,NA,NA,NA,NA,NA,NA,NA,NA,NA,NA,NA,NA,NA,NA,NA,NA,NA,NA,NA,NA,NA,NA,NA,NA,NA,NA,NA,NA,NA,NA,NA,NA,NA,NA,NA,NA,NA,NA,NA,NA,NA,NA,NA,NA,NA,NA,NA,NA,NA,NA,NA,NA,NA,NA,NA,NA,NA,NA,NA,NA,NA,NA,NA,NA,NA,NA,NA,NA,NA,NA,NA,NA,NA,NA,NA,NA,NA,NA,NA,NA,NA,NA,NA,NA,NA,NA,NA,NA,NA,NA,NA,NA,NA,NA,NA,NA,NA,NA,NA,NA,NA,NA,NA,NA,NA,NA,NA,NA,NA,NA,NA,NA,NA,NA,NA,NA,NA,NA,NA,NA,NA,NA,NA,NA,NA,NA,NA,NA,NA,NA,NA,NA,NA,NA,NA,NA
Nitrogen fixation capacity,NA,NA,NA,NA,NA,NA,NA,NA,NA,NA,2,NA,NA,NA,NA,NA,NA,NA,NA,0,NA,NA,NA,NA,NA,NA,NA,NA,NA,NA,NA,NA,NA,NA,NA,NA,NA,NA,NA,NA,NA,NA,NA,NA,NA,NA,NA,NA,NA,NA,NA,NA,NA,NA,NA,NA,NA,NA,NA,NA,NA,NA,NA,NA,NA,NA,NA,NA,NA,NA,NA,NA,NA,NA,NA,NA,NA,NA,NA,NA,NA,NA,NA,NA,NA,NA,NA,NA,NA,NA,NA,NA,NA,NA,NA,NA,NA,NA,NA,NA,NA,NA,NA,NA,NA,NA,NA,NA,NA,NA,NA,NA,NA,NA,NA,NA,NA,NA,NA,NA,NA,NA,NA,NA,NA,NA,NA,NA,NA,NA,NA,NA,NA,NA,NA,NA,NA,NA,NA,NA,NA,NA,NA,NA,NA,NA,NA,NA,NA,NA,NA,NA,NA,NA,NA,NA,NA,NA,NA,NA,NA,NA,NA,NA,NA,NA,NA,NA,NA,NA,NA,NA,NA,NA,NA,NA,NA,NA,NA,NA,NA,NA,NA,NA,NA,NA,NA,NA
Phenology: reproductive,NA,4,NA,NA,NA,NA,NA,NA,NA,NA,3,9,NA,NA,NA,NA,9,85,NA,NA,9,8.5,NA,NA,182.5,NA,NA,NA,NA,NA,NA,NA,NA,NA,NA,7,NA,61.66666667,NA,NA,NA,NA,6.5,NA,NA,NA,NA,NA,80,8,7,NA,NA,174.5,NA,7.5,5.5,80.33333333,109.6,5.5,7.5,NA,NA,NA,NA,121.8333333,NA,NA,4.5,8,NA,161.5454545,7,NA,NA,7.5,NA,NA,11,NA,NA,8.5,NA,NA,NA,8,130,NA,NA,6.5,NA,NA,NA,7.5,NA,NA,NA,NA,NA,NA,7.5,NA,NA,NA,NA,6,4.5,NA,NA,NA,6.5,NA,NA,8,NA,NA,6.5,7.5,NA,NA,4.5,NA,NA,NA,NA,NA,NA,NA,NA,NA,NA,137.6972727,NA,6,5.5,152.6666667,NA,NA,NA,NA,NA,NA,5.5,NA,NA,NA,128.6666667,NA,6,NA,8,7.5,8.5,NA,7.5,NA,NA,NA,NA,9,NA,8.5,NA,NA,NA,NA,NA,NA,NA,8,NA,NA,NA,NA,NA,NA,NA,NA,NA,NA,NA,7.5,7.5,NA,NA,NA,NA,NA
Phenology: vegetative,NA,NA,NA,NA,NA,NA,NA,NA,NA,NA,NA,NA,NA,NA,NA,NA,NA,NA,NA,NA,NA,NA,NA,NA,NA,NA,NA,NA,NA,NA,NA,NA,NA,NA,NA,NA,NA,NA,NA,NA,NA,NA,NA,NA,NA,NA,NA,NA,NA,NA,NA,NA,NA,NA,NA,NA,NA,NA,NA,NA,NA,NA,NA,NA,NA,NA,NA,NA,NA,NA,NA,NA,NA,NA,NA,NA,NA,NA,NA,NA,NA,NA,NA,NA,NA,NA,NA,NA,NA,NA,NA,NA,NA,NA,NA,NA,NA,NA,NA,NA,NA,NA,NA,NA,NA,NA,NA,NA,NA,NA,NA,NA,NA,NA,NA,NA,NA,NA,NA,NA,NA,NA,NA,NA,NA,NA,NA,NA,NA,NA,NA,NA,NA,NA,NA,NA,NA,NA,NA,NA,NA,NA,NA,NA,NA,NA,NA,NA,NA,NA,NA,NA,NA,NA,NA,NA,NA,NA,NA,NA,NA,NA,NA,NA,NA,NA,NA,NA,NA,NA,NA,NA,NA,NA,NA,NA,NA,NA,NA,NA,NA,NA,NA,NA,NA,NA,NA,NA
Photosynthesis leaf intercellular CO2 concentration,NA,NA,NA,207.0290909,NA,239.76,NA,NA,NA,NA,NA,NA,NA,NA,NA,NA,89.38,NA,NA,NA,NA,348,NA,NA,NA,NA,320,NA,NA,NA,120.225,NA,NA,NA,NA,NA,NA,NA,NA,NA,NA,NA,NA,NA,NA,NA,NA,NA,NA,NA,NA,NA,NA,NA,NA,NA,NA,NA,NA,NA,NA,302.38,NA,NA,NA,NA,153.232,NA,287.598,292,NA,NA,NA,NA,NA,NA,NA,NA,NA,NA,NA,NA,NA,NA,130.3125,NA,NA,NA,NA,NA,NA,294.04,NA,NA,230.2566667,NA,NA,NA,NA,NA,NA,290.36,NA,NA,NA,NA,NA,314.07,NA,NA,NA,NA,NA,NA,NA,NA,322,NA,NA,NA,170.9076923,NA,NA,NA,NA,NA,NA,NA,117.435,NA,NA,254,NA,297.5375,NA,175.0275,NA,503.56,NA,NA,NA,NA,126.5675,NA,NA,NA,NA,NA,NA,NA,NA,NA,NA,NA,NA,NA,NA,257.7575,NA,NA,NA,NA,NA,NA,NA,NA,NA,NA,NA,NA,139.4675,NA,NA,NA,132.94,123.1525,NA,NA,302.985,NA,NA,NA,NA,NA,NA,NA,NA,338
Photosynthesis net assimilytion rate (NAR),NA,0,NA,NA,NA,0,NA,NA,NA,NA,NA,NA,NA,NA,NA,NA,NA,NA,0,0,NA,0,NA,NA,NA,NA,0,NA,NA,NA,NA,NA,NA,NA,NA,NA,NA,NA,NA,NA,NA,NA,NA,NA,NA,NA,NA,NA,NA,NA,NA,NA,0,0,0,NA,NA,NA,NA,NA,NA,NA,NA,NA,NA,NA,NA,NA,0,0,NA,NA,0,NA,NA,NA,NA,NA,NA,NA,NA,NA,NA,NA,NA,NA,NA,NA,NA,NA,0,NA,NA,NA,NA,NA,NA,NA,NA,NA,NA,0,NA,NA,NA,0,NA,0,NA,NA,NA,NA,NA,NA,NA,NA,0,NA,NA,NA,0,NA,NA,NA,NA,NA,NA,NA,NA,NA,NA,0,NA,NA,NA,NA,NA,NA,NA,NA,NA,NA,NA,NA,NA,NA,NA,NA,NA,NA,0,NA,NA,NA,NA,NA,NA,NA,NA,0,NA,NA,NA,NA,NA,NA,NA,NA,NA,NA,0,NA,NA,NA,0,NA,NA,NA,NA,NA,NA,NA,0,NA,NA,NA,NA,NA
Photosynthesis per leaf area,NA,NA,9.85,7.672903226,NA,7.504444444,NA,NA,NA,NA,NA,21.8,NA,NA,NA,NA,20.84333333,NA,12.7,17.01428571,NA,5.46,NA,NA,9.48,NA,7.35,NA,NA,NA,8.31,NA,NA,NA,NA,NA,NA,NA,NA,NA,NA,NA,NA,NA,NA,NA,NA,NA,NA,NA,NA,NA,NA,NA,NA,NA,NA,NA,NA,NA,NA,7.2525,NA,NA,6.47,NA,10.31,NA,6.896,2.4,NA,NA,NA,NA,NA,NA,NA,NA,NA,NA,NA,NA,NA,NA,7.167142857,NA,NA,NA,6.625,NA,NA,14.0925,NA,NA,9.177142857,NA,NA,NA,NA,7.666666667,NA,13.69,NA,NA,NA,NA,NA,7.3825,NA,NA,NA,NA,NA,NA,NA,NA,9.04,NA,NA,NA,8.523,NA,NA,NA,NA,NA,NA,NA,14.7825,NA,NA,5.025,NA,10.504,NA,12.32,23,4.5425,NA,NA,NA,NA,9.336666667,NA,NA,10.505,17.74444444,NA,NA,NA,10.3525,NA,NA,NA,NA,NA,NA,3.715,NA,NA,NA,NA,11.96,NA,NA,NA,NA,NA,NA,NA,12.41,NA,NA,NA,5.46,11.12142857,NA,NA,9.97375,NA,NA,NA,NA,NA,NA,NA,NA,6.95
Photosynthesis per leaf dry mass,NA,NA,84.085,80.39578947,NA,60.085625,NA,NA,NA,NA,NA,392,NA,NA,NA,NA,284.17,NA,0.29,49,NA,89.2,NA,NA,160.25,NA,151.04,NA,NA,NA,30.39333333,NA,NA,NA,NA,NA,NA,NA,NA,NA,NA,NA,NA,NA,NA,NA,NA,NA,NA,NA,NA,NA,NA,NA,NA,NA,NA,NA,NA,NA,NA,NA,NA,NA,104.39,NA,45.31571429,NA,131.152,NA,NA,NA,NA,NA,NA,NA,NA,NA,NA,NA,NA,NA,NA,NA,58.45333333,NA,NA,NA,NA,NA,NA,NA,NA,NA,142.6,NA,NA,NA,NA,169.66,NA,NA,NA,NA,NA,NA,NA,92.375,NA,NA,NA,NA,NA,NA,NA,NA,177.5,NA,NA,NA,21.90666667,NA,NA,NA,NA,NA,NA,NA,81.08,NA,NA,82.56666667,NA,113.351,NA,115.21,114.115,79.18,NA,NA,NA,NA,162.1466667,NA,NA,151.75,295.2244444,NA,NA,NA,NA,NA,NA,NA,NA,NA,NA,NA,NA,NA,NA,NA,147.25,NA,NA,NA,NA,NA,NA,NA,12.16125,NA,NA,NA,29.28,67.03714286,NA,NA,NA,NA,NA,NA,NA,NA,NA,NA,NA,55.5
Plant age of maturity (first flowering),NA,NA,NA,NA,NA,NA,NA,NA,NA,NA,NA,NA,NA,NA,NA,NA,NA,NA,NA,NA,NA,NA,NA,NA,NA,NA,NA,NA,NA,NA,NA,NA,NA,NA,NA,NA,NA,NA,NA,NA,NA,NA,NA,NA,NA,NA,NA,NA,NA,NA,NA,NA,NA,NA,NA,NA,NA,NA,NA,NA,NA,NA,NA,NA,NA,NA,NA,NA,NA,NA,NA,NA,NA,NA,NA,NA,NA,NA,NA,NA,NA,NA,NA,NA,NA,NA,NA,NA,NA,NA,NA,NA,NA,NA,NA,NA,NA,NA,NA,NA,NA,NA,NA,NA,NA,NA,NA,NA,NA,NA,NA,NA,NA,NA,NA,NA,NA,NA,NA,NA,NA,NA,NA,NA,NA,NA,NA,NA,NA,NA,NA,NA,NA,NA,NA,NA,NA,NA,NA,NA,NA,NA,NA,NA,NA,NA,NA,NA,NA,NA,NA,NA,NA,NA,NA,NA,NA,NA,NA,NA,NA,NA,NA,NA,NA,NA,NA,NA,NA,NA,NA,NA,NA,NA,NA,NA,NA,NA,NA,NA,NA,NA,NA,NA,NA,NA,NA,NA
Plant growth form,NA,NA,NA,NA,NA,NA,NA,NA,NA,NA,NA,NA,NA,NA,NA,NA,NA,NA,NA,NA,NA,NA,NA,NA,NA,NA,NA,NA,NA,NA,NA,NA,NA,NA,NA,NA,NA,NA,NA,NA,NA,NA,NA,NA,NA,NA,NA,NA,NA,NA,NA,NA,NA,NA,NA,NA,NA,NA,NA,NA,NA,NA,NA,NA,NA,NA,NA,NA,NA,NA,NA,NA,NA,NA,NA,NA,NA,NA,NA,NA,NA,NA,NA,NA,NA,NA,NA,NA,NA,NA,NA,NA,NA,NA,NA,NA,NA,NA,NA,NA,NA,NA,NA,NA,NA,NA,NA,NA,NA,NA,NA,NA,NA,NA,NA,NA,NA,NA,NA,NA,NA,NA,NA,NA,NA,NA,NA,NA,NA,NA,NA,NA,NA,NA,NA,NA,NA,NA,NA,NA,NA,NA,NA,NA,NA,NA,NA,NA,NA,NA,NA,NA,NA,NA,NA,NA,NA,NA,NA,NA,NA,NA,NA,NA,NA,NA,NA,NA,NA,NA,NA,NA,NA,NA,NA,NA,NA,NA,NA,NA,NA,NA,NA,NA,NA,NA,NA,NA
Plant height generative,NA,11.5,NA,NA,40,NA,NA,NA,NA,NA,14,1.19,NA,NA,NA,NA,1,0.65,NA,NA,0.58,0.716666667,NA,NA,NA,NA,NA,NA,NA,NA,NA,NA,NA,NA,NA,0.45,NA,11.8,NA,NA,NA,NA,2,NA,NA,NA,NA,NA,0.38,0.55,3.5,NA,NA,NA,NA,NA,1,0.95,26.5125,0.33,0.8575,NA,NA,NA,NA,0.148333333,NA,NA,20,0.866666667,NA,18.36,4.426,NA,NA,NA,NA,NA,1.75,NA,NA,NA,NA,NA,22.5,0.383333333,0.3,NA,NA,0.0925,NA,NA,NA,0.02,NA,NA,NA,NA,NA,NA,0.9,NA,NA,NA,NA,0.283333333,1.5,0.983333333,NA,NA,1,NA,0.25,NA,10,NA,1.15,0.23,NA,NA,28,25,0.53,NA,NA,NA,NA,NA,NA,NA,NA,7.206363636,NA,9,NA,0.883333333,NA,NA,NA,NA,NA,4.5,NA,NA,NA,NA,9.375714286,NA,1.5,NA,0.28,1.5,NA,NA,NA,NA,NA,NA,NA,1.5,NA,1.5,NA,NA,NA,NA,NA,NA,NA,0.55,17.5,NA,NA,NA,20,NA,NA,NA,NA,NA,NA,0.48,0.28,NA,NA,NA,NA,0.45
Plant height vegetative,34.33333333,21.20888889,20.3,43.5,44,45.6,23.33333333,NA,5.9,3.5,35.45714286,1.083333333,NA,NA,3.3,1,96.37164179,22.88333333,46.375,217.125,1.865,1.4875,NA,3.9,23.75,NA,5.2,2.5,23.33333333,44,42.325,15.33333333,NA,NA,4.9,0.30625,15,25.61058824,NA,8.5,0.25,9.5,10.83333333,11.4,NA,3.2,2,NA,30.19,1.075,3.5,NA,NA,17.53333333,2.5,0.75,2,0.95,28.7,0.33,56.52125,97.69,NA,71.35849057,62.5,6.55375,42.45,41.66666667,41.66666667,19.143,5.9,24.39764706,27.68705882,NA,3.9,5.7,12.75,NA,2.87375,2.6,3,99.96470588,8.2,44.33333333,46.48571429,0.438571429,0.3,NA,12,0.056666667,5.9,NA,NA,0.12,1.8,1.6,NA,NA,0.8,NA,79.67333333,NA,NA,NA,3,0.194,2.917142857,64.572,60.3,4.9,3.833333333,25.33333333,14.53307692,3.3,10.5,2.3,78.08952381,0.23,NA,NA,55.63636364,64.5,0.3525,NA,3.2,87.19090909,NA,NA,72.5,NA,NA,52.69333333,24,25.59444444,15.83333333,41.22142857,62.5,57.5,3.9,NA,16.25,10.06666667,34.1625,8.1,4.416666667,2,56.29565217,5.5,3.833333333,NA,0.6,4.775,4.9,64.33333333,4.9,124.46,5.5,NA,NA,80.66469256,3,4.79,3,6,4,2,NA,NA,1.5,0.55,24.21428571,82.5,30,NA,39.5,63,53.33333333,NA,125.37,NA,0.8,0.31,0.17,6,11.5,10,45,0.49
Plant lifespan,200,100,100,150,128.3333333,400,NA,NA,NA,NA,50,NA,NA,NA,NA,NA,NA,NA,300,140,NA,NA,NA,NA,NA,NA,NA,NA,NA,200,300,NA,NA,NA,NA,NA,NA,NA,NA,NA,NA,NA,NA,NA,NA,NA,NA,NA,NA,NA,NA,NA,NA,NA,NA,NA,NA,NA,NA,NA,NA,NA,NA,NA,300,NA,NA,250,NA,NA,NA,NA,NA,NA,NA,NA,NA,NA,NA,NA,NA,NA,NA,75,200,NA,NA,NA,NA,NA,NA,NA,NA,NA,NA,NA,NA,NA,NA,NA,NA,NA,NA,NA,NA,NA,NA,NA,NA,NA,NA,NA,NA,NA,NA,NA,NA,NA,NA,NA,383.3333333,250,NA,NA,NA,NA,NA,NA,NA,NA,NA,NA,NA,150,NA,NA,600,200,NA,NA,NA,NA,150,NA,NA,NA,NA,NA,NA,NA,NA,NA,NA,55,NA,NA,NA,NA,NA,NA,NA,NA,NA,NA,NA,NA,NA,NA,NA,NA,500,200,NA,NA,1000,300,200,NA,NA,NA,NA,NA,NA,NA,NA,NA,NA,NA
Plant relative growth rate (RGR),NA,0.14,NA,NA,NA,0.07,NA,NA,NA,NA,0.07,NA,NA,NA,NA,NA,NA,NA,0.1,0.1375,NA,0.24,NA,NA,NA,NA,0.182857143,NA,NA,NA,NA,NA,NA,NA,NA,NA,NA,NA,NA,NA,NA,NA,NA,NA,NA,NA,NA,NA,NA,NA,NA,NA,0.165,0.17,0.145,0.29,NA,NA,NA,NA,NA,0.25,NA,0.26,NA,NA,NA,NA,0.09,0.125,NA,NA,0.18,NA,NA,NA,NA,NA,NA,NA,NA,NA,NA,NA,NA,NA,0.18,NA,NA,NA,0.07,NA,NA,NA,0.26,NA,0.21,NA,NA,NA,NA,0.275,NA,NA,NA,0.23,NA,0.205555556,NA,NA,NA,NA,NA,NA,NA,NA,0.2,NA,NA,NA,0.033333333,NA,NA,NA,NA,NA,NA,NA,NA,NA,NA,0.138,NA,NA,NA,NA,NA,NA,NA,NA,NA,NA,NA,NA,NA,NA,NA,NA,NA,NA,0.175,NA,NA,NA,NA,NA,NA,0.23,NA,0.18,NA,NA,NA,NA,NA,NA,NA,NA,NA,NA,0.04,NA,NA,NA,0.21,NA,NA,NA,0.26,NA,NA,NA,0.25,NA,NA,NA,NA,0.16
Plant tolerance to drought,1,3.03,2,1.84,2.88,2.25,2,NA,NA,NA,1.973333333,NA,NA,NA,NA,NA,NA,NA,3,2.02,NA,NA,NA,NA,NA,NA,NA,NA,2.02,4,3,3,NA,NA,NA,NA,NA,NA,NA,2,NA,NA,2.48,2.88,NA,NA,NA,NA,NA,NA,NA,NA,NA,NA,NA,NA,NA,NA,NA,NA,NA,NA,NA,NA,1.5,NA,2.38,2,3.85,NA,NA,NA,NA,NA,NA,NA,2,NA,NA,NA,NA,NA,NA,2.38,2.38,NA,NA,NA,2,NA,NA,NA,NA,NA,NA,NA,NA,NA,NA,NA,NA,NA,NA,NA,NA,NA,0.53,NA,NA,NA,NA,3.25,NA,NA,NA,NA,NA,NA,NA,NA,2.29,2.25,NA,NA,NA,NA,NA,NA,1.57,NA,NA,NA,NA,3.02,2.88,NA,3.56,3,NA,NA,NA,4,4.11,NA,4,NA,3.04,NA,NA,NA,NA,NA,NA,1.77,NA,NA,NA,NA,NA,NA,NA,NA,NA,NA,NA,NA,NA,NA,NA,NA,2.71,2.88,NA,NA,1,2.92,3,NA,NA,NA,NA,NA,NA,NA,2,NA,NA,NA
Plant tolerance to frost,13,28.5,38.5,31,26,18.5,36,NA,38.5,43.5,34.33333333,NA,NA,NA,28.5,78.5,NA,21,26,18.5,81,63.5,NA,33.5,86,NA,55.5,23.5,23.5,53.5,48.5,58.5,NA,NA,48.5,NA,23.5,NA,NA,36,36,31,29.25,39.75,NA,33.5,48.5,NA,NA,43.5,NA,NA,NA,24.75,53.5,NA,33.5,NA,NA,NA,NA,NA,NA,NA,29,NA,28,26,38.5,56,43.5,26,NA,NA,53.5,32.5,46,NA,28.5,58.5,31,63.5,71,36,71,33.5,NA,NA,48.5,NA,48,NA,NA,48,41,71,NA,NA,NA,NA,NA,NA,NA,NA,33.5,NA,31,46,NA,33.5,37.25,31,NA,28.5,51,43.5,41,NA,NA,NA,28.5,33,43.5,63.5,71,48.5,NA,NA,26,NA,NA,38.5,31,51,32.25,23.5,23.5,56,46,NA,71,NA,28.5,31,46,51,34.33333333,50.5,26,NA,63.5,31,31,43.5,41,NA,21,NA,NA,18.5,61,38.5,38.5,19.75,31,58.5,NA,NA,36,NA,33.5,49.75,NA,NA,23.5,18.5,33.5,NA,NA,NA,31,NA,NA,43.5,155.5,36,68.5,NA
Plant tolerance to human impact,NA,2,NA,NA,NA,NA,NA,NA,NA,NA,2,2,NA,NA,NA,NA,2,2,NA,NA,3,4,NA,NA,NA,NA,NA,NA,NA,NA,NA,NA,NA,NA,NA,2,NA,2,NA,NA,NA,NA,2,NA,NA,NA,NA,NA,2,2,4,NA,NA,NA,NA,4,2,2,2,2,2,NA,NA,NA,NA,2,NA,NA,1,5,NA,2,2,NA,NA,2,NA,NA,2,NA,NA,4,NA,NA,NA,4,2,NA,NA,2,NA,NA,NA,2,NA,NA,NA,NA,NA,NA,2,NA,NA,NA,NA,3,2,NA,NA,NA,2,NA,NA,2,NA,NA,4,2,NA,NA,2,NA,NA,NA,NA,NA,NA,NA,NA,NA,NA,2,NA,2,NA,2,NA,NA,NA,NA,NA,NA,3,NA,NA,NA,3,NA,2,NA,1,3,2,NA,2,NA,NA,NA,NA,3,NA,3,NA,NA,NA,NA,NA,NA,NA,2,NA,NA,NA,NA,NA,NA,NA,NA,NA,NA,NA,2,2,NA,NA,NA,NA,NA
Plant tolerance to planting density,750,750,900,685,435,500,900,NA,6850,NA,966.6666667,NA,NA,NA,7050,7900,NA,2200,500,500,NA,NA,NA,NA,NA,NA,6406,3750,950,435,500,2223,NA,NA,15000,NA,1950,NA,NA,3000,3750,2200,2465.5,1200,NA,4125,NA,NA,NA,NA,NA,NA,NA,NA,NA,NA,3750,NA,NA,NA,NA,NA,NA,NA,550,NA,550,550,550,NA,NA,NA,NA,NA,7181,5665.5,1950,NA,7856,5900,5900,NA,NA,450,450,7900,NA,NA,1950,NA,6820,NA,NA,7400,6350,6350,NA,NA,NA,NA,NA,NA,NA,NA,NA,NA,5250,NA,NA,3075,2662.5,700,NA,NA,10850,14956,3750,NA,NA,NA,815,550,NA,NA,NA,NA,NA,NA,485,NA,NA,NA,950,550,1702.5,6820,550,750,7181,NA,1699,NA,750,3150,3000,2598,2000,3000,950,NA,NA,6820,NA,750,4125,NA,3250,NA,NA,7400,2200,NA,2200,1450,6850,3250,NA,NA,7181,NA,750,550,NA,NA,750,550,550,NA,NA,NA,7900,NA,NA,3750,1920,2200,235,NA
Plant tolerance to precipitation,36.5,38.5,46,41,41,50,45,NA,35,44,34.33333333,NA,NA,NA,37.5,42,NA,45,45,36,43.5,42,NA,42.5,26,NA,50.5,37.5,45,37.5,55,46.5,NA,NA,39,NA,43.5,NA,NA,48,41,31.5,39,33.5,NA,38,48.5,NA,NA,35,NA,NA,NA,16.5,45.5,NA,42.5,NA,NA,NA,NA,NA,NA,NA,40,NA,45,32.5,40,34.5,40,37.5,NA,NA,37.5,35,45,NA,35,42.5,43.5,32,39,52.5,45,29,NA,NA,41,NA,44,NA,NA,42.5,36,45,NA,NA,NA,NA,NA,NA,NA,NA,35,NA,40,37.5,NA,50,45.5,39,NA,42.5,46,47.5,47.5,NA,NA,NA,50,55,37,31,36,50,NA,NA,31.25,NA,NA,35.5,28,28.75,31,38,43,47.5,30,NA,40.25,NA,40.5,42.5,39,50,36,34.5,45,NA,46.5,35,32,42.5,36,NA,25,NA,NA,38,37.5,32,36.5,17,40,50,NA,NA,45,NA,45,41.5,NA,NA,43.5,37.5,45,NA,NA,NA,38,NA,NA,41,42.5,40,43.5,NA
Plant tolerance to shade,5.01,3.47,3.56,3.44,3.6,4.76,3.31,NA,NA,NA,1.63,NA,NA,NA,NA,NA,NA,NA,3.17,1.54,NA,NA,NA,NA,NA,NA,NA,NA,4.58,2.07,3.4,2.75,NA,NA,NA,NA,NA,NA,NA,3,NA,NA,2.86,3,NA,NA,NA,NA,NA,NA,NA,NA,NA,NA,NA,NA,NA,NA,NA,NA,NA,NA,NA,NA,4.75,NA,2.46,2.96,3.11,NA,NA,NA,NA,NA,NA,NA,3,NA,NA,NA,NA,NA,NA,1.88,1.93,NA,NA,NA,3,NA,NA,NA,NA,NA,NA,NA,NA,NA,NA,NA,NA,NA,NA,NA,NA,NA,1.2,NA,NA,NA,NA,4.58,NA,NA,NA,NA,NA,NA,NA,NA,3.21,2.86,NA,NA,NA,NA,NA,NA,1.76,NA,NA,NA,NA,2.46,2.59,NA,2.85,2.72,NA,NA,NA,1.56,1.72,NA,2.5,NA,2.66,NA,NA,NA,NA,NA,NA,1.34,NA,NA,NA,NA,NA,NA,NA,NA,NA,NA,NA,NA,NA,NA,NA,NA,3.45,3.98,NA,NA,4.83,3.14,3.31,NA,NA,NA,NA,NA,NA,NA,4,NA,NA,NA
Plant tolerance to soil pH,5,6.1,5.45,6.25,4.6,5.5,6.4,NA,5.75,6.5,6.083333333,NA,NA,NA,5.75,5.9,NA,5.75,5.75,5.75,6.15,6.2,NA,6.05,6.5,NA,5.75,5.75,5.7,6.95,5.35,6.9,NA,NA,6.25,NA,5.9,NA,NA,6,6.2,7.1,6.15,6.125,NA,6.7,5.75,NA,NA,5,NA,NA,NA,7.3,6,NA,5.25,NA,NA,NA,NA,NA,NA,NA,5.3,NA,6.25,5.1,6.5,6.3,6,6.1,NA,NA,6,6,5.35,NA,5.5,6,5.6,6.9,7.1,6.5,6.75,6.15,NA,NA,5.25,NA,6.8,NA,NA,6.75,6.5,6.2,NA,NA,NA,NA,NA,NA,NA,NA,6.5,NA,6.4,6,NA,5.75,4.875,5.9,NA,5.9,6.25,7.35,6.75,NA,NA,NA,5.25,5.7,5.5,6.25,7.35,6.25,NA,NA,5.775,NA,NA,6.7,6,7,6.775,5.75,5.65,5.25,6.25,NA,6.25,NA,6.4,5.5,6.05,5.75,6.25,6.35,5.5,NA,6.5,5.75,6.65,6.4,5.6,NA,6.4,NA,NA,6.15,6.15,6,5.55,6.85,6.35,5.5,NA,NA,5.5,NA,6.1,6.225,NA,NA,4.95,6.75,6.25,NA,NA,NA,6.6,NA,NA,6.15,6.5,5.95,7.3,NA
Plant tolerance to waterlogging,2,2.75,1,3.08,3.37,1.09,2,NA,NA,NA,2.956666667,NA,NA,NA,NA,NA,NA,NA,2,1.25,NA,NA,NA,NA,NA,NA,NA,NA,2.3,2.5,1.38,4.92,NA,NA,NA,NA,NA,NA,NA,3,NA,NA,2.12,1.27,NA,NA,NA,NA,NA,NA,NA,NA,NA,NA,NA,NA,NA,NA,NA,NA,NA,NA,NA,NA,1.5,NA,2.59,3.5,2.98,NA,NA,NA,NA,NA,NA,NA,1.5,NA,NA,NA,NA,NA,NA,1.27,1.83,NA,NA,NA,3,NA,NA,NA,NA,NA,NA,NA,NA,NA,NA,NA,NA,NA,NA,NA,NA,NA,4.27,NA,NA,NA,NA,1.07,NA,NA,NA,NA,NA,NA,NA,NA,1.03,2.71,NA,NA,NA,NA,NA,NA,3.03,NA,NA,NA,NA,1.06,1.11,NA,1.43,1.07,NA,NA,NA,1,1.07,NA,2,NA,2.5,NA,NA,NA,NA,NA,NA,4.68,NA,NA,NA,NA,NA,NA,NA,NA,NA,NA,NA,NA,NA,NA,NA,NA,1.46,1.26,NA,NA,1.25,2.46,1.73,NA,NA,NA,NA,NA,NA,NA,2.5,NA,NA,NA
Reproductive dry mass per plant,NA,NA,NA,NA,NA,NA,NA,NA,NA,NA,NA,NA,NA,NA,NA,NA,3.474,NA,NA,NA,NA,NA,NA,NA,NA,NA,NA,NA,NA,NA,NA,NA,NA,NA,NA,NA,NA,NA,NA,NA,NA,NA,NA,NA,NA,NA,NA,NA,NA,NA,NA,NA,NA,NA,NA,NA,NA,NA,NA,NA,0.63,2.996,NA,NA,NA,NA,NA,NA,NA,NA,NA,NA,0,NA,NA,NA,NA,NA,NA,NA,NA,0.114,NA,NA,NA,NA,NA,NA,NA,NA,NA,NA,NA,NA,NA,NA,NA,NA,NA,NA,NA,NA,NA,NA,NA,NA,NA,1.472,0.606,NA,NA,NA,0.042,NA,NA,NA,0.024,NA,NA,NA,NA,NA,NA,NA,NA,0.274,NA,NA,NA,NA,NA,NA,NA,NA,NA,NA,NA,NA,NA,NA,NA,NA,NA,NA,NA,NA,NA,NA,NA,NA,NA,NA,NA,NA,NA,1.042,NA,NA,NA,2.1,NA,NA,NA,NA,NA,NA,NA,NA,NA,NA,NA,NA,NA,NA,NA,NA,NA,NA,2.202,NA,NA,NA,NA,NA,NA,NA,NA,NA
Root nitrogen (N) content per dry mass,3.166571429,16.7,NA,4.894857143,NA,9.58695122,0.82,NA,NA,NA,NA,NA,NA,NA,NA,NA,18.04,NA,18.91071429,19.72489796,NA,NA,NA,NA,NA,NA,NA,NA,NA,NA,16.7,NA,NA,NA,NA,0.87,NA,0.93,NA,NA,NA,NA,NA,NA,1.26,NA,NA,NA,NA,NA,NA,NA,NA,NA,NA,NA,NA,NA,NA,NA,NA,NA,NA,NA,7.17,NA,NA,NA,NA,NA,NA,NA,NA,NA,NA,NA,NA,NA,NA,NA,NA,NA,2.31,NA,NA,NA,NA,NA,NA,NA,NA,NA,NA,NA,NA,NA,NA,NA,NA,NA,NA,NA,NA,NA,NA,NA,NA,NA,NA,NA,NA,NA,NA,NA,NA,NA,NA,NA,NA,NA,9.368769231,NA,NA,NA,NA,NA,NA,NA,NA,NA,NA,0.59,NA,NA,NA,NA,7.225,NA,NA,NA,NA,NA,NA,NA,NA,NA,NA,NA,NA,NA,21.645,NA,NA,NA,NA,NA,NA,NA,NA,NA,NA,NA,NA,NA,NA,NA,NA,NA,NA,NA,17.6,NA,NA,NA,NA,NA,NA,NA,NA,NA,NA,NA,NA,NA,NA,NA,NA,NA
Rooting depth,20,40,28,30,32,40,32,NA,6,8,26.5,NA,NA,NA,12,8,NA,12,30,32,8,8,NA,14,16,NA,18,8,20,50,48,14,NA,NA,16,NA,14,NA,NA,16,10,18,18,17,NA,16,16,NA,NA,12,NA,NA,NA,16,16,NA,6,NA,NA,NA,NA,NA,NA,NA,32,NA,40,40,40,4,14,6,NA,NA,4,4,20,NA,6,8,10,14,14,40,40,8,NA,NA,18,NA,12,NA,NA,10,10,10,NA,NA,NA,NA,NA,NA,NA,NA,8,NA,14,10,NA,12,15,16,NA,6,16,16,14,NA,NA,NA,40,30,6,10,14,6,NA,NA,24,NA,NA,10,24,24,22,10,48,40,4,NA,12,NA,36,18,12,12,12,12,16,NA,10,12,18,32,14,NA,12,NA,NA,12,8,16,12,10,10,12,NA,NA,6,NA,30,35,NA,NA,28,42,40,NA,NA,NA,6,NA,NA,14,NA,14,16,NA
Seed length,NA,NA,NA,NA,NA,NA,NA,NA,NA,NA,NA,NA,NA,NA,NA,NA,7.35,NA,NA,NA,NA,NA,NA,NA,NA,NA,NA,NA,NA,NA,NA,NA,NA,NA,NA,NA,NA,NA,NA,NA,NA,NA,NA,NA,NA,NA,NA,NA,NA,NA,17.3,NA,NA,NA,NA,1.13,NA,NA,NA,NA,NA,NA,NA,NA,NA,NA,NA,NA,NA,NA,NA,NA,NA,NA,NA,NA,NA,NA,NA,NA,NA,NA,NA,NA,NA,0.57,0.5,NA,NA,0.35,NA,NA,NA,7.2,NA,NA,NA,NA,NA,NA,NA,NA,NA,NA,NA,NA,NA,1.7,NA,NA,NA,NA,NA,NA,NA,NA,NA,NA,NA,NA,7,NA,NA,NA,NA,NA,NA,NA,NA,NA,NA,NA,NA,NA,NA,NA,NA,NA,NA,NA,NA,NA,5.5,NA,NA,NA,NA,NA,NA,NA,NA,NA,NA,NA,NA,NA,NA,NA,NA,NA,NA,NA,2.12,NA,NA,NA,NA,NA,NA,NA,NA,NA,NA,NA,NA,NA,NA,NA,NA,NA,NA,0.55,1.78,NA,NA,NA,NA,NA
Seed mass,9978.935,696.5111765,1926.043333,1536.306667,321.0944444,806.275,3803.566667,0.16,62510.975,2666666.727,157973.1172,11.526,29.72666667,1.13,71429.47,27523.35,6.065,NA,34339.31846,98628.88929,21668.905,7645.549412,0.11,65000.16,59003.67,4.62,11.05,NA,3023.377,2420.205714,3683.6,2.6225,0.5,2.0125,0.503333333,2.190555556,32002.44833,0.409473684,NA,1772.1,9928.324286,3205.318333,4121.177778,665.4005556,2.223333333,0.3675,350000,10.7,NA,NA,237.45,0.16,NA,45002.86,12504.37875,0.356,NA,NA,NA,NA,0.035,1.086,0.2725,NA,375.2154545,7.893548387,804.4276923,997.1908333,1051.997857,21747.77739,5.00E+05,48384.66667,0.939090909,0.76,80004.238,0.172,1942.618333,5.27,18918.9,NA,0.04,116671.3667,7.00E+05,12026.79143,10554.64308,0.02,0.221,2.233333333,839.5533333,0,2823189.53,0.01,0.0325,0.04,432383.0929,NA,1.25,4.4,0.58,29.1425,NA,1.275,3.52,NA,150000.332,0.1825,1.30375,62545.85545,NA,NA,NA,6013.29,0.224,78400.412,2063.774444,NA,22415.25083,NA,NA,1.146666667,1947.055,21335.99111,25001.248,20847.24833,25001.29,13891.04,5.313333333,NA,50000.92133,NA,NA,14847.93089,782.44,700.6405882,617.885,NA,2709.97,1584.398333,5000.568,0.63,13109.584,10.80571429,1863.994615,4.18,37430.61429,2.8975,18711.606,67001.102,98600.728,NA,157577.033,31529.905,67000,625000.045,52081.708,NA,0.12,0.33,0.088,200000.0804,233333.62,100000.1086,1.00E+06,7.00E+05,7.00E+05,21955.83333,2.153333333,1.67,1325000,NA,49372.56,886.9116667,16.652,NA,31202.21,6186.732727,8208.864,1.33,2.210833333,0.425,75000.05,0.04875,0.416666667,2642.084,115387.766,11500,3684.25,181.184
Seed number per ramet,NA,NA,NA,NA,NA,NA,NA,NA,NA,NA,NA,NA,NA,NA,NA,NA,NA,NA,NA,NA,NA,NA,NA,NA,NA,NA,NA,NA,NA,NA,NA,NA,NA,NA,NA,NA,NA,NA,NA,NA,NA,NA,NA,NA,NA,NA,NA,NA,NA,NA,NA,NA,NA,NA,NA,NA,NA,NA,NA,NA,NA,NA,NA,NA,NA,NA,NA,NA,NA,NA,NA,NA,NA,NA,NA,NA,NA,NA,NA,NA,NA,NA,NA,NA,NA,NA,NA,NA,NA,NA,NA,NA,NA,NA,NA,NA,NA,NA,NA,NA,NA,NA,NA,NA,NA,NA,NA,NA,NA,NA,NA,NA,NA,NA,NA,NA,NA,NA,NA,NA,NA,NA,NA,NA,NA,NA,NA,NA,NA,NA,NA,NA,NA,NA,NA,NA,NA,NA,NA,NA,NA,NA,NA,NA,NA,NA,NA,NA,NA,NA,NA,NA,NA,NA,NA,NA,NA,NA,NA,NA,NA,NA,NA,NA,NA,NA,NA,NA,NA,NA,NA,NA,NA,NA,NA,NA,NA,NA,NA,NA,NA,NA,NA,NA,NA,NA,NA,NA
Seed number per reproducton unit,NA,NA,NA,NA,NA,NA,NA,NA,NA,NA,NA,409.055,NA,NA,NA,NA,NA,1856092.5,NA,NA,1076.91,22084.835,NA,NA,NA,NA,NA,NA,NA,NA,NA,NA,NA,NA,NA,1491.4575,NA,86757.31,NA,NA,NA,NA,NA,NA,NA,NA,NA,NA,NA,NA,NA,NA,NA,NA,NA,1929562.668,NA,NA,NA,NA,7071.2,NA,NA,NA,NA,7744.30875,NA,NA,NA,2992.466316,NA,91,249.1,NA,NA,NA,NA,NA,77.9,NA,NA,4,NA,NA,NA,1212964.75,342.1388889,NA,NA,NA,NA,NA,NA,18789.41667,NA,NA,NA,NA,NA,NA,NA,NA,NA,NA,NA,275.875,15156.5,126922.245,NA,NA,880228,NA,65200,NA,85.95,NA,16414.335,NA,NA,NA,NA,NA,40.5,NA,NA,NA,NA,NA,NA,NA,NA,6692.710435,NA,1,NA,3.00E+08,NA,NA,NA,NA,NA,NA,NA,NA,NA,NA,2581.485714,NA,NA,NA,230.91,NA,NA,NA,NA,NA,NA,NA,NA,8499.428571,NA,899445,NA,NA,NA,NA,NA,NA,NA,NA,NA,NA,NA,NA,NA,NA,NA,NA,NA,NA,NA,2356.8,499988.8325,NA,NA,NA,NA,19
Seed protein content per mass,NA,48.8,NA,31.8,NA,NA,NA,NA,16.8,NA,16.2,18.4,NA,NA,30.9,NA,NA,NA,NA,NA,NA,33.8,NA,NA,NA,NA,14.8,NA,NA,NA,NA,9.8,NA,23.8,NA,NA,NA,NA,NA,NA,NA,NA,NA,NA,NA,NA,NA,NA,NA,NA,NA,NA,NA,NA,NA,NA,NA,NA,NA,NA,NA,NA,NA,NA,NA,NA,25.2,NA,NA,12.7,NA,NA,NA,NA,NA,22.5,NA,NA,30.6,NA,NA,NA,NA,NA,NA,NA,NA,NA,NA,NA,NA,NA,NA,NA,NA,NA,NA,NA,NA,NA,NA,NA,NA,NA,NA,NA,NA,16.65,NA,NA,NA,NA,NA,NA,15.6,NA,NA,NA,NA,NA,NA,11.6,NA,NA,8.1,NA,NA,NA,NA,NA,NA,19.13333333,NA,NA,35.6,NA,NA,NA,NA,NA,NA,NA,43.2,NA,NA,NA,7.4,NA,NA,NA,27.675,37.8,NA,NA,NA,NA,NA,NA,NA,25.1,NA,NA,NA,NA,NA,NA,NA,NA,NA,NA,NA,NA,NA,NA,NA,NA,NA,NA,NA,NA,NA,NA,NA,18.1,16.9,NA,10.6,45.15
Seed thickness,NA,NA,NA,NA,NA,NA,NA,NA,NA,NA,NA,NA,NA,NA,NA,NA,0.64,NA,NA,NA,NA,NA,NA,NA,NA,NA,NA,NA,NA,NA,NA,NA,NA,NA,NA,NA,NA,NA,NA,NA,NA,NA,NA,NA,NA,NA,NA,NA,NA,NA,2.89,NA,NA,NA,NA,0.25,NA,NA,NA,NA,NA,NA,NA,NA,NA,NA,NA,NA,NA,NA,NA,NA,NA,NA,NA,NA,NA,NA,NA,NA,NA,NA,NA,NA,NA,0.23,NA,NA,NA,NA,NA,NA,NA,NA,NA,NA,NA,NA,NA,NA,NA,NA,NA,NA,NA,NA,NA,1.16,NA,NA,NA,NA,NA,NA,NA,NA,NA,NA,NA,NA,NA,NA,NA,NA,NA,NA,NA,NA,NA,NA,NA,NA,NA,NA,NA,NA,NA,NA,NA,NA,NA,NA,1.63,NA,NA,NA,NA,NA,NA,NA,NA,NA,NA,NA,NA,NA,NA,NA,NA,NA,NA,NA,0.29,NA,NA,NA,NA,NA,NA,NA,NA,NA,NA,NA,NA,NA,NA,NA,NA,NA,NA,NA,NA,NA,NA,NA,NA,NA
Seed width,NA,NA,NA,NA,NA,NA,NA,NA,NA,NA,NA,NA,NA,NA,NA,NA,4.19,NA,NA,NA,NA,NA,NA,NA,NA,NA,NA,NA,NA,NA,NA,NA,NA,NA,NA,NA,NA,NA,NA,NA,NA,NA,NA,NA,NA,NA,NA,NA,NA,NA,8.15,NA,NA,NA,NA,0.4,NA,NA,NA,NA,NA,NA,NA,NA,NA,NA,NA,NA,NA,NA,NA,NA,NA,NA,NA,NA,NA,NA,NA,NA,NA,NA,NA,NA,NA,0.27,NA,NA,NA,NA,NA,NA,NA,3.2,NA,NA,NA,NA,NA,NA,NA,NA,NA,NA,NA,NA,NA,1.25,NA,NA,NA,NA,NA,NA,NA,NA,NA,NA,NA,NA,NA,NA,NA,NA,NA,NA,NA,NA,NA,NA,NA,NA,NA,NA,NA,NA,NA,NA,NA,NA,NA,NA,3.25,NA,NA,NA,NA,NA,NA,NA,NA,NA,NA,NA,NA,NA,NA,NA,NA,NA,NA,NA,0.42,NA,NA,NA,NA,NA,NA,NA,NA,NA,NA,NA,NA,NA,NA,NA,NA,NA,NA,0.4,1.18,NA,NA,NA,NA,NA
Seedbank lifespan,NA,NA,NA,NA,NA,NA,NA,NA,NA,NA,NA,NA,NA,NA,NA,NA,NA,NA,NA,NA,NA,NA,NA,NA,NA,NA,NA,NA,NA,NA,NA,NA,NA,NA,NA,NA,NA,NA,NA,NA,NA,NA,NA,NA,NA,NA,NA,NA,NA,NA,NA,NA,NA,NA,NA,NA,NA,NA,NA,NA,NA,NA,NA,NA,NA,NA,NA,NA,NA,NA,NA,NA,NA,NA,NA,NA,NA,NA,NA,NA,NA,NA,NA,NA,NA,NA,NA,NA,NA,NA,NA,NA,NA,NA,NA,NA,NA,NA,NA,NA,NA,NA,NA,NA,NA,NA,NA,NA,NA,NA,NA,NA,NA,NA,NA,NA,NA,NA,NA,NA,NA,NA,NA,NA,NA,NA,NA,NA,NA,NA,NA,NA,NA,NA,NA,NA,NA,NA,NA,NA,NA,NA,NA,NA,NA,NA,NA,NA,NA,NA,NA,NA,NA,NA,NA,NA,NA,NA,NA,NA,NA,NA,NA,NA,NA,NA,NA,NA,NA,NA,NA,NA,NA,NA,NA,NA,NA,NA,NA,NA,NA,NA,NA,NA,NA,NA,NA,NA
Species distribution: number of floristic zones,NA,3,NA,NA,NA,NA,NA,NA,NA,NA,3,3,NA,NA,NA,NA,3,5,NA,NA,2,2,NA,NA,NA,NA,NA,NA,NA,NA,NA,NA,NA,NA,NA,3,NA,4,NA,NA,NA,NA,4,NA,NA,NA,NA,NA,7,3,3,NA,NA,NA,NA,4,3,4,4,3,4,NA,NA,NA,NA,4,NA,NA,3,3,NA,3,4,NA,NA,3,NA,NA,2,NA,NA,3,NA,NA,NA,4,3,NA,NA,2,NA,NA,NA,4,NA,NA,NA,NA,NA,NA,3,NA,NA,NA,NA,4,3,NA,NA,NA,3,NA,NA,3,NA,NA,5,3,NA,NA,2,NA,NA,NA,NA,NA,NA,NA,NA,NA,NA,4,NA,4,4,7,NA,NA,NA,NA,NA,NA,2,NA,NA,NA,3,NA,NA,NA,2,3,4,NA,4,NA,NA,NA,NA,4,NA,4,NA,NA,NA,NA,NA,NA,NA,7,NA,NA,NA,NA,NA,NA,NA,NA,NA,NA,NA,5,3,NA,NA,NA,NA,NA
Stem dry mass per plant,NA,NA,NA,NA,NA,NA,NA,NA,NA,NA,NA,NA,NA,NA,NA,NA,12.268,NA,NA,NA,NA,NA,NA,NA,NA,NA,NA,NA,NA,NA,NA,NA,NA,NA,NA,NA,NA,NA,NA,NA,NA,NA,NA,NA,NA,NA,NA,NA,NA,NA,NA,NA,NA,NA,NA,NA,NA,NA,NA,NA,3.816,6.314,NA,NA,NA,NA,NA,NA,NA,NA,NA,NA,0.044,NA,NA,NA,NA,NA,NA,NA,NA,7.264,NA,NA,NA,NA,NA,NA,NA,NA,NA,NA,NA,NA,NA,NA,NA,NA,NA,NA,4.016,NA,NA,NA,NA,NA,NA,5.29,3.362,NA,NA,NA,0.16,NA,NA,NA,3.51,NA,NA,NA,NA,NA,NA,NA,NA,2.186,NA,NA,NA,NA,NA,NA,NA,NA,NA,NA,NA,NA,NA,NA,NA,NA,NA,NA,NA,NA,1.636,NA,NA,NA,NA,NA,NA,NA,NA,2.916,NA,NA,NA,7.254,NA,NA,NA,NA,NA,NA,NA,NA,NA,NA,NA,NA,NA,NA,NA,NA,NA,NA,7.966,NA,NA,NA,NA,NA,NA,NA,NA,NA
Stem length (height),NA,NA,NA,NA,NA,NA,NA,NA,NA,NA,NA,NA,NA,NA,NA,NA,NA,NA,NA,NA,NA,NA,NA,NA,NA,NA,NA,NA,NA,NA,NA,NA,NA,NA,NA,NA,NA,NA,NA,NA,NA,NA,NA,NA,NA,NA,NA,NA,NA,NA,NA,NA,NA,NA,NA,NA,NA,NA,NA,NA,NA,NA,NA,NA,NA,NA,NA,NA,NA,NA,NA,NA,NA,NA,NA,NA,NA,NA,NA,NA,NA,NA,NA,NA,NA,NA,NA,NA,NA,NA,NA,NA,NA,NA,NA,NA,NA,NA,NA,NA,NA,NA,NA,NA,NA,NA,NA,NA,NA,NA,NA,NA,NA,NA,NA,NA,NA,NA,NA,NA,NA,NA,NA,NA,NA,NA,NA,NA,NA,NA,NA,NA,NA,NA,NA,NA,NA,NA,NA,NA,NA,NA,NA,NA,NA,NA,NA,NA,NA,NA,NA,NA,NA,NA,NA,NA,NA,NA,NA,NA,NA,NA,NA,NA,NA,NA,NA,NA,NA,NA,NA,NA,NA,NA,NA,NA,NA,NA,NA,NA,NA,NA,NA,NA,NA,NA,NA,NA
Stem nitrogen (N) content per dry mass,3.563428571,NA,NA,3.390555556,NA,0.39,0.44,NA,NA,NA,NA,NA,NA,NA,NA,NA,NA,NA,19.27777778,13.1742,NA,NA,NA,NA,NA,NA,NA,NA,NA,NA,NA,NA,NA,NA,NA,NA,NA,0.56,NA,NA,NA,NA,NA,NA,NA,NA,NA,NA,NA,NA,NA,NA,NA,NA,NA,NA,NA,NA,NA,NA,NA,NA,NA,NA,0.39,NA,NA,NA,NA,NA,NA,NA,NA,NA,NA,NA,NA,NA,NA,NA,NA,NA,NA,NA,NA,NA,NA,NA,NA,NA,NA,NA,NA,NA,NA,NA,NA,NA,NA,NA,NA,NA,NA,NA,NA,NA,NA,NA,NA,NA,NA,NA,NA,NA,NA,NA,NA,NA,NA,NA,6.227534247,NA,NA,NA,NA,NA,NA,NA,0.07,NA,NA,0.51,NA,NA,NA,NA,0.32,NA,NA,NA,NA,NA,NA,NA,NA,NA,NA,NA,NA,NA,NA,NA,NA,NA,NA,NA,NA,NA,NA,NA,NA,NA,NA,NA,NA,NA,NA,NA,NA,NA,5.2,NA,NA,NA,NA,NA,NA,NA,NA,NA,NA,NA,NA,NA,NA,NA,NA,NA
Stem specific density (SSD),0.41,108.362,0.44,275.275,0.51,433.56,NA,NA,NA,NA,255.22,NA,NA,NA,NA,NA,NA,NA,0.66,0.6,NA,0.16,NA,NA,NA,NA,NA,NA,0.72,0.67,0.73,NA,NA,NA,NA,0.176,NA,NA,NA,NA,NA,NA,0.48,0.56,NA,NA,NA,NA,NA,NA,NA,NA,NA,NA,NA,NA,NA,NA,NA,NA,NA,NA,NA,NA,0.67,0.27,0.64,0.53,0.58,NA,NA,NA,NA,NA,NA,NA,0.71,NA,0.166666667,NA,NA,NA,NA,0.4,513.312,0.304,NA,NA,NA,NA,NA,NA,NA,NA,NA,NA,NA,NA,NA,NA,NA,NA,NA,NA,NA,NA,NA,NA,NA,NA,NA,0.63,NA,NA,NA,NA,0.338888889,NA,NA,NA,175.185,190.26,NA,NA,NA,NA,NA,NA,0.426,NA,NA,NA,NA,180.41,NA,NA,0.685,0.67,NA,NA,NA,0.45,0.684,NA,NA,NA,NA,NA,NA,NA,NA,NA,NA,0.41,NA,NA,NA,NA,NA,NA,NA,NA,NA,NA,NA,NA,NA,NA,NA,NA,175.16,0.4,NA,NA,0.43,225.275,0.57,NA,NA,NA,NA,NA,NA,NA,NA,NA,NA,0.19
Stomata conductance per leaf area,NA,NA,NA,160.34,NA,33.5,NA,NA,NA,NA,NA,NA,NA,NA,NA,90,455,NA,NA,NA,NA,120,NA,NA,NA,NA,120,NA,NA,NA,316,NA,NA,NA,NA,NA,NA,NA,NA,NA,NA,NA,NA,NA,NA,NA,NA,NA,NA,NA,NA,NA,NA,NA,NA,NA,NA,NA,NA,NA,NA,0.475,NA,NA,NA,NA,365.8,NA,176.382,113.3333333,NA,NA,NA,NA,NA,NA,NA,NA,NA,NA,NA,NA,NA,NA,162,NA,NA,NA,NA,NA,NA,0.4175,NA,NA,50.05666667,NA,NA,NA,NA,NA,NA,0.3,NA,NA,NA,NA,NA,0.6425,NA,NA,NA,NA,NA,NA,NA,NA,150,NA,NA,NA,199.1111111,NA,NA,NA,NA,NA,NA,NA,595,NA,NA,153,NA,210.215,NA,135,NA,126,NA,NA,NA,NA,297,NA,NA,NA,NA,NA,NA,NA,NA,NA,NA,NA,NA,NA,NA,0.0975,NA,NA,NA,NA,NA,NA,NA,NA,NA,NA,NA,NA,163,NA,NA,NA,141,454,NA,NA,0.505,NA,NA,NA,NA,NA,NA,NA,NA,130
Wood dry mass per plant dry mass,NA,NA,NA,NA,NA,NA,NA,NA,NA,NA,NA,NA,NA,NA,NA,NA,54.052,NA,NA,NA,NA,NA,NA,NA,NA,NA,NA,NA,NA,NA,NA,NA,NA,NA,NA,NA,NA,NA,NA,NA,NA,NA,NA,NA,NA,NA,NA,NA,NA,NA,NA,NA,NA,NA,NA,NA,NA,NA,NA,NA,73.452,47.916,NA,NA,NA,NA,NA,NA,NA,NA,NA,NA,59.522,NA,NA,NA,NA,NA,NA,NA,NA,86.112,NA,NA,NA,NA,NA,NA,NA,NA,NA,NA,NA,NA,NA,NA,NA,NA,NA,NA,40.206,NA,NA,NA,NA,NA,NA,56.452,63.656,NA,NA,NA,57.726,NA,NA,NA,82.638,NA,NA,NA,NA,NA,NA,NA,NA,74.748,NA,NA,NA,NA,NA,NA,NA,NA,NA,NA,NA,NA,NA,NA,NA,NA,NA,NA,NA,NA,40.088,NA,NA,NA,NA,NA,NA,NA,NA,57.884,NA,NA,NA,50.642,NA,NA,NA,NA,NA,NA,NA,NA,NA,NA,NA,NA,NA,NA,NA,NA,NA,NA,61.568,NA,NA,NA,NA,NA,NA,NA,NA,NA
Woodiness,NA,NA,NA,NA,NA,NA,NA,NA,NA,NA,1,NA,NA,NA,NA,NA,NA,NA,NA,1,NA,NA,NA,NA,NA,NA,NA,NA,NA,NA,NA,NA,NA,NA,NA,NA,NA,NA,NA,NA,NA,NA,NA,NA,NA,NA,NA,NA,NA,NA,NA,NA,NA,NA,NA,NA,NA,NA,NA,NA,NA,NA,NA,NA,NA,NA,NA,NA,NA,NA,NA,NA,NA,NA,NA,NA,NA,NA,NA,NA,NA,NA,NA,NA,NA,NA,NA,NA,NA,NA,NA,NA,NA,NA,NA,NA,NA,NA,NA,NA,NA,NA,NA,NA,NA,NA,NA,NA,NA,NA,NA,NA,NA,NA,NA,NA,NA,NA,NA,NA,NA,NA,NA,NA,NA,NA,NA,NA,NA,NA,NA,NA,NA,NA,NA,NA,NA,NA,NA,NA,NA,NA,NA,NA,NA,NA,NA,NA,NA,NA,NA,NA,NA,NA,NA,NA,NA,NA,NA,NA,NA,NA,NA,NA,NA,NA,NA,NA,NA,NA,NA,NA,NA,NA,NA,NA,NA,NA,NA,NA,NA,NA,NA,NA,NA,NA,NA,NA
