PartSite,Species,Presence
Fishkill Creek I,Alliaria petiolata,1
Indian Brook I,Alliaria petiolata,1
Indian Kill I,Alliaria petiolata,1
Lansing Kill I,Alliaria petiolata,1
Mohawk River I,Alliaria petiolata,1
Plotter Kill I,Alliaria petiolata,1
Potic Creek I,Alliaria petiolata,1
Roeliff Jansen Kill I,Alliaria petiolata,1
Saw Kill I,Alliaria petiolata,1
Stony Creek I,Alliaria petiolata,1
Wappinger Creek I,Alliaria petiolata,1
Big Brook I,Arctium lappa,1
Evas Kill I,Arctium lappa,1
Plotter Kill I,Artemisia vulgaris,1
Big Brook I,Barbarea vulgaris,1
Cobleskill Creek I,Brassica nigra,1
Big Brook I,Centaurea jacea,1
Sterling Creek I,Centaurea jacea,1
Cobleskill Creek I,Centaurea nigrescens,1
Boreas River I,Centaurea stoebe,1
Keyser Kill I,Centaurea stoebe,1
Landsman Kill I,Centaurea stoebe,1
Mohawk River I,Chelidonium majus,1
Quacken Kill I,Chelidonium majus,1
Roeliff Jansen Kill I,Chelidonium majus,1
Saw Kill I,Chelidonium majus,1
Saw Kill I,Commelina communis,1
Indian Brook I,Cynanchum louiseae,1
Landsman Kill I,Dactylis glomerata,1
Battenkill I,Daucus carota,1
Cobleskill Creek I,Daucus carota,1
Fawn Lake I,Daucus carota,1
Kennyetto Creek I,Daucus carota,1
Keyser Kill I,Daucus carota,1
Landsman Kill I,Daucus carota,1
Plotter Kill I,Daucus carota,1
Quacken Kill I,Daucus carota,1
Sterling Creek I,Daucus carota,1
Keyser Kill I,Dianthus armeria,1
Kayaderosseras Creek I,Digitaria sanguinalis,1
Fawn Lake I,Elymus repens,1
Ballston Creek I,Epipactis helleborine,1
Lansing Kill I,Epipactis helleborine,1
Sterling Creek I,Epipactis helleborine,1
Stony Creek I,Epipactis helleborine,1
Valatie Kill I,Epipactis helleborine,1
Cobleskill Creek I,Galium mollugo,1
Fawn Lake I,Galium mollugo,1
Keyser Kill I,Galium mollugo,1
Wharton Hollow Creek I,Galium mollugo,1
Ballston Creek I,Glechoma hederacea,1
Cobleskill Creek I,Glechoma hederacea,1
Hans Creek I,Glechoma hederacea,1
Landsman Kill I,Glechoma hederacea,1
Mill Creek I,Glechoma hederacea,1
Minots Corner Road I,Glechoma hederacea,1
Mohawk River I,Glechoma hederacea,1
North Branch West Stony Creek I,Glechoma hederacea,1
Quacken Kill I,Glechoma hederacea,1
Snook Kill I,Glechoma hederacea,1
Steele Creek I,Glechoma hederacea,1
Paragon Brook I,Hemerocallis fulva,1
Cedar River I,Hypericum perforatum,1
Daly Creek I,Hypericum perforatum,1
Four Mile Brook I,Hypericum perforatum,1
Hudson River I,Hypericum perforatum,1
Keyser Kill I,Hypericum perforatum,1
Kinderhook Creek I,Hypericum perforatum,1
Paragon Brook I,Hypericum perforatum,1
Sterling Creek I,Hypericum perforatum,1
Wharton Hollow Creek I,Hypericum perforatum,1
Cadman Creek I,Leonurus cardiaca,1
Quacken Kill I,Leonurus cardiaca,1
Roeliff Jansen Kill I,Leonurus cardiaca,1
Boreas River I,Leucanthemum vulgare,1
Cedar River I,Leucanthemum vulgare,1
Cobleskill Creek I,Leucanthemum vulgare,1
Fawn Lake I,Leucanthemum vulgare,1
Four Mile Brook I,Leucanthemum vulgare,1
Keyser Kill I,Leucanthemum vulgare,1
Cedar River I,Linaria vulgaris,1
Roeliff Jansen Kill I,Lithospermum officinale,1
Valatie Kill I,Lonicera japonica,1
Boreas River I,Lotus corniculatus,1
Cobleskill Creek I,Lotus corniculatus,1
Fawn Lake I,Lotus corniculatus,1
Keyser Kill I,Lotus corniculatus,1
Ballston Creek I,Lysimachia nummularia,1
Battenkill I,Lysimachia nummularia,1
Big Brook I,Lysimachia nummularia,1
Fishkill Creek I,Lysimachia nummularia,1
Indian Kill I,Lysimachia nummularia,1
Minots Corner Road I,Lysimachia nummularia,1
Mohawk River I,Lysimachia nummularia,1
Snook Kill I,Lysimachia nummularia,1
Sterling Creek I,Lysimachia nummularia,1
Wappinger Creek I,Lysimachia nummularia,1
Wharton Hollow Creek I,Lysimachia nummularia,1
Alplaus Kill I,Lythrum salicaria,1
Ballston Creek I,Lythrum salicaria,1
Cobleskill Creek I,Lythrum salicaria,1
Evas Kill I,Lythrum salicaria,1
Fawn Lake I,Lythrum salicaria,1
Indian Kill I,Lythrum salicaria,1
Kayaderosseras Creek I,Lythrum salicaria,1
Landsman Kill I,Lythrum salicaria,1
Plotter Kill I,Lythrum salicaria,1
Roeliff Jansen Kill I,Lythrum salicaria,1
Snook Kill I,Lythrum salicaria,1
Sprout Creek I,Lythrum salicaria,1
Wappinger Creek I,Lythrum salicaria,1
Cobleskill Creek I,Melilotus officinalis,1
Fawn Lake I,Melilotus officinalis,1
Keyser Kill I,Melilotus officinalis,1
Landsman Kill I,Melilotus officinalis,1
Plotter Kill I,Melilotus officinalis,1
Timmerman Creek I,Melilotus officinalis,1
Wharton Hollow Creek I,Melilotus officinalis,1
Cobleskill Creek I,Myosotis scorpioides,1
Fawn Lake I,Myosotis scorpioides,1
Wharton Hollow Creek I,Myosotis scorpioides,1
Battenkill I,Phleum pratense,1
Cedar River I,Phleum pratense,1
Fawn Lake I,Phleum pratense,1
Paragon Brook I,Phleum pratense,1
Quacken Kill I,Phleum pratense,1
Battenkill I,Plantago lanceolata,1
Big Brook I,Plantago lanceolata,1
Alplaus Kill I,Plantago major,1
Big Brook I,Plantago major,1
Boreas River I,Plantago major,1
Cobleskill Creek I,Plantago major,1
Evas Kill I,Plantago major,1
Fawn Lake I,Plantago major,1
Indian Kill I,Plantago major,1
Kayaderosseras Creek I,Plantago major,1
Kennyetto Creek I,Plantago major,1
Kinderhook Creek I,Plantago major,1
Lansing Kill I,Plantago major,1
Potic Creek I,Plantago major,1
Quacken Kill I,Plantago major,1
Snook Kill I,Plantago major,1
Sprout Creek I,Plantago major,1
Sterling Creek I,Plantago major,1
Stony Creek I,Plantago major,1
Alplaus Kill I,Polygonum cuspidatum,1
Green River I,Polygonum cuspidatum,1
Kayaderosseras Creek I,Polygonum cuspidatum,1
Keyser Kill I,Polygonum cuspidatum,1
Steele Creek I,Polygonum cuspidatum,1
Fawn Lake I,Polygonum hydropiper,1
Saw Kill I,Polygonum hydropiper,1
Ballston Creek I,Polygonum persicaria,1
Cobleskill Creek I,Polygonum persicaria,1
Evas Kill I,Polygonum persicaria,1
Indian Brook I,Polygonum persicaria,1
Kayaderosseras Creek I,Polygonum persicaria,1
Potic Creek I,Polygonum persicaria,1
Quacken Kill I,Polygonum persicaria,1
Sprout Creek I,Polygonum persicaria,1
Stony Creek I,Polygonum persicaria,1
Landsman Kill I,Potentilla recta,1
Alplaus Kill I,Rosa multiflora,1
Alplaus Kill I,Rosa multiflora,1
Beaver Kill I,Rosa multiflora,1
Evas Kill I,Rosa multiflora,1
Fishkill Creek I,Rosa multiflora,1
Green River I,Rosa multiflora,1
Indian Brook I,Rosa multiflora,1
Kinderhook Creek I,Rosa multiflora,1
Landsman Kill I,Rosa multiflora,1
Mohawk River I,Rosa multiflora,1
Plotter Kill I,Rosa multiflora,1
Potic Creek I,Rosa multiflora,1
Quacken Kill I,Rosa multiflora,1
Roeliff Jansen Kill I,Rosa multiflora,1
Saw Kill I,Rosa multiflora,1
Sprout Creek I,Rosa multiflora,1
Steele Creek I,Rosa multiflora,1
Stony Creek I,Rosa multiflora,1
Valatie Kill I,Rosa multiflora,1
Wappinger Creek I,Rosa multiflora,1
Big Brook I,Rumex crispus,1
Cedar River I,Rumex crispus,1
Kayaderosseras Creek I,Rumex crispus,1
Kinderhook Creek I,Rumex crispus,1
Mill Brook I,Rumex crispus,1
Plotter Kill I,Rumex crispus,1
Sherriff Lake Outlet I,Rumex crispus,1
Snook Kill I,Rumex crispus,1
Sterling Creek I,Rumex crispus,1
Trout Brook I,Rumex crispus,1
Cobleskill Creek I,Rumex obtusifolius,1
Keyser Kill I,Rumex obtusifolius,1
Roeliff Jansen Kill I,Rumex obtusifolius,1
Wharton Hollow Creek I,Rumex obtusifolius,1
Big Brook I,Saponaria officinalis,1
Quacken Kill I,Saponaria officinalis,1
Boreas River I,Securigera varia,1
Cobleskill Creek I,Securigera varia,1
Kennyetto Creek I,Securigera varia,1
Keyser Kill I,Securigera varia,1
Mill Brook I,Securigera varia,1
New Pond Brook I,Securigera varia,1
Sherriff Lake Outlet I,Securigera varia,1
Timmerman Creek I,Silene vulgaris,1
Alplaus Kill I,Solanum dulcamara,1
Big Brook I,Solanum dulcamara,1
Evas Kill I,Solanum dulcamara,1
Fawn Lake I,Solanum dulcamara,1
Keyser Kill I,Solanum dulcamara,1
Sterling Creek I,Solanum dulcamara,1
Timmerman Creek I,Solanum dulcamara,1
Wharton Hollow Creek I,Solanum dulcamara,1
Bullhead Pond Brook I,Sonchus oleraceus,1
Kinderhook Creek I,Sonchus oleraceus,1
New Pond Brook I,Sonchus oleraceus,1
Quacken Kill I,Sonchus oleraceus,1
Snook Kill I,Sonchus oleraceus,1
Quacken Kill I,Tanacetum vulgare,1
Keyser Kill I,Trifolium aureum,1
Sterling Creek I,Trifolium aureum,1
Kayaderosseras Creek I,Trifolium pratense,1
Kennyetto Creek I,Trifolium pratense,1
Keyser Kill I,Trifolium pratense,1
Kinderhook Creek I,Trifolium pratense,1
Landsman Kill I,Trifolium pratense,1
Mill Brook I,Trifolium pratense,1
Paragon Brook I,Trifolium pratense,1
Sterling Creek I,Trifolium pratense,1
Stony Creek I,Trifolium pratense,1
Timmerman Creek I,Trifolium pratense,1
Wharton Hollow Creek I,Trifolium pratense,1
Keyser Kill I,Trifolium repens,1
Kinderhook Creek I,Trifolium repens,1
Beaver Kill I,Tussilago farfara,1
Cadman Creek I,Tussilago farfara,1
Daly Creek I,Tussilago farfara,1
Evas Kill I,Tussilago farfara,1
Green River I,Tussilago farfara,1
Keyser Kill I,Tussilago farfara,1
Lansing Kill I,Tussilago farfara,1
Plotter Kill I,Tussilago farfara,1
Saw Kill I,Tussilago farfara,1
Steele Creek I,Tussilago farfara,1
Sterling Creek I,Tussilago farfara,1
Stewart Creek I,Tussilago farfara,1
Timmerman Creek I,Tussilago farfara,1
Wharton Hollow Creek I,Tussilago farfara,1
Keyser Kill I,Verbascum thapsus,1
Landsman Kill I,Verbascum thapsus,1
Plotter Kill I,Verbascum thapsus,1
Roeliff Jansen Kill I,Verbascum thapsus,1
Kennyetto Creek I,Vinca minor,1
Big Brook N,Ageratina altissima,1
Evas Kill N,Ageratina altissima,1
Green River N,Ageratina altissima,1
Indian Kill N,Ageratina altissima,1
Kinderhook Creek N,Ageratina altissima,1
Plotter Kill N,Ageratina altissima,1
Quacken Kill N,Ageratina altissima,1
Alplaus Kill N,Agrimonia gryposepala,1
Kinderhook Creek N,Agrimonia gryposepala,1
Mill Brook N,Agrimonia gryposepala,1
Alplaus Kill N,Agrostis perennans,1
Cadman Creek N,Agrostis perennans,1
Chester Creek N,Agrostis perennans,1
Daly Creek N,Agrostis perennans,1
Hans Creek N,Agrostis perennans,1
Indian Kill N,Agrostis perennans,1
Keyser Kill N,Agrostis perennans,1
Mill Brook N,Agrostis perennans,1
Mill Creek N,Agrostis perennans,1
New Pond Brook N,Agrostis perennans,1
North Branch West Stony Creek N,Agrostis perennans,1
Robbs Creek N,Agrostis perennans,1
Robbs Creek N,Agrostis perennans,1
Sherriff Lake Outlet N,Agrostis perennans,1
Stewart Creek N,Agrostis perennans,1
Trout Brook N,Agrostis perennans,1
Ballston Creek N,Ambrosia trifida,1
Indian Brook N,Ambrosia trifida,1
Indian Kill N,Ambrosia trifida,1
Kayaderosseras Creek N,Ambrosia trifida,1
Keyser Kill N,Ambrosia trifida,1
Landsman Kill N,Ambrosia trifida,1
Ballston Creek N,Amphicarpaea bracteata,1
Battenkill N,Amphicarpaea bracteata,1
Evas Kill N,Amphicarpaea bracteata,1
Hans Creek N,Amphicarpaea bracteata,1
Indian Kill N,Amphicarpaea bracteata,1
Mohawk River N,Amphicarpaea bracteata,1
Paragon Brook N,Amphicarpaea bracteata,1
Plotter Kill N,Amphicarpaea bracteata,1
Potic Creek N,Amphicarpaea bracteata,1
Snook Kill N,Amphicarpaea bracteata,1
Sterling Creek N,Anemone virginiana,1
Alplaus Kill N,Apocynum cannabinum,1
Cobleskill Creek N,Apocynum cannabinum,1
Daly Creek N,Apocynum cannabinum,1
Fawn Lake N,Apocynum cannabinum,1
Plotter Kill N,Apocynum cannabinum,1
Saw Kill N,Apocynum cannabinum,1
Wappinger Creek N,Apocynum cannabinum,1
Bullhead Pond Brook N,Arisaema triphyllum,1
Cadman Creek N,Arisaema triphyllum,1
Daly Creek N,Arisaema triphyllum,1
Mill Brook N,Arisaema triphyllum,1
Potic Creek N,Arisaema triphyllum,1
Alplaus Kill N,Asclepias syriaca,1
Kayaderosseras Creek N,Asclepias syriaca,1
Paragon Brook N,Asclepias syriaca,1
Alplaus Kill N,Athyrium filix-femina,1
Cadman Creek N,Athyrium filix-femina,1
Daly Creek N,Athyrium filix-femina,1
Kinderhook Creek N,Athyrium filix-femina,1
Mill Creek N,Athyrium filix-femina,1
Mohawk River N,Athyrium filix-femina,1
Robbs Creek N,Athyrium filix-femina,1
Roeliff Jansen Kill N,Athyrium filix-femina,1
Sherriff Lake Outlet N,Athyrium filix-femina,1
Valatie Kill N,Athyrium filix-femina,1
Fawn Lake N,Bidens connata,1
Alplaus Kill N,Bidens frondosa,1
Ballston Creek N,Bidens frondosa,1
Big Brook N,Bidens frondosa,1
Cobleskill Creek N,Bidens frondosa,1
Evas Kill N,Bidens frondosa,1
Indian Kill N,Bidens frondosa,1
Kayaderosseras Creek N,Bidens frondosa,1
Landsman Kill N,Bidens frondosa,1
Potic Creek N,Bidens frondosa,1
Quacken Kill N,Bidens frondosa,1
Snook Kill N,Bidens frondosa,1
Stony Creek N,Bidens frondosa,1
Sterling Creek N,Blephilia hirsuta,1
Cadman Creek N,Boehmeria cylindrica,1
Indian Brook N,Boehmeria cylindrica,1
Kinderhook Creek N,Boehmeria cylindrica,1
Landsman Kill N,Boehmeria cylindrica,1
Mill Brook N,Boehmeria cylindrica,1
Potic Creek N,Boehmeria cylindrica,1
Trout Brook N,Boehmeria cylindrica,1
Alplaus Kill N,Brachyelytrum aristosum,1
Bullhead Pond Brook N,Brachyelytrum aristosum,1
Cadman Creek N,Brachyelytrum aristosum,1
Daly Creek N,Brachyelytrum aristosum,1
Hans Creek N,Brachyelytrum aristosum,1
Indian Brook N,Brachyelytrum aristosum,1
Indian Kill N,Brachyelytrum aristosum,1
Landsman Kill N,Brachyelytrum aristosum,1
Mill Creek N,Brachyelytrum aristosum,1
North Branch West Stony Creek N,Brachyelytrum aristosum,1
Potic Creek N,Brachyelytrum aristosum,1
Quacken Kill N,Brachyelytrum aristosum,1
Robbs Creek N,Brachyelytrum aristosum,1
Saw Kill N,Brachyelytrum aristosum,1
Sherriff Lake Outlet N,Brachyelytrum aristosum,1
Stewart Creek N,Brachyelytrum aristosum,1
Stony Creek N,Brachyelytrum aristosum,1
Trout Brook N,Brachyelytrum aristosum,1
Robbs Creek N,Bromus ciliatus,1
Mill Creek N,Bromus pubescens,1
Ballston Creek N,Carex crinita,1
Beaver Kill N,Carex crinita,1
Cadman Creek N,Carex crinita,1
Daly Creek N,Carex crinita,1
Four Mile Brook N,Carex crinita,1
Hans Creek N,Carex crinita,1
Kayaderosseras Creek N,Carex crinita,1
Kayaderosseras Creek N,Carex crinita,1
Keyser Kill N,Carex crinita,1
Potic Creek N,Carex crinita,1
Sherriff Lake Outlet N,Carex crinita,1
Keyser Kill N,Carex scoparia,1
Cadman Creek N,Chelone glabra,1
Cedar River N,Chelone glabra,1
Four Mile Brook N,Chelone glabra,1
Mill Creek N,Chelone glabra,1
New Pond Brook N,Chelone glabra,1
North Branch West Stony Creek N,Chelone glabra,1
Robbs Creek N,Chelone glabra,1
Sherriff Lake Outlet N,Chelone glabra,1
Trout Brook N,Chelone glabra,1
Ballston Creek N,Cicuta maculata,1
Big Brook N,Cicuta maculata,1
Cedar River N,Cicuta maculata,1
Evas Kill N,Cicuta maculata,1
Kinderhook Creek N,Cicuta maculata,1
Mill Creek N,Cicuta maculata,1
Plotter Kill N,Cicuta maculata,1
Quacken Kill N,Cicuta maculata,1
Steele Creek N,Cicuta maculata,1
Sterling Creek N,Cicuta maculata,1
Stewart Creek N,Cicuta maculata,1
Timmerman Creek N,Cicuta maculata,1
Cadman Creek N,Cinna arundinacea,1
Evas Kill N,Cinna arundinacea,1
Quacken Kill N,Cinna arundinacea,1
Snook Kill N,Cinna arundinacea,1
Cadman Creek N,Circaea lutetiana,1
Daly Creek N,Circaea lutetiana,1
Evas Kill N,Circaea lutetiana,1
Indian Brook N,Circaea lutetiana,1
Indian Kill N,Circaea lutetiana,1
Potic Creek N,Circaea lutetiana,1
Robbs Creek N,Circaea lutetiana,1
Stony Creek N,Circaea lutetiana,1
Wharton Hollow Creek N,Circaea lutetiana,1
Beaver Kill N,Clematis virginiana,1
Big Brook N,Clematis virginiana,1
Boreas River N,Clematis virginiana,1
Cadman Creek N,Clematis virginiana,1
Cedar River N,Clematis virginiana,1
Daly Creek N,Clematis virginiana,1
Fawn Lake N,Clematis virginiana,1
Four Mile Brook N,Clematis virginiana,1
Mill Creek N,Clematis virginiana,1
North Branch West Stony Creek N,Clematis virginiana,1
Quacken Kill N,Clematis virginiana,1
Robbs Creek N,Clematis virginiana,1
Sherriff Lake Outlet N,Clematis virginiana,1
Sprout Creek N,Clematis virginiana,1
Sterling Creek N,Clematis virginiana,1
Stewart Creek N,Clematis virginiana,1
Timmerman Creek N,Clematis virginiana,1
Trout Brook N,Clematis virginiana,1
Wharton Hollow Creek N,Clematis virginiana,1
Beaver Kill N,Clinopodium vulgare,1
Evas Kill N,Collinsonia canadensis,1
Evas Kill N,Cryptotaenia canadensis,1
Ballston Creek N,Cyperus strigosus,1
Chester Creek N,Cyperus strigosus,1
Kayaderosseras Creek N,Cyperus strigosus,1
Battenkill N,Dichanthelium clandestinum,1
Beaver Kill N,Dichanthelium clandestinum,1
Cadman Creek N,Dichanthelium clandestinum,1
Cedar River N,Dichanthelium clandestinum,1
Hans Creek N,Dichanthelium clandestinum,1
Indian Brook N,Dichanthelium clandestinum,1
Indian Kill N,Dichanthelium clandestinum,1
Kayaderosseras Creek N,Dichanthelium clandestinum,1
Kennyetto Creek N,Dichanthelium clandestinum,1
Kinderhook Creek N,Dichanthelium clandestinum,1
Mill Brook N,Dichanthelium clandestinum,1
North Branch West Stony Creek N,Dichanthelium clandestinum,1
Potic Creek N,Dichanthelium clandestinum,1
Quacken Kill N,Dichanthelium clandestinum,1
Roeliff Jansen Kill N,Dichanthelium clandestinum,1
Snook Kill N,Dichanthelium clandestinum,1
Trout Brook N,Dichanthelium clandestinum,1
Fishkill Creek N,Dioscorea villosa,1
Boreas River N,Doellingeria umbellata,1
Cedar River N,Doellingeria umbellata,1
Daly Creek N,Doellingeria umbellata,1
Four Mile Brook N,Doellingeria umbellata,1
Hans Creek N,Doellingeria umbellata,1
Hudson River N,Doellingeria umbellata,1
Jassup River N,Doellingeria umbellata,1
Lansing Kill N,Doellingeria umbellata,1
Mill Brook N,Doellingeria umbellata,1
Mill Creek N,Doellingeria umbellata,1
Minots Corner Road N,Doellingeria umbellata,1
North Branch West Stony Creek N,Doellingeria umbellata,1
Robbs Creek N,Doellingeria umbellata,1
Snook Kill N,Doellingeria umbellata,1
Stewart Creek N,Doellingeria umbellata,1
Trout Brook N,Doellingeria umbellata,1
Lansing Kill N,Dryopteris carthusiana,1
Stewart Creek N,Dryopteris carthusiana,1
Evas Kill N,Dryopteris cristata,1
Ballston Creek N,Echinocystis lobata,1
Kayaderosseras Creek N,Echinocystis lobata,1
Alplaus Kill N,Elymus canadensis,1
Alplaus Kill N,Elymus canadensis,1
Boreas River N,Elymus canadensis,1
Cadman Creek N,Elymus canadensis,1
Hudson River N,Elymus canadensis,1
Indian Kill N,Elymus canadensis,1
Jassup River N,Elymus canadensis,1
Kinderhook Creek N,Elymus canadensis,1
Mill Brook N,Elymus canadensis,1
New Pond Brook N,Elymus canadensis,1
Plotter Kill N,Elymus canadensis,1
Quacken Kill N,Elymus canadensis,1
Robbs Creek N,Elymus canadensis,1
Snook Kill N,Elymus canadensis,1
Stony Creek N,Elymus hystrix,1
Cedar River N,Elymus trachycaulus,1
Beaver Kill N,Elymus virginicus,1
Saw Kill N,Elymus virginicus,1
Evas Kill N,Epilobium ciliatum,1
Snook Kill N,Epilobium ciliatum,1
Battenkill N,Equisetum fluviatile,1
Keyser Kill N,Equisetum fluviatile,1
Timmerman Creek N,Equisetum fluviatile,1
Timmerman Creek N,Equisetum hyemale,1
Cedar River N,Equisetum palustre,1
Alplaus Kill N,Equisetum pratense,1
Boreas River N,Equisetum pratense,1
Hans Creek N,Equisetum pratense,1
Potic Creek N,Equisetum pratense,1
Sherriff Lake Outlet N,Equisetum pratense,1
Snook Kill N,Equisetum pratense,1
Sterling Creek N,Equisetum pratense,1
Wappinger Creek N,Equisetum pratense,1
Keyser Kill N,Erigeron annuus,1
Kinderhook Creek N,Erigeron annuus,1
Landsman Kill N,Erigeron annuus,1
Paragon Brook N,Erigeron annuus,1
Potic Creek N,Erigeron annuus,1
Evas Kill N,Eupatorium perfoliatum,1
Fawn Lake N,Eupatorium perfoliatum,1
Mill Brook N,Eupatorium perfoliatum,1
Robbs Creek N,Eupatorium perfoliatum,1
Wharton Hollow Creek N,Eupatorium perfoliatum,1
Kayaderosseras Creek N,Euphorbia maculata,1
Alplaus Kill N,Eurybia divaricata,1
Ballston Creek N,Eurybia divaricata,1
Battenkill N,Eurybia divaricata,1
Daly Creek N,Eurybia divaricata,1
Fawn Lake N,Eurybia divaricata,1
Green River N,Eurybia divaricata,1
Hans Creek N,Eurybia divaricata,1
Indian Brook N,Eurybia divaricata,1
Indian Kill N,Eurybia divaricata,1
Kinderhook Creek N,Eurybia divaricata,1
Lansing Kill N,Eurybia divaricata,1
Potic Creek N,Eurybia divaricata,1
Quacken Kill N,Eurybia divaricata,1
Stony Creek N,Eurybia divaricata,1
Valatie Kill N,Eurybia divaricata,1
Cedar River N,Euthamia caroliniana,1
Beaver Kill N,Euthamia graminifolia,1
Boreas River N,Euthamia graminifolia,1
Cedar River N,Euthamia graminifolia,1
Chester Creek N,Euthamia graminifolia,1
Four Mile Brook N,Euthamia graminifolia,1
Jassup River N,Euthamia graminifolia,1
Kennyetto Creek N,Euthamia graminifolia,1
Landsman Kill N,Euthamia graminifolia,1
North Branch West Stony Creek N,Euthamia graminifolia,1
Potic Creek N,Euthamia graminifolia,1
Robbs Creek N,Euthamia graminifolia,1
Sterling Creek N,Euthamia graminifolia,1
Alplaus Kill N,Eutrochium maculatum,1
Boreas River N,Eutrochium maculatum,1
Cedar River N,Eutrochium maculatum,1
Cedar River N,Eutrochium maculatum,1
Cobleskill Creek N,Eutrochium maculatum,1
Evas Kill N,Eutrochium maculatum,1
Fawn Lake N,Eutrochium maculatum,1
Four Mile Brook N,Eutrochium maculatum,1
Green River N,Eutrochium maculatum,1
Hudson River N,Eutrochium maculatum,1
Keyser Kill N,Eutrochium maculatum,1
Mill Brook N,Eutrochium maculatum,1
Mill Creek N,Eutrochium maculatum,1
Mohawk River N,Eutrochium maculatum,1
North Branch West Stony Creek N,Eutrochium maculatum,1
North Branch West Stony Creek N,Eutrochium maculatum,1
Paragon Brook N,Eutrochium maculatum,1
Quacken Kill N,Eutrochium maculatum,1
Robbs Creek N,Eutrochium maculatum,1
Sherriff Lake Outlet N,Eutrochium maculatum,1
Sherriff Lake Outlet N,Eutrochium maculatum,1
Timmerman Creek N,Eutrochium maculatum,1
Trout Brook N,Eutrochium maculatum,1
Wharton Hollow Creek N,Eutrochium maculatum,1
Alplaus Kill N,Eutrochium purpureum,1
Cadman Creek N,Eutrochium purpureum,1
Hans Creek N,Eutrochium purpureum,1
Hans Creek N,Eutrochium purpureum,1
Indian Kill N,Eutrochium purpureum,1
Kennyetto Creek N,Eutrochium purpureum,1
Kinderhook Creek N,Eutrochium purpureum,1
New Pond Brook N,Eutrochium purpureum,1
Quacken Kill N,Eutrochium purpureum,1
Robbs Creek N,Eutrochium purpureum,1
Sherriff Lake Outlet N,Eutrochium purpureum,1
Snook Kill N,Eutrochium purpureum,1
Big Brook N,Fragaria vesca,1
Cedar River N,Fragaria vesca,1
Four Mile Brook N,Fragaria vesca,1
Hans Creek N,Fragaria vesca,1
Lansing Kill N,Fragaria vesca,1
Mill Creek N,Fragaria vesca,1
Minots Corner Road N,Fragaria vesca,1
New Pond Brook N,Fragaria vesca,1
Paragon Brook N,Fragaria vesca,1
Robbs Creek N,Fragaria vesca,1
Sterling Creek N,Fragaria vesca,1
Stewart Creek N,Fragaria vesca,1
Timmerman Creek N,Fragaria vesca,1
Big Brook N,Galium aparine,1
Fawn Lake N,Galium aparine,1
Four Mile Brook N,Galium aparine,1
Robbs Creek N,Galium aparine,1
Sterling Creek N,Galium aparine,1
Cadman Creek N,Galium asprellum,1
Daly Creek N,Galium asprellum,1
Four Mile Brook N,Galium asprellum,1
Hudson River N,Galium asprellum,1
Mill Brook N,Galium asprellum,1
Mill Creek N,Galium asprellum,1
Paragon Brook N,Galium asprellum,1
Sherriff Lake Outlet N,Galium asprellum,1
Timmerman Creek N,Galium asprellum,1
Beaver Kill N,Galium boreale,1
Wappinger Creek N,Galium boreale,1
Wharton Hollow Creek N,Galium boreale,1
Alplaus Kill N,Galium palustre,1
Ballston Creek N,Galium palustre,1
Battenkill N,Galium palustre,1
Beaver Kill N,Galium palustre,1
Cedar River N,Galium palustre,1
Chester Creek N,Galium palustre,1
Jassup River N,Galium palustre,1
Kennyetto Creek N,Galium palustre,1
Kinderhook Creek N,Galium palustre,1
Landsman Kill N,Galium palustre,1
Mohawk River N,Galium palustre,1
Potic Creek N,Galium palustre,1
Quacken Kill N,Galium palustre,1
Roeliff Jansen Kill N,Galium palustre,1
Stony Creek N,Galium palustre,1
Wharton Hollow Creek N,Galium palustre,1
Roeliff Jansen Kill N,Galium triflorum,1
Hudson River N,Gentiana linearis,1
Landsman Kill N,Geum canadense,1
Mohawk River N,Geum canadense,1
Roeliff Jansen Kill N,Geum canadense,1
Snook Kill N,Geum canadense,1
Ballston Creek N,Glyceria striata,1
Cadman Creek N,Glyceria striata,1
Daly Creek N,Glyceria striata,1
Four Mile Brook N,Glyceria striata,1
Four Mile Brook N,Glyceria striata,1
Indian Kill N,Glyceria striata,1
Keyser Kill N,Glyceria striata,1
Mill Brook N,Glyceria striata,1
Mill Creek N,Glyceria striata,1
New Pond Brook N,Glyceria striata,1
New Pond Brook N,Glyceria striata,1
North Branch West Stony Creek N,Glyceria striata,1
Robbs Creek N,Glyceria striata,1
Sherriff Lake Outlet N,Glyceria striata,1
Timmerman Creek N,Glyceria striata,1
Battenkill N,Helianthus strumosus,1
Valatie Kill N,Helianthus strumosus,1
Quacken Kill N,Helianthus tuberosus,1
Bullhead Pond Brook N,Heuchera villosa,1
Cadman Creek N,Heuchera villosa,1
Daly Creek N,Heuchera villosa,1
Robbs Creek N,Heuchera villosa,1
Stewart Creek N,Heuchera villosa,1
Robbs Creek N,Hypericum mutilum,1
Stony Creek N,Hypericum punctatum,1
Ballston Creek N,Impatiens capensis,1
Beaver Kill N,Impatiens capensis,1
Bullhead Pond Brook N,Impatiens capensis,1
Daly Creek N,Impatiens capensis,1
Fawn Lake N,Impatiens capensis,1
Fishkill Creek N,Impatiens capensis,1
Indian Brook N,Impatiens capensis,1
Indian Kill N,Impatiens capensis,1
Keyser Kill N,Impatiens capensis,1
Landsman Kill N,Impatiens capensis,1
Lansing Kill N,Impatiens capensis,1
Plotter Kill N,Impatiens capensis,1
Potic Creek N,Impatiens capensis,1
Quacken Kill N,Impatiens capensis,1
Roeliff Jansen Kill N,Impatiens capensis,1
Saw Kill N,Impatiens capensis,1
Snook Kill N,Impatiens capensis,1
Sprout Creek N,Impatiens capensis,1
Stony Creek N,Impatiens capensis,1
Ballston Creek N,Impatiens pallida,1
Evas Kill N,Impatiens pallida,1
Mohawk River N,Impatiens pallida,1
Plotter Kill N,Impatiens pallida,1
Four Mile Brook N,Juncus articulatus,1
Timmerman Creek N,Juncus articulatus,1
Cedar River N,Juncus filiformis,1
Four Mile Brook N,Juncus filiformis,1
Alplaus Kill N,Laportea canadensis,1
Ballston Creek N,Laportea canadensis,1
Evas Kill N,Laportea canadensis,1
Landsman Kill N,Laportea canadensis,1
Snook Kill N,Laportea canadensis,1
Battenkill N,Liparis loeselii,1
Mill Creek N,Liparis loeselii,1
Stewart Creek N,Liparis loeselii,1
Ballston Creek N,Lobelia cardinalis,1
Jassup River N,Lobelia cardinalis,1
Mill Brook N,Lobelia cardinalis,1
Mill Creek N,Lobelia cardinalis,1
Paragon Brook N,Lobelia cardinalis,1
Stewart Creek N,Lobelia cardinalis,1
Timmerman Creek N,Lobelia cardinalis,1
Trout Brook N,Lobelia cardinalis,1
Kinderhook Creek N,Lobelia inflata,1
Evas Kill N,Lobelia siphilitica,1
Snook Kill N,Lobelia siphilitica,1
Chester Creek N,Ludwigia palustris,1
Jassup River N,Ludwigia palustris,1
Hudson River N,Lycopus americanus,1
Boreas River N,Lycopus rubellus,1
Cadman Creek N,Lycopus rubellus,1
Cedar River N,Lycopus rubellus,1
Chester Creek N,Lycopus rubellus,1
Evas Kill N,Lycopus rubellus,1
Four Mile Brook N,Lycopus rubellus,1
Lansing Kill N,Lycopus rubellus,1
New Pond Brook N,Lycopus rubellus,1
North Branch West Stony Creek N,Lycopus rubellus,1
Robbs Creek N,Lycopus rubellus,1
Sherriff Lake Outlet N,Lycopus rubellus,1
Snook Kill N,Lycopus rubellus,1
Sterling Creek N,Lycopus rubellus,1
Stewart Creek N,Lycopus rubellus,1
Trout Brook N,Lycopus rubellus,1
Battenkill N,Lysimachia ciliata,1
Beaver Kill N,Lysimachia ciliata,1
Mill Brook N,Lysimachia ciliata,1
Mohawk River N,Lysimachia ciliata,1
Wharton Hollow Creek N,Lysimachia ciliata,1
Ballston Creek N,Lysimachia quadrifolia,1
Fawn Lake N,Lysimachia terrestris,1
Bullhead Pond Brook N,Maianthemum racemosum,1
Cadman Creek N,Maianthemum racemosum,1
Hans Creek N,Maianthemum racemosum,1
Indian Kill N,Maianthemum racemosum,1
Kennyetto Creek N,Maianthemum racemosum,1
Kinderhook Creek N,Maianthemum racemosum,1
Lansing Kill N,Maianthemum racemosum,1
Minots Corner Road N,Maianthemum racemosum,1
Mohawk River N,Maianthemum racemosum,1
North Branch West Stony Creek N,Maianthemum racemosum,1
Robbs Creek N,Maianthemum racemosum,1
Stewart Creek N,Maianthemum racemosum,1
Trout Brook N,Maianthemum racemosum,1
Valatie Kill N,Maianthemum racemosum,1
Alplaus Kill N,Matteuccia struthiopteris,1
Ballston Creek N,Matteuccia struthiopteris,1
Hans Creek N,Matteuccia struthiopteris,1
Indian Kill N,Matteuccia struthiopteris,1
Mill Creek N,Matteuccia struthiopteris,1
Minots Corner Road N,Matteuccia struthiopteris,1
Jassup River N,Mimulus ringens,1
Kayaderosseras Creek N,Mimulus ringens,1
Snook Kill N,Mimulus ringens,1
Trout Brook N,Mitchella repens,1
Stony Creek N,Monotropa uniflora,1
Quacken Kill N,Muhlenbergia mexicana,1
Alplaus Kill N,Myosotis laxa,1
Ballston Creek N,Myosotis laxa,1
Evas Kill N,Myosotis laxa,1
Kayaderosseras Creek N,Myosotis laxa,1
Keyser Kill N,Myosotis laxa,1
Alplaus Kill N,Onoclea sensibilis,1
Ballston Creek N,Onoclea sensibilis,1
Battenkill N,Onoclea sensibilis,1
Beaver Kill N,Onoclea sensibilis,1
Boreas River N,Onoclea sensibilis,1
Cadman Creek N,Onoclea sensibilis,1
Cedar River N,Onoclea sensibilis,1
Chester Creek N,Onoclea sensibilis,1
Daly Creek N,Onoclea sensibilis,1
Fawn Lake N,Onoclea sensibilis,1
Four Mile Brook N,Onoclea sensibilis,1
Green River N,Onoclea sensibilis,1
Hans Creek N,Onoclea sensibilis,1
Indian Brook N,Onoclea sensibilis,1
Indian Kill N,Onoclea sensibilis,1
Jassup River N,Onoclea sensibilis,1
Kennyetto Creek N,Onoclea sensibilis,1
Kinderhook Creek N,Onoclea sensibilis,1
Mill Brook N,Onoclea sensibilis,1
Mill Creek N,Onoclea sensibilis,1
Minots Corner Road N,Onoclea sensibilis,1
Mohawk River N,Onoclea sensibilis,1
Paragon Brook N,Onoclea sensibilis,1
Potic Creek N,Onoclea sensibilis,1
Quacken Kill N,Onoclea sensibilis,1
Robbs Creek N,Onoclea sensibilis,1
Roeliff Jansen Kill N,Onoclea sensibilis,1
Sherriff Lake Outlet N,Onoclea sensibilis,1
Snook Kill N,Onoclea sensibilis,1
Sprout Creek N,Onoclea sensibilis,1
Timmerman Creek N,Onoclea sensibilis,1
Trout Brook N,Onoclea sensibilis,1
Wharton Hollow Creek N,Onoclea sensibilis,1
Robbs Creek N,Osmunda cinnamomea,1
Boreas River N,Osmunda regalis,1
Chester Creek N,Osmunda regalis,1
Daly Creek N,Osmunda regalis,1
Trout Brook N,Osmunda regalis,1
Alplaus Kill N,Oxalis stricta,1
Battenkill N,Oxalis stricta,1
Boreas River N,Oxalis stricta,1
Cedar River N,Oxalis stricta,1
Fishkill Creek N,Oxalis stricta,1
Hans Creek N,Oxalis stricta,1
Indian Brook N,Oxalis stricta,1
Kayaderosseras Creek N,Oxalis stricta,1
Keyser Kill N,Oxalis stricta,1
Kinderhook Creek N,Oxalis stricta,1
Landsman Kill N,Oxalis stricta,1
Mill Brook N,Oxalis stricta,1
Minots Corner Road N,Oxalis stricta,1
Potic Creek N,Oxalis stricta,1
Quacken Kill N,Oxalis stricta,1
Roeliff Jansen Kill N,Oxalis stricta,1
Sherriff Lake Outlet N,Oxalis stricta,1
Snook Kill N,Oxalis stricta,1
Sterling Creek N,Oxalis stricta,1
Stony Creek N,Oxalis stricta,1
Beaver Kill N,Panicum dichotomiflorum,1
Potic Creek N,Panicum dichotomiflorum,1
Sprout Creek N,Panicum dichotomiflorum,1
Wappinger Creek N,Panicum dichotomiflorum,1
Alplaus Kill N,Parthenocissus quinquefolia,1
Ballston Creek N,Parthenocissus quinquefolia,1
Battenkill N,Parthenocissus quinquefolia,1
Big Brook N,Parthenocissus quinquefolia,1
Daly Creek N,Parthenocissus quinquefolia,1
Evas Kill N,Parthenocissus quinquefolia,1
Fishkill Creek N,Parthenocissus quinquefolia,1
Four Mile Brook N,Parthenocissus quinquefolia,1
Indian Kill N,Parthenocissus quinquefolia,1
Kayaderosseras Creek N,Parthenocissus quinquefolia,1
Kinderhook Creek N,Parthenocissus quinquefolia,1
Lansing Kill N,Parthenocissus quinquefolia,1
Minots Corner Road N,Parthenocissus quinquefolia,1
Mohawk River N,Parthenocissus quinquefolia,1
Paragon Brook N,Parthenocissus quinquefolia,1
Potic Creek N,Parthenocissus quinquefolia,1
Quacken Kill N,Parthenocissus quinquefolia,1
Roeliff Jansen Kill N,Parthenocissus quinquefolia,1
Snook Kill N,Parthenocissus quinquefolia,1
Sprout Creek N,Parthenocissus quinquefolia,1
Steele Creek N,Parthenocissus quinquefolia,1
Sterling Creek N,Parthenocissus quinquefolia,1
Wappinger Creek N,Parthenocissus quinquefolia,1
Boreas River N,Peltandra virginica,1
Boreas River N,Phalaris arundinacea,1
Cobleskill Creek N,Phalaris arundinacea,1
Fawn Lake N,Phalaris arundinacea,1
Keyser Kill N,Phalaris arundinacea,1
North Branch West Stony Creek N,Phalaris arundinacea,1
Sprout Creek N,Phalaris arundinacea,1
Bullhead Pond Brook N,Phegopteris connectilis,1
Hudson River N,Phegopteris connectilis,1
Four Mile Brook N,Phegopteris hexagonoptera,1
New Pond Brook N,Phegopteris hexagonoptera,1
Sherriff Lake Outlet N,Phegopteris hexagonoptera,1
Stewart Creek N,Phegopteris hexagonoptera,1
Timmerman Creek N,Phegopteris hexagonoptera,1
Alplaus Kill N,Pilea pumila,1
Ballston Creek N,Pilea pumila,1
Evas Kill N,Pilea pumila,1
Fishkill Creek N,Pilea pumila,1
Indian Brook N,Pilea pumila,1
Indian Kill N,Pilea pumila,1
Kinderhook Creek N,Pilea pumila,1
Landsman Kill N,Pilea pumila,1
Lansing Kill N,Pilea pumila,1
Minots Corner Road N,Pilea pumila,1
Potic Creek N,Pilea pumila,1
Quacken Kill N,Pilea pumila,1
Roeliff Jansen Kill N,Pilea pumila,1
Saw Kill N,Pilea pumila,1
Snook Kill N,Pilea pumila,1
Sprout Creek N,Pilea pumila,1
Sterling Creek N,Pilea pumila,1
Stony Creek N,Pilea pumila,1
Wappinger Creek N,Pilea pumila,1
Beaver Kill N,Polygonum amphibium,1
Cobleskill Creek N,Polygonum amphibium,1
Potic Creek N,Polygonum amphibium,1
Roeliff Jansen Kill N,Polygonum amphibium,1
Ballston Creek N,Polygonum arifolium,1
Beaver Kill N,Polygonum cilinode,1
Wappinger Creek N,Polygonum hydropiperoides,1
Evas Kill N,Polygonum punctatum,1
Kennyetto Creek N,Polygonum punctatum,1
Quacken Kill N,Polygonum punctatum,1
Beaver Kill N,Polygonum sagittatum,1
Cadman Creek N,Polygonum sagittatum,1
Daly Creek N,Polygonum sagittatum,1
Fawn Lake N,Polygonum sagittatum,1
Indian Brook N,Polygonum sagittatum,1
New Pond Brook N,Polygonum sagittatum,1
North Branch West Stony Creek N,Polygonum sagittatum,1
Potic Creek N,Polygonum sagittatum,1
Saw Kill N,Polygonum sagittatum,1
Sherriff Lake Outlet N,Polygonum sagittatum,1
Alplaus Kill N,Polygonum virginianum,1
Indian Kill N,Polygonum virginianum,1
Kennyetto Creek N,Polygonum virginianum,1
Kinderhook Creek N,Polygonum virginianum,1
Lansing Kill N,Polygonum virginianum,1
Snook Kill N,Polygonum virginianum,1
Bullhead Pond Brook N,Polystichum acrostichoides,1
Indian Kill N,Polystichum acrostichoides,1
Big Brook N,Potentilla simplex,1
Cedar River N,Potentilla simplex,1
Four Mile Brook N,Potentilla simplex,1
Hans Creek N,Potentilla simplex,1
Keyser Kill N,Potentilla simplex,1
New Pond Brook N,Potentilla simplex,1
North Branch West Stony Creek N,Potentilla simplex,1
Paragon Brook N,Potentilla simplex,1
Roeliff Jansen Kill N,Potentilla simplex,1
Stewart Creek N,Potentilla simplex,1
Stony Creek N,Potentilla simplex,1
Bullhead Pond Brook N,Prenanthes alba,1
Cadman Creek N,Prenanthes altissima,1
Daly Creek N,Prenanthes altissima,1
Sherriff Lake Outlet N,Prenanthes trifoliolata,1
Stewart Creek N,Prenanthes trifoliolata,1
Trout Brook N,Prenanthes trifoliolata,1
Big Brook N,Prunella vulgaris,1
Boreas River N,Prunella vulgaris,1
Cedar River N,Prunella vulgaris,1
Daly Creek N,Prunella vulgaris,1
Evas Kill N,Prunella vulgaris,1
Four Mile Brook N,Prunella vulgaris,1
Hans Creek N,Prunella vulgaris,1
Hudson River N,Prunella vulgaris,1
Indian Kill N,Prunella vulgaris,1
Kayaderosseras Creek N,Prunella vulgaris,1
Keyser Kill N,Prunella vulgaris,1
Kinderhook Creek N,Prunella vulgaris,1
Mill Creek N,Prunella vulgaris,1
Paragon Brook N,Prunella vulgaris,1
Potic Creek N,Prunella vulgaris,1
Sprout Creek N,Prunella vulgaris,1
Sterling Creek N,Prunella vulgaris,1
Stony Creek N,Prunella vulgaris,1
Timmerman Creek N,Prunella vulgaris,1
Wappinger Creek N,Prunella vulgaris,1
Wharton Hollow Creek N,Prunella vulgaris,1
North Branch West Stony Creek N,Pteridium aquilinum,1
Fawn Lake N,Ranunculus pensylvanicus,1
Indian Brook N,Ranunculus pensylvanicus,1
Wharton Hollow Creek N,Ranunculus pensylvanicus,1
Roeliff Jansen Kill N,Ranunculus recurvatus,1
North Branch West Stony Creek N,Rubus pubescens,1
Stewart Creek N,Rubus pubescens,1
Indian Kill N,Rudbeckia hirta,1
Sterling Creek N,Rudbeckia hirta,1
Robbs Creek N,Rudbeckia laciniata,1
Ballston Creek N,Sagittaria latifolia,1
Chester Creek N,Sagittaria latifolia,1
Indian Kill N,Sagittaria latifolia,1
Kayaderosseras Creek N,Sagittaria latifolia,1
Sherriff Lake Outlet N,Sagittaria latifolia,1
Chester Creek N,Schoenoplectus pungens,1
Beaver Kill N,Scirpus atrocinctus,1
Beaver Kill N,Scirpus microcarpus,1
Landsman Kill N,Scutellaria lateriflora,1
Saw Kill N,Scutellaria lateriflora,1
Battenkill N,Smilax tamnoides,1
Big Brook N,Solidago altissima,1
Daly Creek N,Solidago altissima,1
Jassup River N,Solidago altissima,1
Keyser Kill N,Solidago altissima,1
Kinderhook Creek N,Solidago altissima,1
Sterling Creek N,Solidago altissima,1
Wharton Hollow Creek N,Solidago altissima,1
Big Brook N,Solidago canadensis,1
Cedar River N,Solidago canadensis,1
Green River N,Solidago canadensis,1
Indian Brook N,Solidago canadensis,1
Mill Brook N,Solidago canadensis,1
Mill Creek N,Solidago canadensis,1
North Branch West Stony Creek N,Solidago canadensis,1
Plotter Kill N,Solidago canadensis,1
Robbs Creek N,Solidago canadensis,1
Sherriff Lake Outlet N,Solidago canadensis,1
Snook Kill N,Solidago canadensis,1
Green River N,Solidago flexicaulis,1
Indian Kill N,Solidago flexicaulis,1
Lansing Kill N,Solidago flexicaulis,1
Mohawk River N,Solidago flexicaulis,1
Robbs Creek N,Solidago flexicaulis,1
Steele Creek N,Solidago flexicaulis,1
Alplaus Kill N,Solidago gigantea,1
Battenkill N,Solidago gigantea,1
Beaver Kill N,Solidago gigantea,1
Cadman Creek N,Solidago gigantea,1
Cobleskill Creek N,Solidago gigantea,1
Fawn Lake N,Solidago gigantea,1
Minots Corner Road N,Solidago gigantea,1
Paragon Brook N,Solidago gigantea,1
Plotter Kill N,Solidago gigantea,1
Quacken Kill N,Solidago gigantea,1
Roeliff Jansen Kill N,Solidago gigantea,1
Snook Kill N,Solidago gigantea,1
Sprout Creek N,Solidago gigantea,1
Steele Creek N,Solidago gigantea,1
Sterling Creek N,Solidago gigantea,1
Stony Creek N,Solidago gigantea,1
Hudson River N,Solidago latissimifolia,1
Robbs Creek N,Symphyotrichum lanceolatum,1
Snook Kill N,Symphyotrichum lanceolatum,1
Stewart Creek N,Symphyotrichum lanceolatum,1
Stewart Creek N,Symphyotrichum lanceolatum,1
Boreas River N,Symphyotrichum novae-angliae,1
Cadman Creek N,Symphyotrichum novae-angliae,1
Cedar River N,Symphyotrichum novae-angliae,1
Daly Creek N,Symphyotrichum novae-angliae,1
Four Mile Brook N,Symphyotrichum novae-angliae,1
Hans Creek N,Symphyotrichum novae-angliae,1
Hans Creek N,Symphyotrichum novae-angliae,1
Jassup River N,Symphyotrichum novae-angliae,1
Kinderhook Creek N,Symphyotrichum novae-angliae,1
Lansing Kill N,Symphyotrichum novae-angliae,1
Mill Creek N,Symphyotrichum novae-angliae,1
Minots Corner Road N,Symphyotrichum novae-angliae,1
Robbs Creek N,Symphyotrichum novae-angliae,1
Sherriff Lake Outlet N,Symphyotrichum novae-angliae,1
Sterling Creek N,Symphyotrichum novae-angliae,1
Potic Creek N,Symphyotrichum prenanthoides,1
Indian Brook N,Symplocarpus foetidus,1
Alplaus Kill N,Thalictrum dioicum,1
Alplaus Kill N,Thalictrum pubescens,1
Boreas River N,Thalictrum pubescens,1
Bullhead Pond Brook N,Thalictrum pubescens,1
Cadman Creek N,Thalictrum pubescens,1
Cedar River N,Thalictrum pubescens,1
Daly Creek N,Thalictrum pubescens,1
Fawn Lake N,Thalictrum pubescens,1
Four Mile Brook N,Thalictrum pubescens,1
Green River N,Thalictrum pubescens,1
Hans Creek N,Thalictrum pubescens,1
Hudson River N,Thalictrum pubescens,1
Indian Kill N,Thalictrum pubescens,1
Lansing Kill N,Thalictrum pubescens,1
Mill Brook N,Thalictrum pubescens,1
Mill Creek N,Thalictrum pubescens,1
Mohawk River N,Thalictrum pubescens,1
New Pond Brook N,Thalictrum pubescens,1
North Branch West Stony Creek N,Thalictrum pubescens,1
Paragon Brook N,Thalictrum pubescens,1
Potic Creek N,Thalictrum pubescens,1
Quacken Kill N,Thalictrum pubescens,1
Robbs Creek N,Thalictrum pubescens,1
Roeliff Jansen Kill N,Thalictrum pubescens,1
Sherriff Lake Outlet N,Thalictrum pubescens,1
Stewart Creek N,Thalictrum pubescens,1
Trout Brook N,Thalictrum pubescens,1
Valatie Kill N,Thalictrum pubescens,1
Cadman Creek N,Thalictrum thalictroides,1
Cadman Creek N,Thelypteris noveboracensis,1
North Branch West Stony Creek N,Thelypteris palustris,1
Alplaus Kill N,Toxicodendron radicans,1
Big Brook N,Toxicodendron radicans,1
Cobleskill Creek N,Toxicodendron radicans,1
Fishkill Creek N,Toxicodendron radicans,1
Indian Brook N,Toxicodendron radicans,1
Indian Kill N,Toxicodendron radicans,1
Kennyetto Creek N,Toxicodendron radicans,1
Kinderhook Creek N,Toxicodendron radicans,1
Landsman Kill N,Toxicodendron radicans,1
Potic Creek N,Toxicodendron radicans,1
Quacken Kill N,Toxicodendron radicans,1
Sprout Creek N,Toxicodendron radicans,1
Steele Creek N,Toxicodendron radicans,1
Stony Creek N,Toxicodendron radicans,1
Wappinger Creek N,Toxicodendron radicans,1
Chester Creek N,Triadenum virginicum,1
Mill Brook N,Triadenum virginicum,1
Stewart Creek N,Trillium erectum,1
Cadman Creek N,Veratrum viride,1
Mill Creek N,Veratrum viride,1
Robbs Creek N,Veratrum viride,1
Stewart Creek N,Veratrum viride,1
Trout Brook N,Veratrum viride,1
Cobleskill Creek N,Verbena hastata,1
Cobleskill Creek N,Verbena urticifolia,1
Indian Kill N,Veronica americana,1
Cobleskill Creek N,Veronica anagallis-aquatica,1
Keyser Kill N,Veronica anagallis-aquatica,1
Chester Creek N,Veronica scutellata,1
Ballston Creek N,Vitis riparia,1
Battenkill N,Vitis riparia,1
Big Brook N,Vitis riparia,1
Cobleskill Creek N,Vitis riparia,1
Evas Kill N,Vitis riparia,1
Fawn Lake N,Vitis riparia,1
Indian Brook N,Vitis riparia,1
Indian Kill N,Vitis riparia,1
Kennyetto Creek N,Vitis riparia,1
Keyser Kill N,Vitis riparia,1
Kinderhook Creek N,Vitis riparia,1
Plotter Kill N,Vitis riparia,1
Quacken Kill N,Vitis riparia,1
Roeliff Jansen Kill N,Vitis riparia,1
Snook Kill N,Vitis riparia,1
Sprout Creek N,Vitis riparia,1
Sterling Creek N,Vitis riparia,1
Valatie Kill N,Vitis riparia,1
Robbs Creek N,Woodsia obtusa,1
Cobleskill Creek N,Xanthium strumarium,1
Kayaderosseras Creek N,Xanthium strumarium,1
