"Trait","Abies balsamea","Acalypha rhomboidea","Acer negundo","Acer pensylvanicum","Acer platanoides","Acer rubrum","Acer saccharinum","Acer saccharum","Acer spicatum","Achillea millefolium","Adiantum pedatum","Ageratina altissima","Agrimonia gryposepala","Agrostis perennans","Agrostis scabra","Alisma subcordatum","Alliaria petiolata","Alnus incana","Ambrosia artemisiifolia","Ambrosia trifida","Amelanchier arborea","Amphicarpaea bracteata","Anemone canadensis","Anemone virginiana","Apios americana","Apocynum cannabinum","Arctium lappa","Arisaema triphyllum","Artemisia vulgaris","Asarum canadense","Asclepias syriaca","Athyrium filix-femina","Barbarea vulgaris","Berberis thunbergii","Betula alleghaniensis","Betula lenta","Betula papyrifera","Betula populifolia","Bidens connata","Bidens frondosa","Blephilia hirsuta","Boehmeria cylindrica","Brassica nigra","Bromus ciliatus","Bromus inermis","Bromus pubescens","Calystegia sepium","Carex buekii","Carex crinita","Carex scoparia","Carpinus caroliniana","Carya cordiformis","Carya ovata","Catalpa speciosa","Caulophyllum thalictroides","Centaurea jacea","Centaurea nigrescens","Centaurea stoebe","Cephalanthus occidentalis","Chamaesyce maculata","Chelidonium majus","Chelone glabra","Cicuta maculata","Cinna arundinacea","Circaea lutetiana","Clematis virginiana","Clinopodium vulgare","Collinsonia canadensis","Commelina communis","Cornus amomum","Cornus canadensis","Cornus rugosa","Cornus sericea","Corylus cornuta","Cryptotaenia canadensis","Cynodon dactylon","Cyperus compressus","Cyperus strigosus","Dactylis glomerata","Daucus carota","Decodon verticillatus","Dianthus armeria","Dichanthelium clandestinum","Digitaria cognata","Digitaria sanguinalis","Dioscorea villosa","Dodonaea viscosacuneata","Dryopteris carthusiana","Dryopteris cristata","Dryopteris marginalis","Echinochloa muricata","Echinocystis lobata","Eleocharis intermedia","Elymus canadensis","Elymus hystrix","Elymus repens","Elymus trachycaulus","Elymus virginicus","Epilobium ciliatum","Epilobium hirsutum","Epipactis helleborine","Equisetum fluviatile","Equisetum hyemale","Equisetum palustre","Equisetum pratense","Erigeron annuus","Euonymus alatus","Eupatorium perfoliatum","Eupatorium purpureum","Euphorbia maculata","Euryale ferox","Euterpe sp","Euthamia graminifolia","Fagus grandifolia","Fallopia japonica","Fragaria vesca","Fraxinus americana","Fraxinus nigra","Fraxinus pennsylvanica","Galium aparine","Galium asprellum","Galium boreale","Galium mollugo","Galium palustre","Galium triflorum","Gentiana leucomelaena","Geranium maculatum","Geum canadense","Geum laciniatum","Glechoma hederacea","Glyceria borealis","Glyceria striata","Halenia corniculata","Hamamelis virginiana","Helianthus giganteus","Helianthus strumosus","Helianthus tuberosus","Heliopsis helianthoides","Hemerocallis fulva","Heuchera sanguinea","Hieracium paniculatum","Hypericum mutilum","Hypericum perforatum","Hypericum punctatum","Impatiens capensis","Impatiens pallida","Juglans cinerea","Juglans nigra","Juncus articulatus","Juncus filiformis","Laportea canadensis","Leersia oryzoides","Leonurus cardiaca","Leucanthemum vulgare","Linaria vulgaris","Lindera benzoin","Liparis loeselii","Lithospermum officinale","Lobelia cardinalis","Lobelia inflata","Lobelia siphilitica","Lonicera japonica","Lonicera morrowii","Lotus corniculatus","Ludwigia palustris","Lycopus americanus","Lycopus rubellus","Lycopus uniflorus","Lysimachia ciliata","Lysimachia nummularia","Lysimachia quadrifolia","Lysimachia terrestris","Lysimachia vulgaris","Lythrum salicaria","Maianthemum canadense","Maianthemum racemosum","Malus pumila","Marrubium vulgare","Matteuccia struthiopteris","Melilotus officinalis","Menispermum canadense","Mimulus ringens","Mitchella repens","Mollugo verticillata","Monotropa uniflora","Muhlenbergia mexicana","Muhlenbergia schreberi","Muhlenbergia sinuosa","Myosotis laxa","Myosotis scorpioides","Myosoton aquaticum","Myrica gale","Oenanthe silaifolia","Oenothera biennis","Onoclea sensibilis","Osmunda cinnamomea","Osmunda regalis","Ostrya virginiana","Oxalis gigantea","Oxalis stricta","Panicum capillare","Panicum dichotomiflorum","Parthenocissus quinquefolia","Paspalum scrobiculatum","Pastinaca sativa","Peltandra virginica","Penthorum sedoides","Petasites frigidus","Phalaris arundinacea","Phegopteris connectilis","Phegopteris hexagonoptera","Phleum pratense","Phytolacca americana","Pilea pumila","Pinus strobus","Plantago lanceolata","Plantago major","Platanus occidentalis","Polygonum amphibium","Polygonum argyrocoleon","Polygonum capitatum","Polygonum cuspidatum","Polygonum hydropiper","Polygonum hydropiperoides","Polygonum lapathifolium","Polygonum persicaria","Polygonum punctatum","Polygonum sagittatum","Polygonum virginianum","Polystichum acrostichoides","Populus deltoides","Populus tremuloides","Potentilla recta","Potentilla simplex","Prenanthes alba","Prenanthes purpurea","Prunella vulgaris","Prunus americana","Prunus serotina","Prunus virginiana","Pteridium aquilinum","Quercus alba","Quercus macrocarpa","Quercus rubra","Quercus velutina","Ranunculus pensylvanicus","Ranunculus recurvatus","Rhamnus alnifolia","Rhamnus cathartica","Rhus typhina","Ribes americanum","Ribes rubrum","Robinia pseudoacacia","Rosa multiflora","Rosa palustris","Rubus allegheniensis","Rubus hispidus","Rubus idaeus","Rubus occidentalis","Rubus odoratus","Rubus phoenicolasius","Rubus pubescens","Rudbeckia hirta","Rudbeckia laciniata","Rumex crispus","Rumex obtusifolius","Sagittaria latifolia","Salix alba","Salix nigra","Salix pentandra","Sambucus nigra","Saponaria officinalis","Schoenoplectus pungens","Scirpus atrocinctus","Scirpus microcarpus","Scutellaria lateriflora","Securigera varia","Silene vulgaris","Solanum dulcamara","Solidago altissima","Solidago canadensis","Solidago flexicaulis","Solidago gigantea","Solidago latifolia","Sonchus oleraceus","Spiraea alba","Symphyotrichum cordifolium","Symphyotrichum lanceolatum","Symphyotrichum prenanthoides","Symplocarpus foetidus","Tanacetum vulgare","Taraxacum officinale","Thalictrum dioicum","Thalictrum pubescens","Thelypteris noveboracensis","Thelypteris palustris","Thuja occidentalis","Tilia americana","Toxicodendron radicans","Trifolium aureum","Trifolium pratense","Trifolium repens","Trillium erectum","Tsuga canadensis","Tussilago farfara","Ulmus americana","Ulmus rubra","Urtica dioica","Veratrum viride","Verbascum thapsus","Verbena hastata","Verbena urticifolia","Veronica americana","Veronica anagallis-aquatica","Veronica scutellata","Viburnum acerifolium","Viburnum dentatum","Viburnum lantanoides","Vinca minor","Vitis riparia","Woodsia ilvensis","Xanthium strumarium"
"Dispersal unit dry mass",NA,NA,41.211,NA,137.2,NA,NA,NA,NA,0.131,NA,NA,NA,NA,NA,NA,NA,0.55,NA,17.124,NA,NA,NA,NA,NA,NA,12.133,NA,0.127,NA,NA,NA,NA,NA,NA,NA,NA,NA,NA,3.303,NA,NA,NA,NA,4.217,NA,NA,NA,NA,NA,NA,NA,NA,NA,NA,2,1.47,1.336,NA,NA,NA,NA,NA,NA,1.97,NA,0.49,NA,NA,NA,NA,NA,NA,NA,NA,0.26,NA,NA,0.871666666666667,1.093,NA,NA,NA,NA,0.97,NA,NA,NA,NA,NA,1.444,NA,NA,NA,NA,NA,NA,NA,NA,NA,NA,NA,NA,NA,NA,NA,NA,NA,NA,NA,NA,NA,NA,NA,NA,0.338,NA,NA,NA,8.336,NA,0.608,0.53,0.91,NA,NA,NA,NA,NA,0.685,NA,0.264,NA,NA,NA,NA,NA,NA,NA,NA,NA,NA,NA,NA,NA,NA,NA,NA,NA,NA,NA,NA,1.083,0.38,NA,NA,NA,NA,NA,NA,NA,NA,NA,NA,NA,NA,NA,NA,NA,NA,NA,NA,NA,NA,NA,NA,NA,1.181,NA,1.4975,NA,NA,NA,NA,NA,NA,NA,NA,0.24,0.307,NA,1.56,1.691,NA,NA,NA,NA,NA,NA,NA,0.427,NA,NA,NA,3.024,NA,NA,NA,0.709333333333333,NA,NA,1,NA,NA,NA,NA,NA,NA,NA,NA,NA,NA,NA,NA,NA,NA,NA,NA,NA,NA,NA,NA,0.259,NA,NA,1.359,0.673,NA,NA,NA,NA,NA,NA,3360.1,NA,NA,NA,NA,15.088,NA,NA,NA,NA,NA,NA,NA,NA,1.45,NA,0.99,NA,NA,NA,2.831,2.43066666666667,1.254,NA,NA,NA,NA,46.232,NA,NA,NA,NA,NA,4.778,NA,NA,NA,0.0626666666666667,NA,0.06,NA,0.357,NA,NA,NA,NA,NA,0.113,NA,NA,NA,NA,NA,NA,NA,NA,NA,NA,NA,NA,NA,0.221,NA,NA,0.174666666666667,NA,NA,NA,NA,NA,NA,NA,NA,NA,NA,NA,NA,NA,NA
"Dispersal unit length",NA,NA,30.1333333333333,NA,31.3333333333333,NA,NA,NA,NA,2,NA,NA,NA,NA,1.36666666666667,NA,NA,2.7,2.75,6.75,NA,NA,NA,NA,NA,NA,19.58,NA,1.46,NA,NA,NA,NA,NA,NA,NA,NA,NA,NA,9.35666666666667,NA,NA,NA,NA,9.77666666666667,NA,NA,2.25,NA,NA,NA,NA,NA,NA,NA,3,3.06,4.20666666666667,NA,NA,NA,NA,NA,NA,7.11,NA,1.3,NA,NA,NA,NA,NA,NA,NA,NA,2,NA,NA,4.95,3.46,NA,NA,NA,NA,2.65666666666667,NA,NA,NA,NA,NA,3.285,47.5,NA,NA,NA,NA,NA,NA,NA,NA,NA,NA,NA,NA,NA,1,NA,NA,NA,NA,NA,NA,NA,NA,3.5,6.135,NA,NA,37.5,3.2,NA,1.95,1.22,1.7,NA,NA,NA,NA,NA,NA,NA,1.26666666666667,NA,NA,NA,NA,NA,NA,NA,NA,NA,NA,NA,NA,NA,NA,NA,NA,NA,NA,NA,4,2.39,2.45,NA,NA,NA,3.13,NA,NA,NA,NA,NA,NA,NA,NA,NA,NA,NA,NA,NA,NA,NA,NA,NA,NA,NA,2.19,NA,3.69,NA,NA,NA,NA,NA,NA,NA,NA,1.53,1.6,NA,2.18666666666667,5.35,NA,NA,NA,NA,NA,NA,NA,1.83333333333333,2.52,NA,NA,6.09,NA,NA,NA,3.06,NA,NA,2.226,NA,NA,NA,NA,NA,NA,NA,NA,NA,NA,NA,NA,NA,NA,NA,NA,NA,NA,NA,NA,1.31,NA,NA,4.58,1.77,NA,7.575,7.25,NA,NA,NA,26.5,NA,NA,NA,NA,6.085,NA,NA,8.6,NA,NA,NA,NA,NA,7.47,NA,1.66,NA,NA,1.9,4.77,3.59,2.29,3.75,NA,NA,NA,4.95,NA,2.75,NA,NA,NA,6,NA,10,NA,1.18,NA,1.98333333333333,NA,4.07333333333333,NA,NA,NA,NA,NA,1.9,NA,NA,NA,NA,NA,NA,NA,NA,5.66666666666667,3.75,4.38,NA,NA,12.06,NA,NA,1.73,NA,NA,NA,NA,NA,NA,NA,NA,NA,NA,NA,NA,NA,13
"Dispersal unit thickness",NA,NA,2.3,NA,2.63,NA,NA,NA,NA,0.34,NA,NA,NA,NA,NA,NA,NA,0.35,1.9,3.55,NA,NA,NA,NA,NA,NA,1.53,NA,0.35,NA,NA,NA,NA,NA,NA,NA,NA,NA,NA,1.08,NA,NA,NA,NA,0.836666666666667,NA,NA,NA,NA,NA,NA,NA,NA,NA,NA,1,0.86,0.9,NA,NA,NA,NA,NA,NA,1.08,NA,0.75,NA,NA,NA,NA,NA,NA,NA,NA,NA,NA,NA,0.896666666666667,1.1,NA,NA,NA,NA,0.61,NA,NA,NA,NA,NA,1.105,35,NA,NA,NA,NA,NA,NA,NA,NA,NA,NA,NA,NA,NA,NA,NA,NA,NA,NA,NA,NA,NA,NA,NA,0.61,NA,NA,NA,2.28,NA,0.88,1,NA,NA,NA,NA,NA,NA,NA,NA,0.53,NA,NA,NA,NA,NA,NA,NA,NA,NA,NA,NA,NA,NA,NA,NA,NA,NA,NA,NA,NA,0.84,NA,NA,NA,NA,2,NA,NA,NA,NA,NA,NA,NA,NA,NA,NA,NA,NA,NA,NA,NA,NA,NA,NA,NA,0.73,NA,1.5,NA,NA,NA,NA,NA,NA,NA,NA,NA,0.5,NA,1.36666666666667,0.98,NA,NA,NA,NA,NA,NA,NA,0.55,NA,NA,NA,0.53,NA,NA,NA,0.66,NA,NA,0.88,NA,NA,NA,NA,NA,NA,NA,NA,NA,NA,NA,NA,NA,NA,NA,NA,NA,NA,NA,NA,0.57,NA,NA,0.79,0.73,NA,7.425,6.125,NA,NA,NA,18.5,NA,NA,NA,NA,5.1,NA,NA,7.9,NA,NA,NA,NA,NA,1.07,NA,0.64,NA,NA,0.6,1,3.19,1.27,NA,NA,NA,NA,1.1,NA,NA,NA,NA,NA,2,NA,NA,NA,0.35,NA,0.25,NA,0.25,NA,NA,NA,NA,NA,NA,NA,NA,NA,NA,NA,NA,NA,NA,NA,NA,NA,NA,NA,0.29,NA,NA,0.33,NA,NA,NA,NA,NA,NA,NA,NA,NA,NA,NA,NA,NA,7.5
"Dispersal unit width",NA,NA,12.2,NA,10.3333333333333,NA,NA,NA,NA,0.86,NA,NA,NA,NA,NA,NA,NA,2.45,1.9,4.79,NA,NA,NA,NA,NA,NA,17.55,NA,0.44,NA,NA,NA,NA,NA,NA,NA,NA,NA,NA,2.41,NA,NA,NA,NA,2.10333333333333,NA,NA,NA,NA,NA,NA,NA,NA,NA,NA,1.45,1.5,1.22,NA,NA,NA,NA,NA,NA,2.27,NA,1,NA,NA,NA,NA,NA,NA,NA,NA,NA,NA,NA,1.13,2.70333333333333,NA,NA,NA,NA,0.98,NA,NA,NA,NA,NA,1.555,35,NA,NA,NA,NA,NA,NA,NA,NA,NA,NA,NA,NA,NA,NA,NA,NA,NA,NA,NA,NA,NA,NA,2,4.89,NA,NA,5.75,2.63,NA,0.98,1.13,1.5,NA,NA,NA,NA,NA,NA,NA,0.75,NA,NA,NA,NA,NA,NA,NA,NA,NA,NA,NA,NA,NA,NA,NA,NA,NA,NA,NA,1.5,1.2,0.83,NA,NA,NA,2,NA,NA,NA,NA,NA,NA,NA,NA,NA,NA,NA,NA,NA,NA,NA,NA,NA,NA,NA,1.14,NA,2.25,NA,NA,NA,NA,NA,NA,NA,NA,1.3,1.08,NA,1.98666666666667,1.9,NA,NA,NA,NA,NA,NA,NA,0.86,NA,NA,NA,4.32,NA,NA,NA,1.08,NA,NA,0.956,NA,NA,NA,NA,NA,NA,NA,NA,NA,NA,NA,NA,NA,NA,NA,NA,NA,NA,NA,NA,0.95,NA,NA,1.02,1.03,NA,7.425,6.625,NA,NA,NA,18.5,NA,NA,NA,NA,5.165,NA,NA,8.45,NA,NA,NA,NA,NA,6.685,NA,1.08,NA,NA,0.6,1.3,3.29333333333333,1.4,2.5,NA,NA,NA,4.065,NA,NA,NA,NA,NA,2,NA,10,NA,0.35,NA,0.33,NA,0.91,NA,NA,NA,NA,NA,0.78,NA,NA,NA,NA,NA,NA,NA,NA,NA,1.65,1.35,NA,NA,0.45,NA,NA,1.15666666666667,NA,NA,NA,NA,NA,NA,NA,NA,NA,NA,NA,NA,NA,7.5
"Germination efficiency",NA,NA,NA,NA,NA,NA,NA,NA,NA,100,NA,NA,NA,NA,NA,NA,89.4,97,NA,NA,NA,NA,56,NA,NA,NA,100,NA,100,NA,87.5,NA,96,NA,NA,NA,NA,NA,NA,95.3333333333333,NA,NA,100,100,NA,NA,100,NA,73,NA,NA,NA,NA,NA,NA,83.6666666666667,NA,NA,NA,NA,80,NA,NA,NA,64,NA,97,NA,NA,NA,NA,NA,NA,NA,NA,94,NA,NA,89.9130434782609,95.6923076923077,NA,100,NA,60,100,NA,NA,NA,NA,NA,NA,NA,NA,99,81.5,98,NA,100,88.4285714285714,100,93.75,NA,NA,NA,NA,NA,NA,70,NA,NA,NA,NA,NA,NA,NA,76.5,NA,NA,NA,100,NA,65,97.5,NA,NA,NA,NA,99.3333333333333,NA,NA,NA,NA,NA,NA,NA,NA,NA,NA,NA,NA,NA,NA,98,NA,NA,NA,NA,NA,82,77.5,NA,85.25,97.5,96.25,85.5,NA,NA,90,79,NA,NA,NA,NA,97.3,100,90,NA,NA,NA,NA,NA,NA,95,95.5,60,NA,NA,93,NA,100,NA,81,NA,NA,NA,NA,NA,85,NA,100,100,80,NA,92.5,NA,NA,NA,NA,NA,NA,87,NA,NA,85.4,93,NA,82,NA,94.5,NA,NA,91.2857142857143,NA,NA,NA,100,99.5,NA,NA,NA,NA,NA,100,47,11,94,NA,NA,NA,NA,NA,NA,NA,NA,NA,NA,95,NA,NA,NA,NA,NA,NA,NA,NA,NA,NA,NA,NA,NA,NA,NA,100,90,NA,NA,NA,NA,NA,NA,NA,NA,100,NA,98.2,98,NA,NA,NA,NA,NA,98.6,NA,NA,NA,NA,96,97.8181818181818,100,NA,NA,NA,NA,NA,100,NA,NA,NA,NA,NA,93.9,100,NA,NA,NA,NA,93,NA,NA,95,87.4444444444444,92.6666666666667,NA,NA,97,NA,NA,100,NA,97,92,NA,100,100,60,NA,NA,NA,NA,NA,NA,95
"Leaf area",NA,NA,24.8608181818182,NA,74.93881844875,36.1105080204375,NA,50.9485875,NA,9.46004164252174,NA,NA,17.34,NA,NA,NA,61.8446363625,26.7237911661538,37.8188333333333,55.0472333333333,NA,NA,NA,NA,NA,NA,260.872244444444,62.4625,30.9081975,NA,89.2526984126984,677.3,47.505,NA,29.5023538461538,NA,25.5124066666667,11.79613,10.2083333333333,42.6603333333333,NA,NA,70.3115333333333,6.077,12.3479668674699,NA,32.08,NA,NA,NA,14.95,NA,80.836,NA,NA,8.7933450617284,NA,4.69632222222222,NA,NA,92.26,NA,NA,NA,26.2355555566667,NA,3.75846153846154,NA,NA,NA,NA,NA,21.91,33.21,NA,1.19983333333333,NA,NA,14.609820978125,11.1705098039216,NA,2.32633333333333,NA,NA,2.94033333333333,NA,NA,184.68,NA,NA,NA,NA,NA,12.00843,NA,18.81078472225,4.9,NA,7.22775,24.193,22.5366636363636,1.7704,13.7603,0.653,NA,10.2336363636364,NA,84.8522222222222,NA,NA,NA,NA,3.10541796694545,NA,NA,23.366,39.3312583333333,NA,NA,1.58031272,NA,0.8732459553,1.93192342342342,0.54,NA,0.0385,NA,NA,NA,6.8378475526,NA,NA,NA,NA,NA,NA,196.195,NA,NA,NA,NA,NA,1.95556307692308,NA,26.6385714285714,15.80306,NA,42,4.57230416154545,6.19383333333333,NA,NA,NA,5.638,3.59198777777778,NA,9.24845,9.575,NA,4.35833333333333,NA,NA,NA,2.29623577214773,2.54915,2.95,NA,NA,NA,2.73288,NA,NA,18.4311666666667,10.6032397727083,14.57188137525,17.0633333333333,NA,4.298137,566.417462221429,6.07,NA,6.19,NA,NA,NA,NA,NA,NA,2.64425,14.2093333333333,10.14335,1.45666666666667,NA,61.7938461538462,71.6589189189189,NA,1644.0265,28.15878,NA,7.43285714285714,45.673,NA,57.0643934,NA,149.145,NA,5.3725,NA,30.9447567344444,72.5454666666667,NA,6.66431819782927,NA,NA,2.7,15.5124612242857,56.483,169.35,27.567,NA,NA,NA,21.7325845,NA,46.869716,21.9222222222222,NA,10.00366,NA,NA,84,24.1953409090909,17.3518181818182,5.95,NA,29.5013333333333,5.539326,NA,23.4311780557083,11.7629430558333,NA,NA,65.198415,63.9169379996296,NA,NA,NA,NA,6.65636367945946,12.01355,NA,49.9062901233333,25.5935555556667,55.9866666666667,NA,NA,NA,55.5436504884615,NA,NA,NA,NA,3.331875,NA,62.9,252.9898125,NA,7.1293,NA,10.01126,16.8763246147375,21.655,NA,53.968,NA,5.2825,NA,11.795,14.3850875133051,NA,9.81790833333333,NA,8.57921716666667,NA,76.0766666666667,NA,NA,NA,NA,NA,81.5154545454545,28.2348540171795,NA,NA,NA,109.0738,0.1,NA,NA,4.10823333333333,11.7381333333571,4.89491567376596,NA,0.48,739.748571428571,120,NA,20.709894697125,NA,186.59,15.9922222222222,NA,NA,22.85,0.773083333333333,NA,NA,NA,5.65,42.4896673814286,NA,35.1764385714286
"Leaf carbon (C) content per area",NA,NA,44.4,NA,NA,39.9,NA,36.3444444444444,NA,NA,NA,NA,NA,NA,NA,NA,NA,NA,NA,NA,NA,NA,NA,NA,NA,NA,NA,NA,NA,NA,NA,NA,NA,NA,NA,44.4,NA,NA,NA,NA,NA,NA,NA,NA,NA,NA,NA,NA,NA,NA,NA,50,22.4,NA,NA,NA,NA,NA,NA,NA,NA,NA,NA,NA,NA,NA,NA,NA,NA,NA,NA,NA,NA,NA,NA,NA,NA,NA,42.2,NA,NA,NA,NA,NA,NA,NA,NA,NA,NA,NA,NA,NA,NA,NA,NA,NA,NA,NA,NA,NA,NA,NA,NA,NA,NA,NA,NA,NA,NA,NA,NA,NA,NA,29.3,NA,NA,28.2666666666667,52.6,NA,NA,NA,NA,NA,NA,NA,NA,NA,NA,NA,NA,NA,NA,NA,NA,NA,NA,NA,NA,NA,NA,NA,NA,NA,NA,NA,NA,NA,45.9,NA,NA,NA,NA,NA,NA,NA,NA,NA,NA,NA,NA,NA,NA,NA,NA,NA,NA,NA,NA,NA,NA,NA,NA,NA,NA,NA,NA,NA,NA,NA,NA,NA,NA,NA,NA,NA,NA,NA,NA,NA,NA,NA,NA,NA,NA,NA,NA,NA,NA,NA,NA,NA,NA,NA,NA,NA,NA,NA,NA,NA,NA,NA,54.2,NA,NA,13.6666666666667,NA,NA,NA,NA,NA,NA,NA,NA,NA,NA,NA,NA,NA,NA,NA,21.8,24.2,NA,NA,NA,NA,NA,NA,34.125,NA,NA,20.4,28.05,24.4666666666667,25,NA,NA,NA,22,NA,NA,NA,NA,NA,NA,NA,NA,NA,NA,NA,NA,NA,NA,NA,NA,NA,NA,NA,NA,NA,NA,NA,NA,NA,NA,NA,NA,NA,NA,NA,NA,NA,NA,NA,NA,NA,NA,NA,NA,NA,NA,NA,NA,NA,NA,NA,9,66.7,NA,NA,NA,68.6666666666667,NA,NA,NA,16.8,22.2,NA,NA,NA,NA,NA,NA,NA,NA,NA,NA,NA,NA,NA,NA,NA
"Leaf carbon (C) content per dry mass",NA,NA,447.1073141,NA,482,462.049636363636,NA,NA,NA,444.258475723077,NA,NA,NA,NA,NA,NA,NA,544.753585775,NA,NA,NA,NA,NA,NA,NA,NA,NA,NA,424.1666667,NA,427.73119352,NA,NA,NA,NA,NA,NA,NA,NA,453.8645731,NA,NA,NA,437.3243306,450.62123108,NA,460.0533841,NA,NA,NA,NA,NA,NA,NA,NA,459.93375,NA,NA,NA,NA,NA,NA,NA,NA,428.02851555,NA,458.25,NA,NA,NA,NA,NA,NA,NA,NA,463,NA,NA,449.122044448,442.47291749,NA,NA,NA,NA,NA,NA,NA,NA,NA,NA,NA,NA,NA,458.15,NA,439.060267933333,417.3909663,NA,NA,NA,NA,459.0383784,NA,372.064060666667,NA,458.21437834,NA,467.10213474,NA,NA,NA,NA,473.889,NA,456.3315393,477,NA,NA,NA,NA,NA,434.141736842105,472.0525,NA,NA,NA,NA,NA,NA,428.0708219,NA,NA,NA,NA,NA,NA,417.7143139,NA,NA,NA,NA,NA,497,NA,490.05265806,NA,NA,NA,NA,NA,NA,NA,NA,459.291666675,461.55271148,NA,NA,NA,NA,NA,NA,NA,NA,482.791728388889,NA,NA,NA,NA,NA,NA,NA,NA,448.44171475,438.6207657,441.558921388889,NA,NA,NA,469.972140677778,NA,NA,NA,NA,NA,NA,NA,NA,NA,NA,NA,NA,NA,NA,418.90145112,431.87020112,NA,NA,NA,NA,NA,414.76049042,NA,437.442833333333,NA,NA,NA,NA,NA,441.020962390909,NA,NA,462.043896515385,NA,NA,NA,453.655667628571,376.5353285125,NA,NA,NA,NA,NA,453.21969602,NA,NA,442.98368834,NA,449.86758426,NA,NA,NA,508.5576617,NA,NA,NA,NA,460.2375,NA,468.983545454545,449.653090909091,496,NA,468.339380952381,NA,NA,NA,NA,NA,430.019,NA,NA,NA,NA,NA,NA,NA,NA,488.589805233333,NA,NA,NA,NA,NA,NA,439.7947272,520.350107075,NA,261.01184025,NA,466.34,432.20490155,NA,NA,447.22412872,NA,NA,NA,NA,450.7023494,NA,463.19213106,NA,484.678,NA,NA,NA,NA,NA,NA,NA,468.14937414,424.823058217647,NA,NA,NA,NA,NA,NA,NA,NA,485.734409991667,473.344590895,NA,NA,386.86666106,NA,NA,382.99493578,NA,462.8199553,467.29797362,NA,NA,NA,NA,NA,NA,NA,NA,431.347,NA,391.6946117
"Leaf carbon/nitrogen (C/N) ratio",NA,NA,14.17102479,NA,NA,24.7,NA,27.85,NA,26.2638405383333,NA,NA,NA,NA,NA,NA,11.47935448,19.158478475,NA,NA,NA,NA,NA,NA,NA,NA,NA,NA,NA,NA,23.519636156,NA,NA,NA,NA,NA,28.7,NA,NA,18.15464282,NA,NA,NA,NA,20.335864638,NA,14.70708041,NA,NA,NA,NA,NA,25.2,27,NA,15.21439857,NA,NA,NA,NA,NA,NA,NA,NA,16.390761902,NA,NA,NA,NA,NA,NA,NA,NA,NA,NA,NA,NA,NA,17.4517082266667,22.52657982,NA,NA,NA,NA,NA,NA,NA,NA,NA,NA,NA,NA,NA,NA,NA,14.0461863571429,NA,NA,NA,NA,NA,30.93758546,NA,10.80435652,NA,33.334500884,NA,20.13888893,NA,NA,NA,NA,NA,26.9,22.40744555,34.48855282,23.5,NA,NA,NA,NA,NA,14.59094281,NA,NA,NA,NA,NA,NA,15.626076205,NA,NA,NA,NA,NA,NA,13.132753103,NA,NA,NA,NA,NA,NA,NA,12.326169584,NA,NA,16.9,24.04803241,NA,NA,NA,NA,NA,27.153689574,NA,NA,NA,NA,NA,NA,NA,NA,14.0978178214286,NA,NA,NA,NA,NA,NA,NA,NA,20.145276824,21.77996512625,30.262818146,NA,NA,NA,16.669182776,NA,NA,NA,NA,NA,NA,NA,NA,NA,NA,NA,NA,NA,NA,22.075062942,24.957185364,NA,NA,NA,NA,NA,25.697935866,NA,NA,NA,NA,NA,NA,NA,20.2438696328571,NA,NA,28.1990424242857,NA,NA,26.1,20.80034568,21.612924004,NA,NA,NA,NA,NA,19.889319228,NA,NA,37.688497542,NA,22.338009644,NA,NA,21.2,22.6,NA,NA,NA,NA,NA,NA,23.7288313433333,NA,NA,27.2,21.3,24.5333333333333,34,NA,NA,NA,21.6,NA,NA,19.58167564,NA,NA,NA,NA,NA,24.650515746,NA,NA,NA,NA,NA,NA,13.88068058,NA,NA,15.87085815,NA,NA,10.4700278396,NA,NA,42.458522036,NA,NA,NA,NA,11.35723126,NA,24.770848464,NA,NA,NA,NA,NA,NA,NA,NA,NA,25.2654939828571,16.223348238,NA,NA,NA,NA,48.6,NA,NA,NA,11.3557666335714,10.6710701186,NA,NA,15.068894768,25.9,NA,9.40180053708333,NA,NA,18.949139404,NA,NA,NA,NA,NA,NA,NA,NA,NA,NA,13.86105618
"Leaf density",NA,NA,0.804727664666667,NA,0.3555784125,0.33774874875,0.470010203666667,0.404071996294118,0.290288154,NA,NA,NA,NA,NA,NA,NA,NA,NA,NA,NA,NA,NA,NA,NA,NA,NA,NA,NA,NA,NA,NA,NA,NA,NA,0.62354734075,0.34961919,0.29088704725,0.7491019447,NA,NA,NA,NA,NA,NA,NA,NA,NA,NA,NA,NA,0.4111257035,0.404835303333333,NA,NA,NA,NA,NA,NA,NA,NA,NA,NA,NA,NA,NA,NA,NA,NA,NA,NA,NA,NA,NA,NA,NA,NA,NA,NA,0.414285714285714,NA,NA,NA,NA,NA,NA,NA,NA,NA,NA,NA,NA,NA,NA,NA,NA,NA,NA,NA,NA,NA,NA,NA,NA,NA,NA,NA,NA,NA,NA,NA,NA,NA,NA,NA,NA,NA,0.478503612,0.328806942333333,0.390767904,NA,NA,NA,NA,NA,NA,NA,NA,NA,NA,NA,NA,NA,NA,0.39693079,NA,NA,NA,NA,NA,NA,NA,NA,NA,NA,NA,0.414654055,NA,0.520801727,NA,NA,NA,NA,NA,NA,NA,NA,NA,NA,NA,NA,NA,NA,NA,NA,NA,NA,NA,NA,NA,NA,NA,NA,NA,0.5589888432,NA,NA,NA,NA,NA,NA,NA,NA,NA,NA,NA,NA,NA,NA,NA,NA,NA,NA,NA,NA,NA,NA,NA,0.443025188909091,NA,NA,NA,NA,NA,NA,NA,NA,NA,NA,NA,NA,NA,0.403333333333333,NA,NA,NA,NA,NA,NA,NA,NA,NA,NA,NA,NA,NA,NA,NA,0.4070312199,NA,NA,0.351767398,0.871852879666667,NA,NA,NA,NA,NA,NA,0.314523511777778,0.326865868,NA,0.2328077785,0.471420197666667,0.325162961,0.4509971398,NA,NA,NA,NA,0.6818334236,NA,NA,NA,NA,NA,NA,NA,0.3548606612,NA,NA,NA,NA,0.5511049901,NA,NA,NA,NA,NA,NA,NA,0.1364,NA,NA,NA,NA,NA,NA,NA,0.144,NA,0.5673175562,NA,NA,NA,NA,NA,NA,NA,NA,NA,NA,NA,NA,NA,NA,NA,NA,0.299826113333333,NA,NA,0.4680149106,NA,NA,NA,NA,NA,0.343175766333333,NA,NA,NA,NA,NA,NA,NA,NA,NA,NA,NA,NA,NA,NA,NA
"Leaf dry mass",NA,NA,0.16769,NA,0.34562226025,0.709157829666667,NA,0.19705,NA,0.0643393062173913,NA,NA,0.0840873785,NA,NA,NA,0.213937011,0.124019554428571,0.12308,0.214266666666667,NA,NA,NA,NA,NA,NA,1.56420533333333,0.1643750005,0.17182593175,NA,0.586396997936508,5.603077432,0.150325325,NA,0.0932307692307692,NA,0.20644442,0.07255,0.02056,0.115708333333333,NA,NA,0.261046666666667,0.0348888888888889,0.0650638554216867,NA,0.090884847,NA,NA,NA,0.065859031,NA,0.72175,NA,NA,0.041786508515528,NA,0.0282388888888889,NA,NA,0.240147832,NA,NA,NA,0.069448388,NA,0.0143829423846154,NA,NA,NA,NA,NA,NA,NA,NA,0.00505111111111111,NA,NA,0.0577908156984127,0.0648075114716981,NA,0.0137566666666667,NA,NA,0.00862,NA,NA,0.232011256,NA,NA,NA,NA,NA,NA,NA,0.0826463828333333,NA,NA,0.0208243923333333,0.113629845666667,0.0844627502142857,0.0207166666666667,0.458626666666667,0.01426,NA,0.0451854545454545,NA,1.062,NA,NA,NA,NA,0.0211811320754717,NA,NA,0.112234108,0.157919082166667,NA,NA,0.005593659,NA,0.00343628571428571,0.00658935194690265,0.00149739157142857,NA,0.023231,NA,NA,NA,0.015851801,NA,NA,NA,NA,NA,NA,0.63014,NA,NA,NA,NA,NA,0.00867564941666667,NA,0.0570823467142857,0.02003,NA,0.137704918,0.0909594763333333,0.0603833333333333,NA,NA,NA,0.0225474582857143,0.0206285204117647,NA,0.0224583333333333,0.0426515075,NA,0.004158809,NA,NA,NA,0.0103387212375,0.00737083333333333,NA,NA,NA,NA,0.0093494256,NA,NA,0.0924324522,0.0607249923809524,0.0531904761428571,0.0778888888888889,NA,0.03319,2.54945417736842,0.0468907956666667,NA,NA,NA,NA,NA,NA,NA,NA,0.00548975907142857,0.0138901588333333,0.0195485714285714,0.013101151,NA,0.292010362714286,0.235189189189189,NA,12.5441666666667,0.05393,NA,0.0157751918571429,0.19537,NA,NA,NA,0.3829752885,NA,NA,NA,0.359783603833333,0.189845,NA,0.0371917369,NA,NA,0.032917156,0.064662499826087,0.268566697047619,0.7275276,0.159911819888889,NA,NA,NA,0.0646319265714286,NA,0.1855057085,0.137578485555556,NA,0.0224933333333333,NA,NA,0.763636364,0.173269893714286,0.484970039727273,0.0189745225,NA,0.0438666666666667,0.0130468049333333,NA,0.163286001176471,NA,NA,NA,1.666666667,0.513857950666667,NA,NA,NA,NA,0.0478950716,0.07426,NA,0.171854142857143,0.100729917333333,0.288793333333333,NA,NA,NA,0.2698309100625,NA,NA,NA,NA,0.0220252283333333,NA,0.2396959135,0.924222376166667,NA,0.0604,NA,0.0556028,0.30399830325,0.10826689,NA,0.45544,NA,NA,NA,0.0637632765,0.0659537741111111,NA,0.0695672442211538,NA,0.08370887,NA,0.341136191,NA,NA,NA,NA,NA,0.506158863333333,0.107426333333333,NA,NA,NA,0.3876625,0.00223,NA,NA,0.0121816666666667,0.0503819516774194,0.0175058928867925,NA,0.005882353,5.766836343,1.428571429,NA,0.0853262276,NA,1.350007613,0.176,NA,NA,0.0653972466666667,0.00306333333333333,NA,NA,NA,0.021858659,0.166333333333333,NA,0.123776666666667
"Leaf dry mass per plant",NA,NA,NA,NA,NA,NA,NA,NA,NA,0.096,NA,NA,NA,NA,NA,NA,NA,NA,NA,NA,NA,NA,NA,NA,NA,NA,NA,NA,NA,NA,7.106,NA,NA,NA,NA,NA,NA,NA,NA,NA,NA,NA,NA,NA,0.696,NA,NA,NA,NA,NA,NA,NA,NA,NA,NA,NA,NA,NA,NA,NA,NA,NA,NA,NA,NA,NA,NA,NA,NA,NA,NA,NA,NA,NA,NA,0.34,NA,NA,11.39,0.36,NA,NA,NA,NA,NA,NA,NA,NA,NA,NA,NA,NA,NA,NA,NA,NA,NA,NA,NA,NA,NA,NA,NA,NA,NA,0.502,NA,3.798,NA,NA,NA,NA,NA,NA,NA,NA,NA,NA,NA,NA,NA,NA,NA,0.0286,NA,NA,NA,NA,NA,NA,NA,NA,NA,NA,NA,NA,NA,NA,NA,NA,NA,NA,1.526,NA,1.39,NA,NA,NA,NA,NA,NA,NA,NA,NA,1.11662,NA,NA,NA,NA,NA,NA,NA,NA,1.01712,NA,NA,NA,NA,NA,NA,NA,NA,NA,4.492,0.188,NA,NA,NA,5.82694,NA,NA,NA,NA,NA,NA,NA,NA,NA,NA,NA,NA,NA,NA,2.582,1.106,NA,NA,NA,NA,0.1,0.60628,NA,NA,NA,NA,NA,NA,NA,0.712,NA,NA,0.24,NA,NA,NA,NA,1.68,NA,NA,NA,NA,NA,2.436,NA,NA,0.524,NA,0.476,NA,NA,NA,NA,NA,NA,NA,NA,NA,NA,NA,NA,NA,NA,NA,32.175,NA,NA,NA,NA,NA,NA,NA,NA,NA,NA,NA,NA,NA,2.486,NA,NA,NA,NA,NA,NA,NA,NA,NA,NA,NA,NA,NA,NA,NA,1.09544,NA,NA,NA,NA,NA,NA,5.018,NA,NA,NA,NA,NA,NA,NA,NA,NA,2.066,0.538,NA,NA,NA,NA,NA,NA,NA,NA,1.09,0.636,NA,NA,37.622,NA,NA,NA,NA,NA,2.694,NA,NA,NA,NA,NA,NA,NA,NA,NA,NA,NA
"Leaf dry mass per plant dry mass (leaf weight ratio, LWR)",NA,NA,0.57,NA,0.586867952,NA,NA,0.67,NA,0.5976640921,NA,NA,NA,NA,NA,NA,NA,NA,NA,NA,NA,NA,NA,NA,NA,NA,NA,NA,NA,NA,NA,NA,NA,NA,0.6213514845,0.64,0.599977555666667,0.68,NA,0.43,NA,NA,NA,NA,0.39,NA,NA,NA,0.356,NA,NA,NA,NA,NA,NA,0.654,NA,NA,NA,NA,NA,NA,NA,NA,NA,NA,NA,NA,NA,NA,NA,NA,NA,NA,NA,NA,NA,NA,0.521558366,0.4083209875,NA,NA,NA,NA,NA,NA,NA,NA,NA,NA,NA,NA,NA,0.421666666666667,0.505,0.442,0.53,0.48,NA,0.827,NA,NA,NA,NA,NA,NA,NA,NA,NA,NA,NA,0.374962737833333,NA,NA,NA,NA,NA,NA,0.65,0.616,NA,NA,NA,0.5,NA,NA,NA,NA,NA,0.526,NA,NA,NA,NA,NA,NA,NA,NA,NA,NA,NA,NA,0.55,NA,NA,NA,NA,NA,NA,NA,NA,0.295,NA,0.706,NA,NA,NA,NA,0.42,NA,NA,NA,NA,0.625,NA,NA,NA,NA,NA,NA,NA,NA,0.66,0.544,NA,NA,NA,NA,NA,NA,NA,0.71,NA,NA,NA,NA,NA,NA,0.613,NA,NA,NA,NA,0.651111111111111,NA,NA,NA,NA,NA,NA,0.385,NA,NA,NA,NA,NA,NA,NA,0.455,NA,NA,0.427181818181818,NA,NA,0.628433032333333,0.616580183615385,0.616123015666667,NA,NA,NA,NA,NA,NA,NA,0.394,NA,NA,NA,NA,NA,NA,0.634358859416667,NA,NA,NA,NA,0.5732,NA,NA,NA,NA,NA,0.29,0.6770876648,NA,NA,NA,NA,0.428861996333333,NA,NA,NA,NA,NA,NA,NA,NA,NA,NA,NA,NA,NA,0.595,NA,0.6735,0.601,NA,NA,NA,NA,0.501038397,NA,NA,NA,NA,NA,NA,NA,0.5002761696,NA,0.57,NA,NA,NA,0.803,NA,NA,NA,NA,NA,0.6,0.595,NA,NA,NA,NA,0.6427155545,NA,NA,NA,0.432,0.44,NA,0.66,NA,NA,NA,0.669333333333333,NA,0.58,NA,NA,NA,NA,0.574,NA,NA,NA,NA,NA,NA,NA
"Leaf dry matter content (LDMC)",NA,NA,60.51819082,NA,36.627836844,2.0433803005,NA,52.359910937,NA,22.78641767915,NA,NA,87,NA,NA,NA,16.1333333333333,33.477224256,15.1706666666667,18.9411666666667,NA,NA,NA,NA,NA,NA,19.4332222222222,NA,25.0683613314286,NA,21.9173756596774,29.2,17.4,NA,74.20157535,NA,208.01808745,59.85693992,11.4866666666667,17.7065,NA,NA,12.892,27,36.7481900378125,NA,18.4,NA,78.75,NA,NA,NA,NA,NA,NA,22.1767529411765,NA,16.5473333333333,NA,NA,18.65,NA,NA,NA,19.35,NA,26.8659866666667,NA,NA,NA,NA,NA,NA,NA,NA,23.6798571428571,NA,NA,28.026060626962,25.4117928947458,NA,18.9106666666667,NA,NA,17.1256666666667,NA,NA,26.6792,NA,NA,NA,NA,NA,NA,NA,27.333,33,NA,15.983,20.8,27.663,25.3733183225,15.394,19.5457416685714,NA,28.4021986454545,NA,45.3879033,NA,NA,NA,NA,34.9452830188679,NA,NA,50.87,64.8296187,NA,NA,14,NA,31.2267142857143,21.3522386370339,26.3624313705882,NA,NA,NA,NA,NA,16,NA,NA,NA,NA,NA,NA,12.6343333333333,NA,NA,NA,NA,NA,35.8724867722222,NA,24.0661861333333,78.30969575,NA,NA,20.831,24.9916666666667,NA,NA,NA,13.4535795418182,19.8941259818182,NA,7.279,21.35,NA,32.7302008,NA,NA,NA,22.3525858755208,20.5123333333333,21.27752055,NA,NA,NA,22.3064285714286,NA,NA,23.7804545454545,49.3451197047619,42.0008687166667,NA,NA,22.1,34.6874986041667,23.7666666666667,NA,19.5338513,NA,NA,NA,NA,NA,NA,12.0786,14.4351111111111,10.9282,34.5,NA,40.4414844266667,21.1906514432432,NA,27.7233333333333,64.2039664,NA,32.303335,44.4515940571429,NA,NA,NA,15.2,NA,23.888438375,NA,71.5597722857143,18.8786666666667,NA,39.2189498832258,NA,NA,NA,21.4473681975862,26.2438622840625,NA,24.3868888888889,NA,NA,NA,21.5663382636364,NA,39.5666666666667,44.93169058,NA,63.73332112,NA,NA,NA,54.8883739272727,32.01125,90,NA,12.39,29.8794796551724,NA,30.7078888888889,NA,56.835,NA,NA,49.2328821642857,NA,NA,NA,NA,30.8841696548387,63.05284709,NA,26.7431666666667,NA,28.017,NA,NA,NA,49.819010312,NA,NA,NA,NA,78.6389995545454,NA,10.5,14.6616163988889,NA,29.7635,NA,25.0176666666667,25.1881841081333,19.95,NA,48.64222846,NA,29.00494795,NA,16.6,19.3023447566154,NA,29.9225518083333,NA,30.8,NA,11.85,NA,NA,NA,NA,NA,23.48816807,15.8477838229412,NA,NA,NA,20.7826,NA,NA,NA,23.4826153846154,38.559113252,22.9299962939655,NA,NA,16.4857035888889,NA,NA,22.0690888816667,NA,21.7428571428571,50.6065562666667,NA,NA,10.7333333333333,21.4243333333333,NA,NA,NA,19.5,23.0666666666667,NA,19.962375
"Leaf fresh mass",NA,NA,NA,NA,NA,NA,NA,NA,NA,0.285714285714286,NA,NA,NA,NA,NA,NA,NA,0.55601,NA,NA,NA,NA,NA,NA,NA,NA,NA,NA,NA,NA,2.82377049180328,NA,NA,NA,NA,NA,NA,NA,NA,NA,NA,NA,NA,NA,0.173495207667732,NA,NA,NA,NA,NA,NA,NA,NA,NA,NA,0.200440251572327,NA,NA,NA,NA,NA,NA,NA,NA,NA,NA,0.0438416666666667,NA,NA,NA,NA,NA,NA,NA,NA,NA,NA,NA,0.248163265306122,0.256938775510204,NA,NA,NA,NA,NA,NA,NA,NA,NA,NA,NA,NA,NA,NA,NA,NA,NA,NA,NA,NA,NA,NA,NA,NA,NA,0.12675,NA,1.758,NA,NA,NA,NA,0.0608584905660377,NA,NA,NA,NA,NA,NA,NA,NA,NA,0.0313168224299065,0.004,NA,NA,NA,NA,NA,NA,NA,NA,NA,NA,NA,NA,NA,NA,NA,NA,NA,NA,0.0358857142857143,NA,0.68,NA,NA,NA,NA,NA,NA,NA,NA,NA,0.109121428571429,NA,NA,NA,NA,NA,NA,NA,NA,0.0472103896103896,NA,NA,NA,NA,NA,NA,NA,NA,NA,0.488,0.188,NA,NA,NA,2.87424,NA,NA,NA,NA,NA,NA,NA,NA,NA,NA,NA,NA,NA,NA,1.972,1.18456756756757,NA,NA,NA,NA,0.11,0.60385,NA,NA,NA,NA,NA,NA,NA,0.454,NA,NA,0.110860294117647,NA,NA,NA,0.285,4.53166666666667,NA,NA,NA,NA,NA,0.28,NA,NA,0.398,NA,0.186,NA,NA,NA,NA,0.22125,NA,NA,NA,0.04725,NA,NA,NA,NA,NA,NA,NA,NA,NA,NA,NA,NA,NA,NA,NA,NA,NA,NA,NA,NA,3.022,NA,NA,NA,NA,NA,NA,NA,NA,NA,NA,NA,NA,NA,NA,NA,1.0387,NA,NA,NA,NA,NA,NA,0.214152209492635,NA,NA,NA,NA,NA,NA,NA,NA,NA,2.642,0.7788,NA,NA,NA,NA,NA,NA,NA,NA,0.49,0.101625,NA,NA,37.6,NA,NA,NA,NA,NA,0.282,NA,NA,NA,NA,NA,NA,NA,NA,0.711333333333333,NA,NA
"Leaf lamina thickness",NA,NA,NA,NA,NA,0.174374679,NA,0.190744773,NA,0.2557,NA,NA,NA,NA,NA,NA,0.1526,NA,NA,NA,NA,NA,NA,NA,NA,NA,NA,NA,0.154,NA,NA,NA,NA,NA,NA,NA,0.2258702035,NA,NA,NA,NA,NA,NA,NA,NA,NA,0.17,NA,NA,NA,NA,NA,NA,NA,NA,NA,NA,NA,NA,NA,NA,NA,NA,NA,NA,NA,0.1207,NA,NA,NA,NA,NA,NA,NA,NA,0.1930833335,NA,NA,0.147373333333333,NA,NA,NA,NA,NA,NA,NA,NA,NA,NA,NA,NA,NA,NA,NA,NA,NA,NA,NA,NA,0.1845,NA,NA,NA,NA,NA,NA,NA,NA,NA,NA,NA,NA,NA,NA,NA,NA,NA,NA,NA,0.177,NA,NA,NA,0.094,NA,NA,NA,NA,NA,NA,NA,NA,NA,NA,NA,NA,NA,NA,NA,NA,NA,NA,0.18475,NA,NA,NA,NA,NA,0.6,NA,NA,NA,NA,NA,NA,NA,NA,NA,NA,NA,NA,NA,NA,0.2019166665,NA,NA,NA,NA,NA,NA,NA,NA,NA,0.37,NA,NA,NA,NA,NA,NA,NA,NA,NA,NA,NA,NA,NA,NA,NA,0.176,NA,NA,NA,NA,NA,NA,NA,NA,NA,NA,NA,NA,NA,NA,NA,NA,NA,NA,NA,NA,NA,NA,0.2315,NA,NA,0.272166666666667,0.2816666665,NA,NA,NA,NA,NA,NA,NA,NA,0.2135,NA,NA,NA,NA,NA,NA,NA,NA,NA,NA,0.138,NA,NA,NA,0.3776666665,NA,NA,0.2226845085,NA,NA,NA,NA,0.1983,NA,NA,NA,NA,NA,NA,NA,NA,NA,NA,NA,NA,NA,NA,NA,NA,0.26025,NA,NA,NA,NA,0.164,NA,NA,NA,NA,NA,NA,NA,0.133,NA,NA,NA,NA,NA,0.2215,NA,NA,NA,NA,NA,NA,0.2321666665,NA,NA,NA,NA,NA,NA,NA,NA,0.1385,0.160417777666667,NA,NA,0.365,NA,NA,0.1984,NA,NA,NA,NA,NA,0.15,NA,NA,NA,NA,NA,NA,NA,NA
"Leaf lifespan",NA,NA,NA,NA,6,5.5125,NA,5.5,NA,1.2,NA,NA,NA,NA,NA,NA,NA,3.6,1.5,NA,NA,NA,NA,NA,NA,NA,NA,NA,NA,NA,1.4,NA,NA,NA,NA,NA,3.6,6,NA,NA,NA,NA,NA,NA,2,NA,NA,NA,NA,NA,7.7,NA,5.6,NA,NA,NA,NA,NA,NA,NA,NA,NA,NA,NA,NA,NA,NA,NA,NA,NA,NA,NA,NA,NA,NA,NA,NA,NA,2.8,2.7,NA,NA,NA,NA,NA,NA,NA,NA,NA,NA,NA,NA,NA,NA,NA,NA,NA,NA,NA,4.9,NA,NA,NA,NA,NA,NA,NA,NA,NA,NA,NA,NA,NA,NA,NA,NA,5.7,NA,NA,2.5,NA,NA,NA,NA,NA,NA,NA,NA,NA,NA,NA,NA,NA,NA,NA,NA,NA,NA,NA,NA,NA,NA,NA,NA,NA,NA,NA,5,NA,NA,NA,NA,NA,NA,NA,NA,NA,NA,NA,NA,NA,NA,NA,4.9,NA,NA,NA,NA,NA,NA,NA,NA,NA,NA,NA,NA,NA,NA,NA,NA,NA,NA,NA,NA,NA,NA,NA,NA,NA,NA,NA,NA,NA,NA,NA,NA,NA,NA,NA,NA,NA,NA,NA,NA,NA,NA,NA,3.6,NA,NA,NA,2,NA,NA,20.275,4.18,NA,NA,NA,NA,NA,NA,NA,NA,NA,NA,NA,NA,NA,NA,5,4.88571428571429,NA,NA,NA,NA,NA,NA,5.5,NA,NA,NA,6,6,NA,NA,NA,NA,6.8,NA,NA,NA,4.6,NA,NA,NA,6,NA,NA,NA,NA,NA,NA,NA,NA,NA,NA,NA,NA,NA,NA,NA,NA,NA,NA,NA,NA,NA,NA,NA,NA,NA,NA,NA,NA,6,NA,NA,NA,NA,NA,2.2,NA,NA,NA,NA,36.04,NA,NA,NA,NA,2,NA,60,NA,5.88,NA,4.1,NA,NA,NA,NA,NA,NA,NA,NA,NA,NA,NA,NA,NA,NA
"Leaf nitrogen (N) content",NA,NA,NA,NA,8.638128071,13.9342872096667,NA,13.32,NA,1.806900371,NA,NA,NA,NA,NA,NA,NA,5.776991782,NA,NA,NA,NA,NA,NA,NA,NA,NA,NA,0.491164,NA,NA,NA,NA,NA,NA,NA,3.922247864,NA,NA,NA,NA,NA,NA,NA,NA,NA,NA,NA,NA,NA,1.514757709,NA,25.45714286,NA,NA,NA,NA,NA,NA,NA,NA,NA,NA,NA,NA,NA,NA,NA,NA,NA,NA,NA,NA,NA,NA,NA,NA,NA,0.234385825,0.0469,NA,NA,NA,NA,NA,NA,NA,NA,NA,NA,NA,NA,NA,NA,NA,0.753413452,NA,NA,NA,NA,NA,NA,NA,NA,NA,NA,NA,NA,NA,NA,NA,NA,NA,NA,NA,1.42385931,12.91304348,NA,NA,NA,NA,0.195447,0.0559,NA,NA,NA,NA,NA,NA,0.2956408,NA,NA,NA,NA,NA,NA,NA,NA,NA,NA,NA,NA,NA,NA,NA,NA,NA,4.076065574,NA,NA,NA,NA,NA,0.327405,NA,NA,NA,NA,NA,NA,NA,NA,NA,NA,NA,NA,NA,NA,NA,NA,NA,NA,NA,NA,NA,NA,NA,NA,12.13714759,NA,NA,NA,NA,NA,NA,NA,NA,NA,NA,NA,NA,NA,NA,NA,NA,NA,NA,NA,NA,NA,NA,NA,NA,NA,NA,NA,NA,NA,NA,NA,NA,0.197901543,NA,NA,0.508232961,1.516881709,NA,14.59124989,NA,NA,NA,NA,NA,NA,NA,NA,NA,NA,NA,NA,18.02181818,8.2864806645,NA,NA,NA,NA,NA,NA,13.38181818,NA,NA,NA,39.16666667,11.9674052413333,NA,NA,NA,NA,6.574335553,NA,NA,NA,2.677949632,NA,NA,NA,NA,NA,NA,NA,NA,NA,NA,NA,NA,18.08377403,NA,NA,NA,NA,1.846303459,NA,NA,NA,NA,NA,NA,NA,1.44119017,NA,NA,NA,NA,NA,NA,NA,NA,NA,NA,NA,5.3128243995,NA,NA,NA,NA,NA,0.0169,NA,NA,NA,1.6346659495,0.4135488,NA,0.0582,NA,27.57142857,NA,NA,NA,17.04669793,NA,NA,NA,NA,NA,NA,NA,NA,NA,NA,NA,NA
"Leaf nitrogen (N) content per area",1.6,NA,1.294582855,1.10333333333333,0.87908173,1.19881331366667,NA,1.11828637635,NA,1.73593234627273,NA,NA,NA,NA,1.43,NA,NA,1.8937385105,2.08340202233333,2.48,NA,NA,NA,NA,NA,NA,NA,1.67122807033333,0.809162397,NA,1.76,NA,NA,NA,1.41517972366667,NA,1.79610358836364,1.046163749,NA,2.058704884,NA,NA,NA,0.811512487,1.020044245,NA,NA,NA,1.616373273,NA,1.04714847,1.145374449,1.6887380952,1.56,1.36980392166667,NA,NA,NA,NA,NA,NA,NA,NA,NA,NA,NA,NA,NA,NA,NA,NA,NA,0.882517371,0.717782482,NA,NA,NA,NA,1.27314437766667,1.78083408,NA,NA,NA,NA,NA,NA,2.24,NA,NA,NA,NA,NA,NA,NA,NA,1.012652489,1.204739531,NA,NA,NA,NA,NA,NA,NA,NA,NA,NA,NA,NA,NA,NA,NA,NA,1.245705401,NA,0.602015221,1.4847131556,1.510791367,1.578947368,NA,NA,1.396077363,0.596684901,NA,NA,NA,NA,NA,NA,1.137183869,NA,NA,NA,NA,NA,NA,NA,NA,NA,NA,NA,NA,NA,NA,NA,NA,1.585365854,0.98012295075,NA,NA,NA,1.391705792,NA,0.928556286,NA,NA,NA,NA,NA,NA,NA,NA,NA,1.482217391,NA,2.516163733,NA,NA,NA,NA,NA,NA,3.583333333,2.332675952,NA,NA,NA,NA,1.211292174,NA,NA,NA,NA,NA,NA,NA,NA,NA,NA,NA,NA,NA,NA,NA,NA,NA,NA,0.524938271666667,NA,NA,1.47840262,NA,NA,NA,NA,NA,NA,1.26823221,2.038255101,NA,NA,1.01203901633333,NA,NA,2.77829196733333,1.3169731014,1.787815291,1.23972979633333,NA,NA,NA,NA,NA,NA,3.641742209,NA,NA,NA,NA,NA,2.14180745785714,1.92461200621429,NA,NA,NA,NA,NA,NA,1.5882495558,1.10764705866667,2.330374135,1.8817635425,2.16866203971429,1.50012715917857,1.451104101,NA,NA,NA,1.9245052816,2.039473684,NA,NA,1.83388188228571,NA,NA,NA,1.398912863,NA,NA,NA,NA,NA,NA,NA,NA,1.340134432,NA,NA,1.396648045,NA,1.728343982,NA,NA,NA,NA,NA,NA,NA,1.023992763,NA,NA,NA,NA,NA,NA,1.688544358,NA,NA,NA,NA,1.273007606,1.29131753125,NA,NA,NA,NA,2.135597345,1.3236703296,NA,NA,1.60131361766667,1.5986197206,NA,1.2108088235,NA,1.843681897625,1.497005988,NA,NA,1.0109973525,NA,NA,NA,NA,NA,NA,NA,NA,NA,NA,NA,3.857445402
"Leaf nitrogen (N) content per dry mass",14.3705472049315,NA,27.082988792,21.2017142857143,20.7646825395238,17.9012891555556,23.66667,18.42792935,22.74,29.08008865125,NA,NA,NA,NA,13.0010892533333,NA,42.811588015,33.6165657164,32.40737,44.1,NA,NA,11,NA,NA,NA,NA,38.7857142857143,33.966666665,NA,29.4521087291667,NA,NA,NA,24.3194835986325,26.9588888888889,26.3334831013592,19.25,NA,27.91686412,NA,NA,NA,13.049154245,20.631044908,NA,31.5672044,NA,30.3081272,NA,19.1666666666667,22.1666666666667,19.0363636363636,21.6,48.225,24.6219175555556,NA,NA,NA,NA,NA,NA,12.1,NA,25.04487709125,NA,16.23385,7.3,21.6,NA,18.425,17.9,22.1,19.7,NA,28.7912233333333,NA,NA,25.3403545353192,23.1752064607692,18.9,NA,NA,12.94030575,12.6,NA,19.8,24.04,NA,NA,NA,NA,NA,32.940155,NA,30.4670673375,13.85450461,NA,NA,31.6428571428571,NA,14.83756316,NA,29.36128578,NA,13.872512816,NA,21.4934583966667,15,NA,NA,NA,NA,19.9744647258333,23.0127819166667,18.2854925925,20.38285,20.2,17.02,29.86,NA,21.4936363636364,29.6455943716667,NA,19.4166666666667,NA,17.7,12.3,NA,33.479649994375,NA,NA,NA,NA,NA,NA,33.8693405466667,NA,NA,NA,NA,NA,22.3,NA,37.0593529233333,13,23.4833333333333,25.55,20.715109814,NA,17.7,34.1508553333333,NA,19.486666666,17.8979371788889,18.5,NA,NA,NA,42.42186,NA,NA,NA,33.0288119472727,NA,23.592114,NA,NA,12.5,17.1,NA,29,25.46072613,22.9394912466667,17.0601469933333,NA,17.36666667,NA,28.7213530545455,34.8,NA,31.53958,13.8,22.27272727,19.7,NA,NA,NA,NA,NA,NA,25.5,NA,19.3102349977778,18.026152132,NA,NA,19.504,NA,NA,18.2749140066667,NA,NA,NA,NA,21.5,NA,23.1166666666667,25.691423595,NA,NA,19.1663677889286,NA,NA,15.5580051937984,24.2790794805128,36.9812744986364,17.2989925,NA,NA,NA,NA,23.516893864,NA,15.6189748,12.22482157,NA,21.310991526,NA,NA,22.444,26.4487920593388,NA,NA,16.4,30,19.6275554545455,NA,24.418584115,18.3583333333333,21.8375,20.9572602283562,22.7538461538462,20.4440049707634,18.7775,NA,NA,NA,24.7575,25.8333333333333,NA,21.76046369,35.85,NA,NA,21.8,19.65,23.843761449375,15.7,28,NA,19.35,31.1311483333333,NA,29.7601876266667,35.3550267428571,NA,16.35298391,24.8,29.06,36.5571230809091,NA,NA,10.55914712,NA,NA,NA,26.4,40.4860720173333,NA,16.7976994171429,NA,11.975,19.2,34.9,18.88,NA,NA,NA,NA,22.3456195069231,29.0506738008333,16.325,NA,NA,NA,16.7947368421053,26.3321428571429,NA,NA,39.4287778653125,42.6266455135714,24.7,12.6504783830769,25.4103959083333,20.6506470588235,21.8333333333333,44.5948101377778,NA,22.30594888,23.0840608944444,NA,NA,NA,NA,NA,NA,NA,NA,15.7,NA,29.28275326
"Leaf nitrogen/phosphorus (N/P) ratio",9.88852219165625,NA,13.97801991,9.22814313225,10.8287880845455,12.61669013565,7.1,13.1489029856957,8.1957647058,7.342105263,NA,NA,NA,NA,NA,NA,8.8,15.257595964,NA,NA,NA,NA,3.548387097,NA,NA,NA,NA,7.09602272725,NA,NA,5.176470588,NA,NA,NA,14.3147207025714,17.7975712366667,9.36936690670833,17.602222454,NA,NA,NA,NA,NA,8.454545455,37.10526316,NA,NA,NA,NA,NA,12.24381905,9.97634491916667,9.17145514757143,7.967741935,5.903225806,NA,NA,NA,NA,NA,NA,NA,7.117647059,NA,10.5098934563333,NA,NA,3.65,12.63157895,NA,5.939032258,8.4676234315,NA,7.64011152225,NA,20.96618381,NA,NA,10.2621031746,NA,13.5,NA,NA,NA,NA,NA,NA,NA,NA,NA,NA,NA,NA,NA,NA,NA,NA,NA,NA,15.04030501,NA,NA,NA,NA,NA,NA,NA,6.095238095,6.818181818,NA,NA,NA,NA,13.8307198738462,NA,5.10385015416667,10.7663202588889,14.7236831988,8.94417455854546,11.1594684413333,NA,9.06100217866667,NA,NA,9.52691309016667,NA,4.783783784,7.235294118,NA,8.32664289118182,NA,NA,NA,NA,NA,NA,NA,NA,NA,NA,NA,NA,NA,NA,8,4.814814815,7.49443492466667,10.7434887765,NA,NA,7.08,NA,NA,NA,15.31506849,8.043478261,NA,NA,NA,NA,NA,NA,NA,15.3660968665,NA,NA,NA,NA,5.952380952,6.6796875,NA,11.6,NA,NA,7.506831132,NA,NA,NA,NA,22.30769231,NA,NA,11.034994554,NA,6.566666667,NA,NA,NA,NA,NA,NA,28.5,NA,NA,NA,NA,NA,9.40693016155556,NA,NA,NA,NA,NA,NA,NA,10.714285715,NA,11.44160584,13.82608696,NA,NA,7.20833333325,NA,NA,10.9493250073333,9.318181818,16.2710223,12.6804344,NA,NA,NA,NA,NA,NA,NA,NA,NA,NA,NA,NA,11.0797128383111,10.5833553224545,NA,NA,7.986111111,15,7.826086957,NA,13.2639939456923,15.1048950851429,NA,12.8877602274444,10.1862262757143,13.7316383986667,12.2876814775,NA,NA,NA,15.9068807033333,8.23666433066667,NA,NA,17.7111305333333,NA,NA,8.384615385,15.776817735,12.7587975228571,6.541666667,20,NA,5.157051282,NA,NA,11.50191,NA,NA,NA,15.339096258,NA,12.6343398113333,NA,NA,NA,NA,NA,NA,11.73333333,11.13940992,NA,4.409722222,NA,6.47670289775,9.6,10.0867052,16.4799206714,NA,NA,NA,NA,NA,NA,6.30911443625,NA,NA,NA,9.5301394882,8.498000660375,NA,NA,14.09090909,NA,16.46666667,9.36724683533333,10.36363636,9.99540661245454,10.4935164158333,9.82066386977778,NA,NA,NA,NA,NA,NA,NA,NA,NA,NA,NA,5.607142857,NA,NA
"Leaf phosphorus (P) content per area",NA,NA,0.062962963,0.054,0.09445,0.105726923,NA,0.1015776995,NA,0.458454998,NA,NA,NA,NA,NA,NA,NA,NA,NA,NA,NA,NA,NA,NA,NA,NA,NA,NA,NA,NA,NA,NA,NA,NA,0.0783,NA,0.153284672,0.0555,NA,NA,NA,NA,NA,0.0952,NA,NA,NA,NA,NA,NA,0.0973,0.140969163,0.119791667,NA,NA,NA,NA,NA,NA,NA,NA,NA,NA,NA,NA,NA,NA,NA,NA,NA,NA,NA,NA,NA,NA,NA,NA,NA,NA,NA,NA,NA,NA,NA,NA,NA,0.11,NA,NA,NA,NA,NA,NA,NA,NA,NA,0.157958464,NA,NA,NA,NA,NA,NA,NA,NA,NA,NA,NA,NA,NA,NA,NA,NA,0.0865,NA,NA,0.230263158,0.0863,0.184210526,NA,NA,NA,NA,NA,NA,NA,NA,NA,NA,NA,NA,NA,NA,NA,NA,NA,NA,NA,NA,NA,NA,NA,NA,NA,NA,NA,0.237804878,NA,NA,NA,NA,NA,NA,NA,NA,NA,NA,NA,NA,NA,NA,NA,NA,NA,NA,NA,NA,NA,NA,NA,NA,NA,NA,NA,NA,NA,NA,NA,NA,NA,NA,NA,NA,NA,NA,NA,NA,NA,NA,NA,NA,NA,NA,NA,NA,NA,NA,0.0926,NA,NA,NA,NA,NA,NA,NA,NA,NA,NA,NA,NA,NA,NA,NA,NA,NA,NA,NA,NA,NA,NA,NA,NA,NA,NA,NA,NA,NA,NA,NA,NA,0.1739902835,0.123258792666667,NA,NA,NA,NA,NA,NA,0.0838,0.100840336,NA,0.125225065,0.182692308,0.11528406025,0.126182965,NA,NA,NA,0.0954,0.256578947,NA,NA,0.0768,NA,NA,NA,0.0852,NA,NA,NA,NA,NA,NA,NA,NA,NA,NA,NA,0.0726,NA,0.126528641,NA,NA,NA,NA,NA,NA,NA,0.0816,NA,NA,NA,NA,NA,NA,0.0909,NA,NA,NA,NA,NA,0.17054201,NA,NA,NA,NA,NA,0.203296703,NA,NA,NA,NA,NA,NA,NA,0.1226785715,0.107784431,NA,NA,0.172730386,NA,NA,NA,NA,NA,NA,NA,NA,NA,NA,NA,NA
"Leaf phosphorus (P) content per dry mass",1.240093125,NA,2.3164899965,2.123467429,1.82957822521053,1.51780027635,3.33333,1.64970189476087,3.24,2.64844163014286,NA,NA,NA,NA,NA,NA,3.3454766335,2.35849346333333,NA,NA,NA,NA,3.1,NA,NA,NA,NA,3.025,NA,NA,3.4,NA,NA,NA,1.706303118,1.415,2.48765166183333,1.0602419176,NA,2.57503403,NA,NA,NA,1.53572758,0.57,NA,1.92806498,NA,NA,NA,1.539774183,2.34981585166667,2.082348831,3.1,3.1,1.4340038445,NA,NA,NA,NA,NA,NA,1.7,NA,2.503284152875,NA,1.64,2,1.71,NA,2.8,2.5,NA,2.575,NA,2.346425,NA,NA,2.20829630708333,2.5376933074,1.4,NA,NA,NA,NA,NA,0.97,NA,NA,NA,NA,NA,NA,NA,NA,3.35800950457143,1.81652233,NA,NA,3.04285714285714,NA,4.36041901,NA,1.56627646,NA,NA,0.35,2.1,2.2,NA,NA,NA,NA,1.488672535,1.87838907666667,3.70531330685714,2.23038351888889,1.4398998606,2.048085444,3.14,NA,1.712,2.5963886072,NA,2.16666666666667,NA,3.7,1.7,NA,3.26217195166667,NA,NA,NA,NA,NA,NA,3.73089474,NA,NA,NA,NA,NA,NA,NA,2.6,2.7,3.41656997783333,2.855,1.4943405334,NA,2.5,NA,NA,1.410767714,1.46,2.3,NA,NA,NA,NA,NA,NA,NA,1.54093807147059,NA,NA,NA,NA,2.1,2.56,NA,2.5,2.177339949,1.50038391633333,2.55,NA,NA,NA,NA,1.56,NA,NA,1.4,NA,3,NA,NA,NA,NA,NA,NA,0.9,NA,NA,NA,NA,NA,2.03337170688889,NA,NA,NA,NA,NA,NA,NA,2.7,NA,2.74,2.25031402909091,NA,NA,2.800386502,NA,NA,1.337709998,2.03603783772727,1.92,1.2,NA,NA,NA,NA,NA,NA,NA,NA,3,NA,NA,NA,2.02489583848889,2.35668320566667,NA,NA,2.1,2,3.12925,NA,2.07112595328571,2.22849990042857,1.2155,1.73945733940741,2.22872546857143,1.6029855564359,1.5749165505,NA,NA,NA,1.60305369216667,3.1832366445,NA,0.271664416,1.88198685166667,NA,NA,2.6,1.2476343855,2.14,2.4,1.4,NA,3.75,NA,NA,3.53861496,4.138255138,5.3,2.49253197,1.925028263,1.68,3.05982462645455,NA,NA,NA,NA,NA,NA,2.25,3.55955786406667,NA,2.55,NA,2,2,3.46,1.1517751532,NA,NA,NA,NA,3.82551993,3.14604064171429,2.75,NA,NA,NA,1.2077525216,3.04353522475,NA,NA,1.84509871141176,2.02593622730769,1.5,1.525,2.2,2.39447543045455,2.2831451525,4.48187072774286,NA,2.53913667,NA,NA,NA,NA,NA,NA,NA,NA,NA,2.8,NA,2.26514532
"Leaf porosity",NA,NA,10,NA,NA,NA,NA,NA,NA,NA,NA,NA,NA,NA,NA,NA,NA,NA,NA,NA,NA,NA,NA,NA,NA,NA,NA,NA,NA,NA,NA,NA,NA,NA,NA,NA,NA,NA,NA,22,NA,NA,NA,NA,NA,NA,19,NA,NA,NA,NA,NA,NA,NA,NA,NA,NA,NA,NA,NA,NA,NA,NA,NA,14,NA,NA,NA,NA,NA,NA,NA,NA,NA,NA,NA,NA,NA,NA,NA,NA,NA,NA,NA,NA,NA,NA,NA,NA,NA,NA,NA,NA,NA,NA,22.6666666666667,NA,NA,NA,NA,NA,NA,NA,NA,NA,NA,NA,NA,NA,NA,NA,NA,NA,NA,23,NA,NA,NA,NA,NA,NA,NA,NA,NA,NA,NA,NA,NA,NA,14,NA,NA,NA,NA,NA,NA,22.6666666666667,NA,NA,NA,NA,NA,NA,NA,NA,NA,NA,NA,NA,NA,NA,NA,NA,NA,NA,NA,NA,NA,NA,NA,NA,NA,NA,NA,NA,NA,NA,NA,NA,NA,NA,NA,12,NA,NA,NA,NA,NA,NA,NA,NA,NA,NA,NA,NA,NA,NA,NA,NA,NA,NA,NA,NA,NA,NA,NA,NA,NA,NA,NA,NA,NA,NA,NA,NA,NA,NA,NA,13,NA,NA,NA,NA,NA,NA,NA,NA,NA,NA,NA,NA,NA,NA,NA,NA,NA,NA,NA,NA,NA,NA,NA,NA,NA,NA,NA,NA,NA,NA,NA,NA,NA,NA,NA,NA,NA,NA,NA,NA,NA,NA,NA,NA,NA,NA,NA,NA,NA,NA,NA,NA,NA,NA,NA,11,NA,NA,8,NA,NA,19.5,NA,NA,NA,NA,NA,NA,NA,14,NA,NA,NA,NA,NA,NA,NA,NA,NA,NA,NA,25,NA,NA,NA,NA,NA,NA,NA,NA,NA,NA,NA,NA,NA,NA,NA,NA,30.25,NA,NA,NA,NA,NA,NA,NA,NA,NA,NA,NA,NA,NA,10
"Leaf potassium (K) content per area",NA,NA,0.392592593,0.22,0.609996099,0.403873688,NA,0.418302514,NA,NA,NA,NA,NA,NA,NA,NA,NA,NA,NA,NA,NA,NA,NA,NA,NA,NA,NA,NA,NA,NA,NA,NA,NA,NA,0.299539171,NA,0.576642336,0.321446962,NA,NA,NA,NA,NA,NA,NA,NA,NA,NA,NA,NA,0.243243243,0.378854626,0.484375,NA,NA,NA,NA,NA,NA,NA,NA,NA,NA,NA,NA,NA,NA,NA,NA,NA,NA,NA,NA,NA,NA,NA,NA,NA,NA,NA,NA,NA,NA,NA,NA,NA,NA,NA,NA,NA,NA,NA,NA,NA,NA,NA,NA,NA,NA,NA,NA,NA,NA,NA,NA,NA,NA,NA,NA,NA,NA,NA,NA,0.356957769,NA,NA,0.638157895,0.762589928,1.043859649,NA,NA,NA,NA,NA,NA,NA,NA,NA,NA,NA,NA,NA,NA,NA,NA,NA,NA,NA,NA,NA,NA,NA,NA,NA,NA,NA,0.62195122,NA,NA,NA,NA,NA,NA,NA,NA,NA,NA,NA,NA,NA,NA,NA,NA,NA,NA,NA,NA,NA,NA,NA,NA,NA,NA,NA,NA,NA,NA,NA,NA,NA,NA,NA,NA,NA,NA,NA,NA,NA,NA,NA,NA,NA,NA,NA,NA,NA,NA,0.237037037,NA,NA,NA,NA,NA,NA,NA,NA,NA,NA,NA,NA,NA,NA,NA,NA,NA,NA,NA,NA,NA,NA,NA,NA,NA,NA,NA,NA,NA,NA,NA,NA,0.843971631,0.756775768,NA,NA,NA,NA,NA,NA,0.281437126,0.521008403,NA,0.5992518005,0.509615385,0.482949810333333,0.883280757,NA,NA,NA,0.557647908,0.828947368,NA,NA,0.564700022,NA,NA,NA,0.796410788,NA,NA,NA,NA,NA,NA,NA,NA,NA,NA,NA,0.575418994,NA,0.857241288,NA,NA,NA,NA,NA,NA,NA,0.600742421,NA,NA,NA,NA,NA,NA,0.584496124,NA,NA,NA,NA,NA,NA,NA,NA,NA,NA,NA,0.730769231,NA,NA,NA,NA,NA,NA,NA,0.5345496005,0.766467066,NA,NA,NA,NA,NA,NA,NA,NA,NA,NA,NA,NA,NA,NA,NA
"Leaf potassium (K) content per dry mass",NA,NA,10.6,11,10.67,5.45,NA,7.55,NA,NA,NA,NA,NA,NA,NA,NA,NA,NA,NA,NA,NA,NA,NA,NA,NA,NA,NA,NA,NA,NA,NA,NA,NA,NA,6.5,NA,19.94999997,5.5,NA,NA,NA,NA,NA,NA,NA,NA,NA,NA,NA,NA,4.5,8.6,9.3,NA,NA,NA,NA,NA,NA,NA,NA,NA,NA,NA,NA,NA,NA,NA,NA,NA,NA,NA,NA,NA,NA,NA,NA,NA,NA,50.640000012,NA,NA,NA,NA,NA,NA,NA,NA,NA,NA,NA,NA,NA,NA,NA,NA,NA,NA,NA,NA,NA,NA,16.94999999,NA,NA,NA,4.9,NA,NA,NA,NA,NA,NA,5.5,NA,NA,9.7,10.6,11.9,NA,NA,NA,NA,NA,NA,NA,NA,NA,NA,NA,NA,NA,NA,NA,NA,NA,NA,NA,NA,NA,NA,NA,NA,NA,NA,NA,10.2,NA,NA,NA,NA,NA,NA,NA,NA,NA,NA,NA,NA,NA,NA,NA,NA,NA,NA,NA,NA,NA,NA,NA,NA,NA,NA,NA,NA,NA,NA,NA,19.100000005,NA,NA,NA,NA,NA,NA,NA,NA,NA,NA,NA,NA,NA,NA,NA,NA,NA,NA,6.4,NA,NA,NA,NA,NA,NA,NA,NA,NA,NA,NA,NA,NA,NA,NA,NA,7.360000002,NA,NA,NA,NA,NA,NA,38.8533334733333,NA,NA,6.389999998,NA,NA,NA,NA,NA,11.9,8.7,NA,NA,NA,NA,NA,NA,4.7,6.2,19.8565625025,8.9,5.3,7.105,8.4,NA,NA,NA,10.1966666676667,12.6,NA,NA,11.36666667,NA,NA,NA,11.5,NA,NA,NA,NA,NA,NA,NA,NA,NA,NA,NA,10.3,NA,16.491666666,NA,NA,NA,NA,NA,NA,NA,22.48888889,26.0000000633333,NA,NA,NA,NA,NA,7.2,NA,NA,NA,NA,NA,NA,NA,NA,NA,NA,5.8,13.3,NA,NA,NA,NA,NA,NA,NA,8.05,12.8,NA,NA,NA,NA,NA,NA,NA,NA,NA,NA,NA,NA,NA,NA,NA
"Leaf respiration per dry mass",4.24613468557485,NA,NA,NA,14.60674157,10.5812967752418,NA,7.00029613634783,NA,23.1941086371481,NA,NA,NA,NA,25.4803880875,NA,NA,NA,20.78244153375,NA,NA,NA,NA,NA,NA,NA,NA,NA,NA,NA,22.37496579125,NA,NA,NA,26.0460107633333,NA,18.8413322890902,NA,NA,NA,NA,NA,NA,NA,18.5236755264286,NA,NA,NA,NA,NA,NA,NA,NA,NA,NA,NA,NA,NA,NA,NA,NA,NA,NA,NA,NA,NA,NA,NA,NA,NA,NA,NA,NA,NA,NA,NA,NA,NA,NA,NA,NA,NA,NA,NA,NA,NA,14.658927789,NA,NA,NA,NA,NA,NA,23.8057523666667,NA,NA,NA,NA,NA,NA,NA,NA,NA,NA,NA,NA,NA,NA,NA,NA,NA,NA,NA,NA,NA,NA,10.30827414,NA,13.557140542,NA,NA,NA,NA,NA,NA,NA,NA,NA,NA,NA,NA,NA,NA,NA,NA,NA,NA,NA,NA,NA,NA,NA,NA,NA,NA,NA,NA,NA,NA,NA,NA,40.7889759083333,NA,NA,NA,NA,NA,NA,NA,NA,NA,NA,NA,NA,NA,NA,NA,NA,NA,NA,NA,NA,NA,NA,NA,NA,NA,NA,NA,NA,NA,NA,NA,NA,NA,NA,NA,NA,NA,NA,NA,NA,NA,NA,NA,NA,NA,7.20523664913636,NA,NA,NA,NA,NA,NA,NA,NA,NA,NA,NA,NA,NA,NA,NA,NA,5.61081586153986,37.949177065,40.07835935875,6.05884363625,NA,NA,NA,NA,NA,NA,NA,NA,NA,NA,NA,NA,11.6590892641111,27.4628930605,NA,NA,NA,NA,NA,NA,17.0566933175,5.94472709651064,NA,11.924625119876,14.093839661,11.4210198895912,8.8071088495,NA,NA,NA,NA,NA,NA,NA,17.9685980242353,NA,NA,NA,NA,NA,NA,NA,NA,NA,30.11354576,NA,NA,NA,NA,NA,NA,NA,NA,NA,NA,NA,NA,NA,NA,NA,NA,NA,NA,NA,NA,NA,NA,NA,NA,NA,NA,NA,NA,NA,NA,NA,NA,NA,7.09182283483333,9.96370274793103,NA,NA,NA,NA,NA,2.52576308666667,NA,NA,NA,NA,NA,NA,NA,NA,NA,NA,NA,NA,NA,NA,NA,NA,NA,NA
"Leaf specific area (SLA)",37.01786667,NA,196.105156357692,232.2475,201.704498846774,175.030840817455,238.682488428571,243.64897224717,367.6470588,180.094662848723,393.7007874,NA,206,NA,118,NA,444.495211977778,194.891327833333,212.7228827375,238.822222222222,NA,NA,NA,NA,NA,102.1642474,173.311111111111,380,238.9424839,NA,175.685935414028,226.865497066667,266.5,NA,346.98911491,235.86037408,245.139050947059,188.242057338462,546.733333333333,299.9283604,NA,NA,262.6,174.21445799,203.352770720661,NA,357.344120857143,NA,335.584262792857,NA,237.7348612,269.394626185714,129.125462483333,124,425,201.228738546032,NA,222.622222222222,NA,NA,434.155555555556,NA,NA,NA,456.765222077778,NA,276.8313354875,NA,NA,NA,NA,NA,250.42,302.32,NA,277.42261333,NA,NA,255.262713767297,188.762351554235,NA,153.48,NA,NA,312.944846732,NA,88.1,255.208588666667,NA,241.5458937,NA,NA,NA,310.576342857143,408,234.941608389189,316.666666666667,404.5,384.755555555556,277.825790483333,296.953333333333,120.7728593,29.1,89.8213982714286,NA,254.290384615385,161.2903226,184.532519611111,NA,NA,NA,221.805019616667,156.77358490566,189.7731235,214.929211,229.54566755,285.869296042857,229.125989557143,197.67500393,351.591815016216,NA,228.891590794444,318.289123009231,345.056171738462,NA,151.50757575,NA,NA,NA,359.305213842857,NA,NA,NA,191.8213613,NA,NA,291.3621336,164.27,NA,NA,NA,NA,265.802428453488,NA,535.033333333333,807.94760928,164,241.086028257143,169.68014878,99.2333333333333,NA,367.4845435,NA,205.60899285,298.70670125,321.7722708,380.283333333333,218.5,263.3,373.0352393,NA,83.1691,NA,239.510104727481,317.616666666667,172.532293271429,NA,NA,NA,308.629991433333,NA,NA,248.523004759259,202.109904267742,272.863945571429,222.984379966667,NA,113.9330440625,267.938310175,193.75,NA,311.369220785714,NA,NA,NA,NA,NA,NA,399.14,443.61747137,632.2,112.94969328,NA,195.680174588372,293.991907844737,303.9513678,165.846546828571,461.072290614286,NA,499.80046889,274.666043711538,NA,85.26280002,NA,329.333333333333,NA,461.7741915,195.383039683333,228.801482117273,389.348704042857,549.4505495,229.033118387162,62.80230001,NA,80.8143456210526,191.831250964615,212.684387607865,197.67493482,164.418770384615,NA,NA,69.27290002,400.726354445455,NA,175.279368807097,231.527867634783,NA,578.088079973333,NA,182.4817518,117.4287917725,208.178723248,164.091666666667,314,NA,658.6,285.786699611111,NA,187.679928471842,220.704256542857,154.741587921053,161.30922906875,142.06347300625,154.829384492667,147.024486941667,NA,NA,NA,184.23004397381,163.379234727273,NA,296.683077541667,200.7020637925,174.4235,NA,NA,144.47091005,240.135429437209,NA,NA,NA,NA,202.761748745833,NA,279.552092258824,293.209968206452,NA,120.266176408333,179,184.1860115,225.547325963303,233.5,NA,115.75233912,NA,394.162030325,NA,204.818181818182,369.519127185,NA,167.130071869271,NA,202.5,NA,405.146763021053,123.1439872,NA,NA,NA,NA,200.031857012903,291.460308947273,NA,NA,473.9336493,306.94,106.429703011111,256.77177215,261.1702283,370.630769230769,237.440930253933,295.264656630769,NA,128.138388888889,169.210550514286,119.56438553,186.059692285714,324.82451827963,NA,186.60461016,196.105588523077,NA,NA,509.317554211111,314.264197755556,NA,NA,NA,220.125228574286,327.766666666667,NA,182.661358488182
"Leaf thickness",NA,NA,0.13939827575,NA,0.128151567875,0.120853624785714,0.1137006896,0.126605,0.118866666666667,0.2945,NA,NA,0.13,NA,NA,NA,NA,0.14,NA,NA,NA,NA,NA,NA,NA,NA,NA,NA,NA,NA,0.32,NA,NA,NA,0.1385,0.135344828,0.1605,NA,NA,NA,NA,NA,NA,NA,0.15925,NA,NA,NA,0.1235,NA,0.094,0.0861724136666667,NA,0.219333333333333,NA,NA,NA,NA,NA,NA,NA,NA,NA,NA,NA,NA,NA,NA,NA,NA,NA,NA,NA,NA,NA,NA,NA,NA,0.11,NA,NA,NA,NA,NA,NA,NA,NA,NA,NA,NA,NA,NA,NA,NA,NA,NA,NA,NA,NA,NA,0.12,NA,NA,NA,NA,NA,NA,0.205,NA,NA,NA,NA,NA,0.11177,NA,NA,0.131977155125,0.124770115,0.150171428571429,NA,NA,NA,NA,NA,NA,0.455,NA,NA,NA,NA,NA,NA,NA,0.134,NA,NA,NA,NA,NA,NA,NA,NA,0.08,NA,0.09,NA,NA,0.108594252833333,NA,NA,NA,NA,NA,NA,NA,0.126915799428571,NA,NA,NA,0.15,NA,NA,NA,NA,NA,0.11,NA,NA,NA,NA,NA,NA,NA,0.15,0.16,NA,NA,NA,0.2,NA,NA,0.16,NA,NA,NA,NA,NA,NA,NA,NA,NA,NA,NA,0.248333333333333,NA,NA,NA,0.055,NA,0.08,0.13375,NA,NA,NA,NA,NA,0.105,NA,NA,NA,NA,0.12875,NA,NA,NA,0.34675,0.263,NA,NA,NA,NA,NA,NA,NA,0.2645,0.17,NA,NA,NA,NA,0.2313621052,0.1445,NA,0.11,NA,NA,0.1988,NA,0.147803735666667,0.089,NA,0.138,0.125235632166667,0.139456833333333,0.1387408565,NA,NA,NA,0.1309194445,NA,NA,NA,NA,NA,NA,NA,NA,0.124,NA,NA,NA,NA,0.24,NA,NA,NA,NA,NA,NA,NA,0.181660606090909,NA,NA,NA,NA,0.1175,NA,NA,0.121614814666667,NA,0.12,NA,NA,NA,NA,NA,NA,NA,NA,NA,NA,NA,NA,NA,NA,NA,NA,0.1129327586,NA,NA,0.14,NA,NA,NA,NA,0.12648,0.151844827666667,NA,NA,NA,0.165,NA,NA,NA,NA,NA,NA,NA,NA,NA,NA,NA
"pH, Maximum",6,NA,7,6.5,7.2,7.1,4,7.3,7,8,6.6,NA,7,7.5,8,7,NA,7,NA,NA,7.5,NA,NA,NA,7.5,7,NA,7,NA,NA,NA,7,NA,7.2,6.9,6.8,7,6,7.1,7.2,NA,7,NA,7.5,8,NA,NA,NA,7.5,6.9,7.4,7.4,6.7,7,7,NA,NA,NA,8.5,NA,NA,NA,NA,8.5,NA,6.8,NA,NA,NA,7,6.9,7.8,7.5,7.25,NA,8,6.5,7,7.5,NA,7.2,NA,7.5,NA,NA,NA,NA,NA,6.5,NA,NA,NA,NA,7.9,NA,7.8,9,7,NA,NA,NA,6,NA,NA,NA,NA,NA,NA,NA,NA,NA,NA,NA,6.5,NA,NA,7.5,6,8,7.2,7,7.2,NA,NA,NA,NA,NA,7.5,7,NA,8.5,8,NA,6.2,NA,NA,7,6.8,NA,8,NA,7.2,NA,6.5,7.4,7.4,7,8,7.5,NA,NA,8.8,NA,7,NA,6,NA,NA,7.8,NA,NA,7.8,NA,7.7,8.5,7.8,7.2,NA,NA,NA,NA,NA,NA,NA,NA,NA,NA,NA,NA,8,NA,NA,NA,NA,NA,7.5,7.5,NA,NA,7.5,NA,7.8,NA,7,NA,7,5.6,7.6,NA,NA,NA,7,7.5,NA,NA,9.5,7,NA,8,NA,NA,7.8,8,NA,6.5,NA,7.3,6.5,7,NA,NA,NA,7.5,8,NA,8.5,8.7,8.5,NA,NA,6.75,9,NA,NA,NA,NA,8,7,8,8.2,7,6.8,7.5,6.5,6,7.5,NA,8.25,NA,NA,7.5,NA,8.2,NA,7,7.5,7,6.5,7.5,6.5,NA,NA,7,7,NA,NA,8.6,7.8,8,7.5,7.25,7,7.5,NA,7.4,NA,NA,NA,NA,NA,7.5,7,8,NA,NA,6.8,7.5,7.8,7.2,7,NA,7.5,NA,NA,7,NA,7,7.35,NA,NA,7.5,7.5,NA,5.7,NA,8,7,NA,NA,NA,NA,NA,7.5,NA,NA,7.5,8.5,7,7.7,8.5,NA,NA
"pH, Minimum",4,NA,5.2,4.4,5.2,5.4,5.2,3.7,5.8,6,4.6,NA,4.5,5.5,6,5,NA,5.16666666666667,NA,NA,5.5,NA,NA,NA,6,4.5,NA,4.8,NA,NA,NA,4.5,NA,5.5,4.6,4.8,4.5,3.5,5.2,5.2,NA,5.1,NA,5.5,5.5,NA,NA,NA,4,4.6,4,6.5,4,5.5,4.5,NA,NA,NA,5.3,NA,NA,NA,NA,4,NA,5,NA,NA,NA,5,5.5,6.4,4.8,5,NA,5,5,6.4,5,NA,5.2,NA,4,NA,NA,NA,NA,NA,3.5,NA,NA,NA,NA,5,NA,5.2,5.6,5,NA,NA,NA,4.5,NA,NA,NA,NA,NA,NA,NA,NA,NA,NA,NA,4.1,NA,NA,5,4.2,5,5.4,5,5,NA,NA,NA,NA,NA,4.5,5,NA,5,4,NA,4.5,NA,NA,4,5.6,NA,5.2,NA,4.8,NA,4.7,6.4,6.8,6,5.5,4.8,NA,NA,5.1,NA,5.2,NA,4.5,NA,NA,5.8,NA,NA,4.9,NA,5,5,5.2,5.2,NA,NA,NA,NA,NA,NA,NA,NA,NA,NA,NA,NA,5,NA,NA,NA,NA,NA,5.5,4.5,NA,NA,5.5,NA,5,NA,5,NA,4.5,4.15,4.2,NA,NA,NA,4.8,5,NA,NA,5.2,5,NA,5.5,NA,NA,5,4.7,NA,4,NA,4.8,4.9,4,NA,NA,NA,5,4.5,NA,4,6,4,NA,NA,4.8,6,NA,NA,NA,NA,5.4,5,6,5.35,4.5,4.5,4.5,4.3,4.5,5,NA,4.25,NA,NA,5,NA,4.6,NA,4,4.6,4.5,6,5.2,4.5,NA,NA,6,4.5,NA,NA,4.7,4.5,4.8,6.5,4.95,5,3.7,NA,5.4,NA,NA,NA,NA,NA,4.8,5.3,4,NA,NA,4.3,5.7,5.9,5.5,4,NA,4.8,NA,NA,4,NA,5.2,5.1,NA,NA,6,6,NA,4.2,NA,5.5,5.5,NA,NA,NA,NA,NA,5.7,NA,NA,4.8,4.5,4.9,5.5,6.1,NA,NA
"Photosynthesis leaf intercellular CO2 concentration",NA,NA,NA,NA,136.555578933333,207.029158634545,NA,239.75535715,NA,200.218983113636,NA,NA,NA,NA,125.2001754,NA,NA,NA,152.818376813333,NA,NA,NA,NA,NA,NA,NA,NA,NA,306,NA,89.38037363,NA,NA,NA,NA,NA,NA,NA,NA,348,NA,NA,NA,NA,134.97816267,NA,NA,NA,320,NA,NA,NA,120.226170885,NA,139.4107997825,NA,NA,NA,NA,NA,NA,NA,NA,NA,NA,NA,NA,NA,NA,NA,NA,NA,NA,NA,NA,NA,NA,NA,186.75,NA,NA,NA,NA,NA,NA,NA,NA,NA,NA,NA,NA,NA,NA,NA,NA,NA,NA,NA,NA,NA,NA,NA,NA,NA,NA,NA,NA,302.378787875,NA,NA,NA,NA,NA,NA,NA,NA,153.231322346,NA,287.59988734,292,NA,NA,NA,NA,NA,NA,NA,NA,NA,219,NA,NA,NA,NA,NA,NA,NA,NA,NA,NA,NA,NA,NA,NA,NA,NA,NA,130.31027778,NA,NA,NA,336,NA,NA,NA,NA,NA,NA,NA,294.0378788,NA,NA,NA,211.875,NA,230.255555533333,NA,NA,NA,NA,NA,NA,NA,352,NA,NA,NA,NA,NA,NA,NA,290.3636364,NA,NA,NA,NA,NA,NA,NA,NA,NA,NA,NA,314.068181825,NA,NA,NA,NA,NA,NA,136.723549786667,NA,NA,NA,NA,NA,315.7348485,132.2646828,322,NA,NA,NA,NA,NA,170.908196703846,251.463636363636,273.526666675,NA,NA,NA,NA,NA,NA,NA,303,NA,NA,NA,NA,NA,117.435984595,122.0702588725,NA,NA,NA,NA,254,NA,297.537776475,NA,175.026722225,NA,115.843243226667,238.739215336667,503.5578562,NA,NA,NA,118.88370482,NA,NA,NA,126.569702795,NA,NA,NA,NA,NA,NA,NA,NA,NA,NA,NA,NA,258.875,NA,NA,NA,NA,NA,NA,NA,NA,NA,257.75757575,NA,NA,NA,NA,NA,NA,NA,NA,NA,NA,NA,NA,NA,NA,NA,213.5,NA,NA,NA,NA,139.468536255,NA,NA,NA,189.125,215.375,NA,132.9381193525,NA,123.1527863425,NA,281.875,NA,NA,302.9848485,NA,NA,NA,NA,NA,NA,NA,NA,NA,NA,338
"Photosynthesis net assimilation rate (NAR)",NA,NA,0.0012,NA,0.000433,NA,NA,3e-04,NA,0.0015991,NA,NA,NA,NA,NA,NA,NA,NA,NA,NA,NA,NA,NA,NA,NA,NA,NA,NA,NA,NA,NA,NA,NA,NA,0.0004835,8e-04,0.0009264,0.000783,NA,0.003657,NA,NA,NA,NA,0.00179245454545455,NA,NA,NA,0.0016138,NA,NA,NA,NA,NA,NA,0.001243,NA,NA,NA,NA,NA,NA,NA,NA,NA,NA,NA,NA,NA,NA,NA,NA,NA,NA,NA,NA,NA,NA,0.000934114285714286,0.0003168,NA,NA,NA,NA,NA,NA,NA,NA,NA,NA,NA,NA,NA,0.001245,0.00079,0.001341,0.0007645,0.0007485,NA,0.00108,NA,NA,NA,NA,NA,NA,NA,NA,NA,NA,NA,9.10666666666667e-05,NA,NA,NA,NA,NA,NA,7e-04,0.0014,NA,NA,NA,0.0018,NA,NA,NA,NA,NA,0.000985,NA,NA,NA,NA,NA,NA,NA,NA,NA,NA,NA,NA,0.00074,NA,NA,NA,NA,NA,NA,NA,NA,0.0009555,NA,0.001082,NA,NA,NA,NA,0.000678,NA,NA,NA,NA,0.0015,NA,NA,NA,NA,NA,NA,NA,NA,0.00084,0.0016235,NA,NA,NA,NA,NA,NA,NA,0.0015,NA,NA,NA,NA,NA,NA,0.000881,NA,NA,NA,NA,0.00207611111111111,NA,NA,NA,NA,NA,NA,0.001785,NA,NA,NA,NA,NA,NA,NA,0.00129925,NA,NA,0.00191836363636364,NA,NA,0.000364418666666667,0.00178876923076923,0.00177646666666667,NA,NA,NA,NA,NA,NA,NA,0.003781,NA,NA,NA,NA,NA,NA,0.000958166666666667,NA,NA,NA,NA,0.001429,NA,NA,NA,NA,NA,0.000452,0.000527,NA,NA,NA,NA,0.0005595,NA,NA,NA,NA,NA,NA,NA,NA,NA,NA,NA,NA,NA,0.001325,NA,0.00077,0.001106,NA,NA,NA,NA,0.0007105,NA,NA,NA,NA,NA,NA,NA,0.000875,NA,0.002269,NA,NA,NA,0.00024,NA,NA,NA,NA,NA,6e-04,0.00105,NA,NA,NA,NA,0.000236,NA,NA,NA,0.00220133333333333,0.00121,NA,0.0016,NA,NA,NA,0.001046,NA,0.001751,NA,NA,NA,NA,0.000873,NA,NA,NA,NA,NA,NA,NA
"Photosynthesis per leaf area",NA,NA,NA,9.85,6.44910017525,7.67256994225806,NA,7.50438888888889,NA,17.4289321934688,NA,NA,NA,NA,31.7,NA,NA,NA,20.9233333333333,21.8,NA,NA,NA,NA,NA,NA,NA,NA,6.76666666666667,NA,20.8432232666667,NA,NA,NA,12.7,NA,17.0142857142857,7.2048073005,NA,5.46,NA,NA,NA,9.47913745733333,8.37671870295454,NA,NA,NA,7.35,NA,NA,NA,8.31,10,5.94,NA,NA,NA,NA,NA,NA,NA,NA,NA,NA,NA,NA,NA,NA,NA,NA,NA,NA,NA,NA,NA,NA,NA,8.4903108308,15.52689576,NA,NA,NA,NA,NA,NA,10.04,NA,NA,NA,NA,NA,NA,NA,NA,NA,NA,NA,NA,NA,NA,NA,NA,NA,NA,NA,NA,7.251969697,NA,NA,NA,NA,NA,6.472,NA,NA,10.3106884681429,NA,6.8970873788,2.4,NA,NA,NA,NA,NA,NA,NA,NA,NA,6.1,NA,NA,NA,NA,NA,NA,NA,NA,NA,NA,NA,NA,NA,NA,NA,NA,NA,7.16689754671429,NA,NA,NA,6.52,NA,NA,NA,6.62784093716667,NA,NA,NA,14.09267214775,NA,NA,NA,5.975,NA,9.175266465,NA,NA,NA,NA,NA,NA,NA,8.21,NA,7.66666666666667,NA,NA,NA,NA,NA,13.6901609496,NA,NA,NA,NA,NA,NA,NA,NA,NA,NA,NA,7.381969697,NA,NA,NA,NA,NA,NA,11.625,NA,NA,NA,NA,NA,5.69409090925,11.8,9.04,NA,NA,5.781501443,NA,NA,8.523,12.2977119933333,11.8552393222,NA,NA,NA,NA,NA,NA,NA,11.81,NA,NA,NA,NA,NA,14.7825,12.4072453866842,NA,NA,NA,NA,5.025,NA,10.5049678714,NA,12.31666667,23,15.185,11.5044497442222,4.54285714275,NA,NA,NA,10.8466666666667,NA,NA,NA,9.33666666666667,NA,NA,NA,10.50384124,17.7444444444444,NA,NA,NA,NA,10.349817875,NA,NA,5.9875,NA,NA,NA,NA,NA,NA,NA,NA,NA,3.71545454525,NA,NA,NA,NA,NA,NA,NA,NA,NA,11.961324675,NA,NA,NA,NA,NA,15.0001196988889,NA,NA,NA,NA,12.4092,NA,NA,NA,5.025,11.5165553774444,NA,5.46,NA,11.1202728198571,NA,3.3875,NA,NA,9.97405452475,NA,NA,NA,NA,NA,NA,NA,NA,NA,NA,6.95
"Photosynthesis per leaf dry mass",NA,NA,NA,169,103.7411248825,109.840749881579,NA,118.77662179875,NA,294.827306464706,NA,NA,NA,NA,374.06,NA,NA,NA,308.74,392,NA,NA,NA,NA,NA,NA,NA,NA,NA,NA,284.17,NA,NA,NA,290,NA,298.75,122.81266855,NA,89.2,NA,NA,NA,160.249816674444,116.627770751542,NA,NA,NA,151.04,NA,NA,NA,90.3333333333333,120,252,NA,NA,NA,NA,NA,NA,NA,NA,NA,NA,NA,NA,NA,NA,NA,NA,NA,NA,NA,NA,NA,NA,NA,319.63903595,275.7576687,NA,NA,NA,NA,NA,NA,94.56,NA,NA,NA,NA,NA,NA,NA,NA,NA,NA,NA,NA,NA,NA,NA,NA,NA,NA,NA,NA,NA,NA,NA,NA,NA,NA,104.3870968,NA,NA,130.943692002857,NA,131.15142824,NA,NA,NA,NA,NA,NA,NA,NA,NA,NA,NA,NA,NA,NA,NA,NA,NA,NA,NA,NA,NA,NA,NA,NA,NA,NA,NA,NA,178.333333333333,NA,NA,NA,234.4,NA,NA,NA,NA,NA,NA,NA,NA,NA,NA,NA,NA,NA,142.6,NA,NA,NA,NA,NA,NA,NA,99.3,NA,169.658333321111,NA,NA,NA,NA,NA,NA,NA,NA,NA,NA,NA,NA,NA,NA,NA,NA,NA,92.375,NA,NA,NA,NA,NA,NA,179.595,NA,NA,NA,NA,NA,NA,156,177.5,NA,NA,139.01372704,NA,NA,56.0396707433333,320.438229364286,260.775912571429,NA,NA,NA,NA,NA,NA,NA,86.2,NA,NA,NA,NA,NA,161,196.344505111765,NA,NA,NA,NA,82.5666666666667,NA,188.27590073,NA,115.2118374,229,157.296,139.204789457,79.181716055,NA,NA,NA,128.333333333333,NA,NA,NA,242.066666666667,NA,NA,NA,151.7497124,295.224825533333,NA,NA,NA,NA,NA,NA,NA,NA,NA,NA,NA,NA,NA,NA,NA,NA,NA,NA,NA,NA,NA,NA,NA,NA,NA,NA,NA,147.2493494,NA,NA,NA,NA,NA,447.40997953,NA,NA,NA,NA,72.10102321125,NA,NA,NA,NA,456.17392608,NA,42.6,NA,128.404671665714,NA,NA,NA,NA,NA,NA,NA,NA,NA,NA,NA,NA,NA,NA,NA,55.5
"Plant height generative",NA,NA,1150,NA,2250,NA,4000,NA,NA,40.2214285714286,NA,NA,NA,NA,NA,NA,70,1400,138,119,NA,NA,NA,NA,NA,NA,107.75,NA,120.179347825,NA,100,65,60,NA,NA,NA,NA,NA,57.5,71.5,NA,NA,84.072727272,NA,60,NA,200,70,NA,NA,NA,NA,NA,NA,NA,43.5769230769231,65,NA,NA,NA,56.6666666666667,NA,NA,NA,45,NA,50.1625,NA,NA,NA,NA,NA,200,NA,NA,23.8,NA,NA,82.7872023857143,51.5654545454545,NA,45,NA,NA,37.5,NA,NA,37.5,55,NA,NA,350,NA,NA,NA,135,NA,NA,NA,115,50,100,95,40.125,32.5,85.75,NA,NA,NA,NA,NA,NA,NA,NA,NA,14.5833333333333,NA,NA,2000,86.6666666666667,NA,42.3666666666667,52.3666666666667,28.68,NA,NA,NA,NA,NA,20,NA,NA,NA,NA,NA,NA,175,NA,105,NA,NA,NA,59,NA,NA,NA,NA,2250,38.3333333333333,30,NA,100,65,39.25,52.5,NA,9.25,65,NA,NA,NA,NA,NA,35.8666666666667,2,NA,NA,NA,NA,30,NA,NA,61.5571428571429,85,NA,NA,NA,45,90,47.5,NA,NA,NA,NA,NA,NA,NA,NA,28.3333333333333,30,67.5,150,45,98.3333333333333,NA,NA,100,NA,NA,25,NA,NA,1000,NA,65,NA,NA,NA,115,22.5,NA,NA,NA,NA,2800,36.2733333333333,17.5,2500,52.5,NA,NA,NA,47.5,NA,56.6666666666667,48.3333333333333,NA,NA,NA,NA,NA,NA,42.5,NA,NA,100,15.35,NA,900,NA,88.3333333333333,NA,NA,2500,NA,NA,NA,NA,NA,450,NA,140,NA,150,NA,NA,NA,111.485714285714,NA,150,NA,NA,27.5,150,2435,82.5,NA,1800,NA,800,500,58.3333333333333,NA,NA,NA,NA,NA,48.3333333333333,115,NA,150,NA,150,NA,78.3333333333333,NA,NA,NA,NA,NA,73.3333333333333,38.735,NA,NA,NA,55,1750,NA,NA,35.25,27.7875,23.0635416666667,NA,2000,16.1666666666667,NA,NA,98.7465277783333,NA,110,NA,NA,NA,47.5,27.5,NA,NA,NA,17.5,NA,15,45
"Plant height vegetative",1625.81333333333,NA,1387.152076,1195.76,2503.5,2901.66666666667,2662,2891.52,942.933333333333,33.5799180327869,39.624,NA,179.832,106.68,76.2,15.24,37,768.811428571429,121,108.333333333333,1062,NA,NA,NA,30.48,100.584,107.333333333333,47.86,102.222119566667,1,98.5880597014925,73.8133333333333,53.125,188.586666666667,2465,1798.53333333333,2194.1,1219.2,75.018,79.305,NA,118.872,98.9285714285714,82.71,79.51875,NA,113.966666666667,NA,158.496,76.2,989.28,2592.48,2407.6,1812.8,68.58,56.8412429378531,60,NA,606.4,NA,46.6666666666667,NA,NA,149.352,30.5625,457.2,32.1617647058824,NA,NA,259.08,7.62,289.56,446.066666666667,389.184,NA,19.1752839503333,30.48,97.536,46.581574923578,47.1605633802817,243.84,37.5,60.96,NA,19,NA,NA,48.75,51.884,NA,NA,350,NA,91.44,NA,72.8848,76.4933333333333,76.2,75,158.571428571429,NA,95.72,95,32.9428571428571,32.5,71.5875,NA,97.69,NA,NA,NA,NA,71.3584905660377,1905,288.2,11.8125,1985.6,1849.33333333333,1733.46666666667,72.5332,179.832,35.1317647058824,32.8127118644068,40.3529411764706,NA,NA,60,118.872,94.488,41.4411764705882,149.352,173.736,NA,666.7,NA,NA,202.213,121.92,52.5,45.72,NA,79.248,45.605,91.44,146.897176470588,249.936,2116,3307.82857142857,23.9228571428571,30,NA,149.352,65,40.0657777777778,50,365.76,5.5,50,179.832,NA,NA,30.48,NA,36.6245793650794,9.516,54.864,48.768,NA,NA,45,NA,80,85.2928571428571,71.50625,10.06,NA,1000,35,93.5333333333333,122.466666666667,NA,NA,NA,NA,NA,91.44,97.536,NA,19.3,32.305,33.3333333333333,162.605714285714,68.75,94.0333333333333,60.3,149.352,140.013333333333,1027.06666666667,NA,18.5307692307692,33.585,100.584,1015.24,NA,60,70.104,79.248,20,153.804761904762,22.5,NA,53.9625882352941,240.834666666667,NA,4362.83636363636,24.0825694443056,13.9671304347826,3582.3,33.262,NA,NA,NA,90.9262857142857,NA,82.5,46.8811428571429,97.536,89.8709090909091,NA,NA,3029.14285714286,1504.34285714286,30.7272727272727,NA,NA,87.5,55.1430303030303,731.52,1902.86666666667,656.4,96.5954285714286,1905,1980,1789.97307692308,1752.6,118.872,NA,495.3,603.333333333333,1006.66666666667,274.32,127.6,2373.45,150,246.888,163.586666666667,60.96,111.152173913043,167.64,151.6,200,NA,25.24,192.468,54.42,37.233375,149.352,1739.56363636364,2957.33333333333,892.9,611.606451612903,51.139,149.352,124.46,167.64,NA,NA,27,187.84,NA,81.0519093851133,91.44,193.718,NA,102.5,91.44,152.4,182.88,121.92,60.96,112.011764705882,22.2114057827119,NA,NA,45.72,55,1676.57142857143,2514.6,3000,31.4,39.1341256831148,18.1660357144048,NA,2478.49333333333,44.5363636363636,3345.4,2320.8,97.8539351861111,NA,77.85,125.37,NA,24.384,30.8333333333333,16.6666666666667,182.88,350.52,304.8,42.2146666666667,575.64,15,49
"Plant lifespan",200,NA,100,100,275,150,128.333333333333,400,NA,NA,NA,NA,NA,NA,NA,NA,NA,50,NA,NA,NA,NA,NA,NA,NA,NA,NA,NA,NA,NA,NA,NA,NA,NA,300,NA,140,NA,NA,NA,NA,NA,NA,NA,NA,NA,NA,NA,NA,NA,NA,200,300,NA,NA,NA,NA,NA,NA,NA,NA,NA,NA,NA,NA,NA,NA,NA,NA,NA,NA,NA,NA,NA,NA,NA,NA,NA,NA,NA,NA,NA,NA,NA,NA,NA,NA,NA,NA,NA,NA,NA,NA,NA,NA,NA,NA,NA,NA,NA,NA,NA,NA,NA,NA,NA,NA,NA,NA,NA,NA,NA,NA,300,NA,NA,NA,250,NA,NA,NA,NA,NA,NA,NA,NA,NA,NA,NA,NA,NA,NA,NA,NA,NA,NA,NA,NA,NA,NA,NA,NA,NA,NA,NA,NA,75,200,NA,NA,NA,NA,NA,NA,NA,NA,NA,NA,NA,NA,NA,NA,NA,NA,NA,NA,NA,NA,NA,NA,NA,NA,NA,NA,NA,NA,NA,NA,NA,NA,NA,NA,NA,NA,NA,NA,NA,NA,NA,NA,NA,NA,NA,NA,NA,NA,NA,NA,NA,NA,NA,NA,NA,NA,NA,NA,NA,NA,NA,NA,NA,NA,NA,NA,383.333333333333,NA,NA,250,NA,NA,NA,NA,NA,NA,NA,NA,NA,NA,NA,NA,NA,200,NA,NA,NA,NA,NA,NA,150,NA,NA,600,400,450,200,NA,NA,NA,NA,NA,NA,NA,150,NA,NA,NA,NA,NA,NA,NA,NA,NA,NA,NA,NA,NA,NA,162.5,55,NA,NA,NA,NA,NA,NA,NA,NA,NA,NA,NA,NA,NA,NA,NA,NA,NA,NA,NA,NA,NA,NA,NA,NA,NA,NA,NA,500,200,NA,NA,NA,NA,NA,1000,NA,300,200,NA,NA,NA,NA,NA,NA,NA,NA,NA,NA,NA,NA,NA,NA,NA
"Plant relative growth rate (RGR)",NA,NA,0.14,NA,0.076,NA,NA,0.07,NA,0.146583333333333,NA,NA,NA,NA,NA,NA,NA,0.07,NA,NA,NA,NA,NA,NA,NA,NA,NA,NA,0.0702,NA,NA,NA,NA,NA,0.104,0.14,0.137125,0.257,NA,0.244,NA,NA,NA,NA,0.152,NA,NA,NA,0.183285714285714,NA,NA,NA,NA,NA,NA,0.213,NA,NA,NA,NA,NA,NA,NA,NA,NA,NA,NA,NA,NA,NA,NA,NA,NA,NA,NA,NA,NA,NA,0.1915625,0.268,NA,NA,NA,NA,NA,NA,NA,NA,NA,NA,NA,NA,NA,0.1545,0.162,0.214,0.1705,0.1455,0.291,0.2686,NA,NA,NA,NA,NA,NA,NA,0.249,NA,NA,NA,0.00733333333333333,0.255,NA,NA,NA,NA,NA,0.09,0.1225,NA,NA,NA,0.18,NA,NA,NA,NA,NA,0.231,NA,NA,NA,NA,NA,NA,NA,NA,NA,NA,NA,NA,0.205,NA,NA,NA,NA,NA,NA,0.182,NA,0.19225,NA,0.221,NA,NA,NA,NA,0.073,NA,NA,NA,NA,0.107125,NA,0.261,NA,NA,0.211,NA,NA,NA,0.223,0.22625,NA,NA,NA,NA,NA,NA,NA,0.276,NA,NA,NA,NA,NA,NA,0.232,NA,NA,NA,NA,0.205888888888889,NA,NA,NA,NA,NA,NA,0.2175,NA,NA,NA,NA,NA,0.299,1,0.19825,NA,NA,0.198909090909091,NA,NA,0.0333333333333333,0.168,0.180263157894737,NA,NA,NA,NA,NA,NA,NA,0.199285714285714,NA,NA,NA,NA,NA,NA,0.200384615384615,NA,NA,NA,NA,0.1385,NA,NA,NA,NA,NA,0.027,0.09,NA,NA,NA,NA,0.0774,NA,NA,NA,NA,NA,NA,NA,NA,NA,NA,NA,NA,NA,0.176,NA,0.2605,0.160166666666667,NA,NA,NA,NA,0.111923076923077,NA,NA,NA,NA,0.232,NA,NA,0.227,NA,0.183,NA,NA,NA,0.213,NA,NA,NA,NA,NA,0.02,0.256,NA,NA,NA,NA,0.039,NA,NA,NA,0.1245,0.104166666666667,NA,0.21,NA,NA,NA,0.1505,NA,0.226,0.261,NA,NA,NA,0.254,NA,NA,NA,NA,NA,NA,0.155
"Plant tolerance to frost",-43,NA,-43,-23,-43,-38,-38,-43,-28,-38,-38,NA,-43,-33,-38,-33,NA,-34.6666666666667,NA,NA,-33,NA,NA,NA,-23,-43,NA,-18,NA,NA,NA,-38,NA,-28,-38,-33,-43,-33,47,47,NA,-33,NA,-3,-38,NA,NA,NA,-33,-38,-33,-23,-43,-38,-33,NA,NA,NA,-33,NA,NA,NA,NA,-33,NA,-38,NA,NA,NA,-38,-28,-28,-36.5,-30.5,NA,-8,37,-33,-33,NA,-23,NA,-33,NA,NA,NA,NA,NA,-33,NA,NA,NA,NA,-32,NA,-43,-40.5,-23,NA,NA,NA,-33,NA,NA,NA,NA,NA,NA,NA,NA,NA,NA,NA,-42,NA,NA,-34,-38,-43,52,-33,-33,NA,NA,NA,NA,NA,-33,-23,NA,-33,-35,NA,-28,NA,NA,-43,-18,NA,-23,NA,-23,NA,-33,32,32,-33,-28,-28,NA,NA,-33,NA,-28,NA,-23,NA,NA,-34,NA,NA,-13,NA,-33,-34,-38,-23,NA,NA,NA,NA,NA,NA,NA,NA,NA,NA,NA,NA,-38,NA,NA,NA,NA,NA,-33,-33,NA,NA,-33,NA,-33,NA,-28,NA,-33,-35.5,-38,NA,NA,NA,-43,-28,NA,NA,-23,-28,NA,-38,NA,NA,-38,-33,NA,-33,NA,-38,-34,-23,NA,NA,NA,52,32,NA,32,32,-13,NA,NA,-43,-38,NA,NA,NA,NA,-38,-38,-28,-40.5,-43,-43,-38,-28,-28,-28,NA,-11.5,NA,NA,-30,NA,-33,NA,-33,-28,-38,7.5,-28,-38,NA,NA,-23,-38,NA,NA,-33,-33,-33,-38,-33,-18,-38,NA,-38,NA,NA,NA,NA,NA,-43,-18,-33,NA,NA,-33,-38,-33,-38,-33,NA,-38,NA,NA,-28,NA,-33,-23,NA,NA,-24,-39,NA,-33,NA,-43,-43,NA,NA,NA,NA,NA,-38,NA,NA,-28,25,-38,-33,-33,NA,NA
"Plant tolerance to planting density",1200,NA,1200,1100,700,1200,700,700,1100,19000,4800,NA,11000,NA,NA,4800,NA,1366.66666666667,NA,NA,1700,NA,NA,NA,10000,11000,NA,11000,NA,NA,NA,2700,NA,700,700,700,700,1200,NA,NA,NA,NA,NA,NA,NA,NA,NA,NA,10912,4800,1200,700,700,1200,11000,NA,NA,NA,2700,NA,NA,NA,NA,19000,NA,2700,NA,NA,NA,4800,4800,2700,3775,1700,NA,125000,11000,4800,NA,NA,1700,NA,NA,NA,NA,NA,NA,NA,NA,NA,NA,NA,NA,NA,NA,43560,NA,NA,NA,NA,NA,4800,NA,NA,NA,NA,NA,NA,NA,NA,NA,NA,NA,800,NA,NA,800,800,800,NA,NA,NA,NA,NA,NA,NA,NA,10912,NA,NA,4800,7856,NA,2700,NA,NA,10912,NA,NA,11000,NA,7000,NA,7000,NA,NA,800,800,11000,NA,NA,19360,NA,NA,NA,2700,NA,NA,10912,NA,NA,11000,NA,NA,10000,10000,10000,NA,NA,NA,NA,NA,NA,NA,NA,NA,NA,NA,NA,NA,NA,NA,NA,NA,NA,NA,43560,NA,NA,11000,NA,7000,NA,NA,NA,3450,3250,1200,NA,NA,NA,NA,19000,NA,NA,19000,NA,NA,4800,NA,NA,NA,NA,NA,1200,NA,18000,800,NA,NA,NA,NA,NA,NA,NA,NA,NA,NA,NA,NA,800,1200,NA,NA,NA,NA,NA,1200,800,2714,10912,800,800,800,1200,10912,NA,2365,NA,NA,5120,NA,1200,NA,3600,4800,3450,3200,4800,1200,NA,NA,NA,10912,NA,NA,NA,300,1200,300,2575,4800,4800,NA,4800,NA,NA,NA,NA,NA,10000,2700,NA,NA,NA,2700,11000,1700,11000,4800,NA,NA,NA,NA,10912,NA,1200,800,NA,NA,NA,NA,NA,1200,NA,800,800,NA,NA,NA,NA,NA,11000,NA,NA,4800,2560,2700,19000,300,NA,NA
"Reproductive dry mass per plant",NA,NA,NA,NA,NA,NA,NA,NA,NA,0.116,NA,NA,NA,NA,NA,NA,NA,NA,NA,NA,NA,NA,NA,NA,NA,NA,NA,NA,NA,NA,3.474,NA,NA,NA,NA,NA,NA,NA,NA,NA,NA,NA,NA,NA,NA,NA,NA,NA,NA,NA,NA,NA,NA,NA,NA,NA,NA,NA,NA,NA,NA,NA,NA,NA,NA,NA,NA,NA,NA,NA,NA,NA,NA,NA,NA,0.06,NA,NA,1.49,1.42833333333333,NA,NA,NA,NA,NA,NA,NA,NA,NA,NA,NA,NA,NA,NA,NA,NA,NA,NA,NA,NA,NA,NA,NA,NA,NA,0.63,NA,2.996,NA,NA,NA,NA,NA,NA,NA,NA,NA,NA,NA,NA,NA,NA,NA,7e-04,NA,NA,NA,NA,NA,NA,NA,NA,NA,NA,NA,NA,NA,NA,NA,NA,NA,NA,1.57,NA,0.114,NA,NA,NA,NA,NA,NA,NA,NA,NA,1.0947,NA,NA,NA,NA,NA,NA,NA,NA,1.19114,NA,NA,NA,NA,NA,NA,NA,NA,NA,0.609313,0.082,NA,NA,NA,NA,NA,NA,NA,NA,NA,NA,NA,NA,NA,NA,NA,NA,NA,NA,1.472,0.606,NA,NA,NA,NA,0.0414,0.8993,NA,NA,NA,NA,NA,NA,NA,0.024,NA,NA,0.082,NA,NA,NA,NA,1.306,NA,NA,NA,NA,NA,1.646,NA,NA,0.3071552,NA,0.274,NA,NA,NA,NA,NA,NA,NA,NA,NA,NA,NA,NA,NA,NA,NA,NA,NA,NA,NA,NA,NA,NA,NA,NA,NA,NA,NA,NA,NA,NA,NA,NA,NA,NA,NA,NA,NA,NA,NA,NA,NA,NA,NA,NA,NA,1.042,NA,NA,NA,NA,NA,NA,2.1,NA,NA,NA,NA,NA,NA,NA,NA,NA,0.49,0.306,NA,NA,NA,NA,NA,NA,NA,NA,0.892,0.4,NA,NA,NA,NA,NA,NA,NA,NA,2.202,NA,NA,NA,NA,NA,NA,NA,NA,NA,NA,NA
"Root nitrogen (N) content per dry mass",3.16689812685714,NA,16.7,NA,NA,4.89538883865714,NA,9.61467682926829,8.2,32.4654185316667,NA,NA,NA,NA,12.309765,NA,NA,NA,15.05595,NA,NA,NA,NA,NA,NA,NA,NA,NA,NA,NA,18.0366,NA,NA,NA,18.9107142857143,18.9,19.7249607075918,NA,NA,NA,NA,NA,NA,NA,16.05436,NA,NA,NA,NA,NA,NA,NA,16.7,NA,NA,11.34202,NA,NA,NA,NA,NA,NA,NA,NA,8.7,NA,9.27871,NA,NA,NA,NA,NA,NA,NA,12.64,NA,NA,NA,10.1571428571429,NA,NA,NA,NA,NA,NA,NA,NA,NA,NA,NA,NA,NA,NA,16.685785,NA,NA,NA,NA,NA,NA,NA,NA,NA,NA,NA,NA,NA,NA,NA,NA,NA,NA,NA,10.05,NA,NA,NA,NA,NA,NA,NA,NA,NA,NA,NA,NA,NA,NA,NA,15.17413,NA,NA,NA,NA,NA,NA,NA,NA,NA,NA,NA,NA,NA,NA,NA,23.1,NA,NA,NA,NA,NA,19.73543,NA,NA,NA,NA,NA,NA,NA,NA,NA,NA,NA,21.21401,NA,NA,NA,NA,NA,NA,NA,NA,NA,NA,NA,NA,NA,NA,NA,NA,NA,NA,NA,NA,NA,NA,NA,NA,NA,NA,NA,NA,NA,NA,NA,NA,NA,NA,NA,NA,NA,NA,NA,NA,NA,NA,NA,NA,NA,NA,NA,9.9,NA,NA,9.36852917050769,22.4685587333333,31.0651558025,NA,NA,NA,NA,NA,NA,NA,NA,NA,NA,NA,NA,NA,NA,20.4928571428571,NA,NA,NA,NA,5.87871,NA,NA,NA,NA,8.355,9.876275,13.4,NA,NA,NA,NA,NA,NA,NA,NA,NA,NA,NA,NA,NA,NA,NA,NA,NA,NA,21.64196,NA,3.807,10.69193,NA,NA,NA,NA,NA,NA,NA,NA,NA,NA,NA,NA,NA,NA,NA,NA,NA,NA,NA,NA,NA,NA,NA,NA,NA,10.4960514285714,NA,NA,NA,NA,17.6,NA,NA,NA,21.07704,21.66035,NA,NA,NA,NA,NA,14.78053,NA,NA,NA,NA,NA,NA,NA,NA,NA,NA,NA,NA,NA,NA
"Rooting depth",50.8,NA,101.6,71.12,101.6,76.2,81.28,101.6,81.28,20.32,25.4,NA,15.24,20.32,30.48,20.32,NA,51.91,NA,NA,50.8,NA,NA,NA,20.32,30.48,NA,20.32,NA,NA,NA,30.48,NA,45.72,76.2,71.12,50.48,45.72,20.32,20.32,NA,35.56,NA,40.64,30.48,NA,NA,NA,45.72,20.32,50.8,127,121.92,50.8,40.64,NA,NA,NA,35.56,NA,NA,NA,NA,40.64,NA,35.56,NA,NA,NA,40.64,25.4,45.72,45.72,43.18,NA,35.56,20.32,40.64,33.74,NA,25.4,NA,40.64,NA,NA,NA,NA,NA,30.48,NA,NA,NA,NA,40.64,NA,35.56,40.64,40.64,NA,NA,NA,15.24,NA,NA,NA,NA,NA,NA,NA,NA,NA,NA,NA,81.28,NA,NA,101.6,101.6,101.6,10.16,35.56,15.24,NA,NA,NA,NA,NA,10.16,30.48,NA,35.56,10.16,NA,50.8,NA,NA,15.24,25.4,NA,25.4,NA,20.32,NA,25.4,35.56,35.56,101.6,101.6,20.32,NA,NA,35.56,NA,20.32,NA,45.72,NA,NA,30.48,NA,NA,25.4,NA,35.56,25.4,25.4,25.4,NA,NA,NA,NA,NA,NA,NA,NA,NA,NA,NA,NA,40.64,NA,NA,NA,NA,NA,20.32,5.08,NA,NA,20.32,NA,35.56,NA,25.4,NA,30.48,38.1,40.64,NA,NA,NA,15.24,40.64,NA,NA,40.64,35.56,30,35.56,NA,NA,25.4,40.64,NA,101.6,NA,10.16,76.2,15.24,NA,NA,NA,15.24,25.4,NA,35.56,35.56,15.24,NA,NA,60.96,90.64,NA,NA,NA,NA,25.4,60.96,60.96,55.88,25.4,121.92,71.12,91.44,101.6,10.16,NA,30.48,NA,NA,30.48,NA,91.44,NA,45.72,30.48,30.48,30.48,30.48,40.64,NA,NA,25.4,30.48,NA,NA,45.72,60.96,81.28,30.48,35.56,25.4,35.56,NA,30.48,NA,NA,NA,NA,NA,30.48,20.32,40.64,NA,31,30.48,25.4,25.4,25.4,30.48,NA,15.24,NA,NA,15.24,NA,76.2,88.9,NA,NA,30.48,30.48,NA,71.12,NA,106.68,101.6,NA,NA,NA,NA,NA,15.24,NA,NA,35.56,NA,35.56,20.32,40.64,NA,NA
"Seed length",NA,NA,NA,NA,NA,NA,NA,NA,NA,NA,NA,NA,NA,NA,NA,NA,3.28,NA,NA,NA,NA,NA,NA,NA,NA,NA,NA,NA,NA,NA,7.35,NA,1.56,NA,NA,NA,NA,NA,NA,NA,NA,NA,1.36,NA,NA,NA,5.05,NA,NA,NA,NA,NA,NA,NA,NA,NA,NA,NA,NA,0.9,1.36,NA,NA,NA,NA,NA,NA,NA,NA,NA,NA,NA,NA,NA,NA,NA,NA,NA,NA,NA,NA,1.3,NA,NA,NA,NA,NA,NA,NA,NA,NA,17.3,NA,NA,NA,NA,NA,NA,1.13,2.515,0.97,NA,NA,NA,NA,NA,NA,NA,NA,NA,NA,NA,NA,NA,NA,NA,NA,NA,NA,NA,NA,NA,NA,NA,NA,NA,NA,NA,NA,NA,NA,NA,NA,NA,NA,NA,NA,NA,NA,NA,NA,NA,1.16,NA,NA,NA,NA,NA,0.57,0.5,NA,NA,NA,NA,1.63333333333333,NA,0.35,NA,NA,NA,NA,NA,NA,1.48,7.2,NA,NA,NA,NA,1.25,NA,NA,1.44,1.03,NA,NA,NA,NA,NA,2.19,NA,NA,NA,NA,NA,NA,NA,NA,NA,NA,0.83,NA,NA,1.7,NA,NA,NA,NA,NA,NA,NA,NA,NA,NA,NA,NA,NA,NA,NA,NA,NA,NA,2.95,NA,7,2.84,1.5,NA,NA,NA,NA,NA,NA,NA,NA,NA,NA,NA,NA,NA,NA,NA,NA,NA,NA,NA,NA,NA,NA,NA,NA,NA,NA,NA,NA,NA,NA,NA,NA,NA,NA,2.65,5.5,NA,NA,NA,NA,NA,NA,NA,NA,NA,NA,NA,NA,NA,NA,0.9,NA,1.73,NA,1.92,NA,NA,NA,NA,3.71,1.42,2.13,NA,NA,NA,NA,NA,NA,2.12,NA,NA,NA,NA,NA,NA,NA,NA,NA,NA,NA,NA,NA,1.18,1.94,1.17,NA,NA,NA,NA,NA,NA,NA,0.86,NA,NA,NA,0.55,1.78,NA,NA,NA,NA,NA,NA,NA
"Seed mass",6.865013369,0.7,30.6246454847059,39.36549554,126.456256766667,22.971629108,196.093360488889,55.60061842125,20.2268394366667,0.177481966285714,NA,0.16,11.428592,0.0788996666666667,0.05954368,0.549808485,2.46625,0.978260044,3.99,11.5266,5.6743463694,29.7266666666667,2.677,1.13,NA,1.02788342857143,11.97934,24.380890909,0.157742857142857,8.897,6.06461111111111,NA,0.59934,17.0291420116667,0.934393162384615,0.701519349875,0.3416071015,0.0962863408888889,2.82077820516667,5.6150413955,0.11,0.4391335384,1.29212380952381,4.14925,2.90729663463158,4.62,28.1342727272727,1.5175,0.6606,NA,24.888873333,2813.29728942857,4455.08611116667,19.557609376,198.625,1.44278666666667,2.611,NA,2.623125,0.068,0.739125,0.503,2.0125,0.502,2.19096666666667,2.8412430555,0.409726315789474,NA,8.48,34.5542388757143,10.6861548115714,42.6307105266667,26.6402472911111,719.691879511111,2.22333333333333,0.189571813,0.36,0.367,0.867279940179775,1.10805884615385,0.73,0.501527272727273,1.295977143,0.55,0.5172,10.7,NA,NA,NA,NA,NA,237.452,0.156,4.21444338118182,NA,2.8484563636,3.97981358033333,4.945615,0.079625,0.115857142857143,0.004,NA,NA,NA,NA,0.035,17.2883333333333,0.0952222222222222,0.45,0.2725,60.35,NA,NA,255.533181818182,2.065,7.8933135483871,38.6862461538462,53.8517394366667,31.4032442135714,8.6856732173913,0.907184,0.7078659318,0.669668421052632,0.938818181818182,0.759666666666667,NA,6.07,4.465596,1.13398,0.637857142857143,0.334,0.1723,0.66,116.15760606,3.228,5.27,3.8986651865,4.51387531141667,27.9,0.04,0.323,NA,0.138565853658537,0.04,4.80457929183333,0.647988571,14182.4676185714,11423.8584,0.0203666666666667,0.0238555555555556,2.23333333333333,1.13626666666667,0.959422222222222,0.4718184,0.160718181818182,106.353037033333,0.004,12.3229142857143,0.04054165675,0.014,0.03375,2.7359771428,2.98,1.24899874959701,0.0388571428571429,0.1324775385,NA,0.21675,1.248,0.28,4.4,0.577,0.277333333333333,0.127464,9.16285714285714,29.1425,22.3999,0.83876,NA,2.86885163687097,68.74,0.0277142857142857,3.51802,0.0682,NA,0.4529578666,0.604789333,0.08,0.17925,0.549794920571429,0.202872727272727,1.303919736875,NA,0.416144485545455,NA,NA,NA,16.313746666,0.74,0.2225,0.278588235294118,0.6450244898,25.7406701033333,3.5325,3.49304761904762,NA,0.0150199555,1.38275,0.689781153391304,NA,NA,0.40156099553125,6.6064439655,1.146,16.8236322907143,1.49255444445,0.219141805038462,2.92060648144444,1.9711472,0.57375,0.61,1.8795,2.09968439395833,2.6237472,1.812175,2.01427515025,2.0157472,2.554304,5.31333333333333,NA,1.08626286573333,0.1161997778,0.252533333333333,NA,NA,0.28,3.50153399866667,738.8612643625,99.1992296917647,74.0494464605556,NA,3051.53875,6132.736666625,2717.50832222222,1852.13098633333,4.196536,0.626,10.9686137404,23.95364,10.8057142857143,1.16402510271429,9.162,19.2948974361538,7.796,4.18,2.29060959657143,2.8985,25.9726942724857,1.372801194,0.9120129818,NA,NA,1.0617856019,2.379672995375,1.676268,1.50845,6.770029851,0.12,0.0903592,0.14659977775,17.7955633534211,1.60169620511538,2.0563809524,NA,0.118666666666667,0.327,3.30688888888889,1.31209244444,33.5946201238421,0.0878,0.0853524763913043,0.502662857,0.201226938714286,NA,0.3075,0.453592,0.226796,0.647988571,0.647988571,291.492779487333,0.169244444444444,0.632124714864865,2.15266666666667,1.67,0.342333585,NA,1.31892526457143,108.610407485,16.652,0.33455,1.58835994432653,0.544286076534483,NA,2.613005698,0.313026666666667,5.52067914436364,11.076643902,0.141821428571429,1.33,0.0942347826086957,0.230181818181818,0.42475,0.42749333325,0.048275,0.416922222222222,29.009068702,22.5232714176,39.44278261,6.13,67.070551725,NA,181.184
"Seed number per reproduction unit",NA,NA,NA,NA,1,NA,NA,NA,NA,9955.22807692308,NA,NA,NA,NA,NA,NA,47031.9166666667,NA,15420.32,409.055,NA,NA,NA,NA,NA,NA,14196.6666671429,NA,271682.666666667,NA,NA,1856092.5,59202.291675,NA,NA,NA,NA,NA,1076.91,22084.83389,NA,NA,3593.3,NA,9116.66611,NA,531.916666666667,NA,NA,NA,NA,NA,NA,NA,NA,3253.66086956522,NA,NA,NA,NA,41752.9288933333,NA,NA,NA,1491.45833325,NA,86757.31,NA,NA,NA,NA,NA,NA,NA,NA,37533.3333333333,NA,NA,92513.2666666667,33886.5714285714,NA,846.8,NA,NA,90411.6666666667,NA,NA,NA,NA,NA,NA,NA,NA,NA,NA,2118.05,NA,NA,1929562.666,455223.385,6849473.175,NA,NA,NA,NA,7071.2,NA,NA,NA,NA,NA,NA,NA,NA,NA,7744.30833375,NA,NA,NA,2992.46666631579,NA,91,53083.1,249.1,NA,NA,NA,NA,NA,46341,NA,NA,NA,NA,NA,NA,77.9,NA,NA,NA,NA,NA,163298.858823529,NA,4,NA,NA,NA,1212964.75,342.138888888889,NA,NA,69732,1773.192,74545.2222333333,NA,NA,1,NA,NA,NA,NA,NA,9324.72727272727,18789.4166666667,NA,NA,NA,NA,8156.666667,NA,NA,22938.65,297033.59575,NA,NA,NA,NA,NA,27705.6666657143,NA,NA,NA,NA,NA,NA,NA,NA,275.875,20527.56,692356.75,15156.5,NA,126922.24445,NA,NA,880228,NA,NA,65200,NA,NA,85.95,NA,71375,NA,NA,NA,16414.333335,NA,NA,23258.15,NA,NA,NA,10922.7625,81747.722225,NA,40.5,NA,NA,NA,13362.3809514286,NA,10171,2854,NA,NA,NA,NA,NA,NA,54337.75,NA,NA,43092.66667,6692.71014521739,NA,1,NA,3e+08,NA,NA,NA,NA,NA,NA,NA,NA,NA,NA,28.0333333333333,NA,7,NA,NA,NA,2581.48571428571,NA,NA,NA,NA,230.91,NA,17801.2888893333,17415.2820507692,NA,49581.3333333333,NA,56840.4,5,29080.55,NA,NA,NA,NA,NA,2066.02125,18705.8225933333,NA,8499.42857142857,NA,899445,NA,40193.6,NA,NA,NA,NA,NA,273721.476666667,NA,NA,NA,NA,NA,NA,NA,NA,82470.8277666667,216.452380952381,17445.9896551724,NA,NA,6953.1,NA,NA,10056.4307692308,NA,652624.851777778,NA,NA,NA,2356.8,499988.83415,NA,NA,NA,2.5,NA,NA,19
"Seed protein content per mass",NA,NA,48.8,NA,NA,31.8,NA,NA,NA,33.1,NA,NA,16.8,NA,NA,NA,NA,16.2,NA,18.4,NA,NA,NA,NA,NA,30.9,16.8,NA,NA,NA,NA,NA,15.6,NA,NA,NA,NA,6.2,NA,33.8,NA,NA,32.6333333333333,NA,19.4,NA,NA,NA,14.8,NA,NA,NA,NA,NA,NA,NA,NA,NA,9.8,NA,NA,NA,23.8,NA,NA,NA,NA,NA,NA,NA,NA,NA,NA,NA,NA,NA,NA,NA,27.15,24.0866666666667,NA,NA,NA,NA,NA,NA,NA,NA,NA,NA,NA,NA,NA,21.55,NA,NA,NA,NA,NA,25.2,NA,NA,NA,NA,NA,NA,20.5,NA,NA,NA,NA,NA,NA,NA,NA,NA,25.2,NA,NA,12.7,NA,NA,NA,NA,NA,NA,NA,NA,NA,NA,NA,22.5,NA,NA,NA,NA,30.6,20.7,NA,NA,NA,NA,19.4,NA,NA,NA,NA,NA,NA,NA,NA,NA,17,NA,NA,NA,NA,NA,NA,NA,NA,21,NA,36.18,NA,NA,NA,NA,NA,NA,NA,NA,NA,16.3,NA,NA,NA,22.925,NA,37.9333333333333,NA,NA,NA,13.1,NA,NA,NA,NA,NA,NA,NA,NA,NA,16.65,NA,NA,NA,NA,NA,NA,NA,NA,15.6,NA,19.1,NA,NA,NA,NA,NA,NA,20.65,11.7,NA,NA,17.4666666666667,19.1,11.6,NA,NA,NA,NA,NA,NA,NA,NA,8.1,NA,NA,NA,NA,NA,17.5,NA,NA,NA,19.1333333333333,NA,NA,35.6,NA,NA,NA,NA,NA,NA,NA,NA,NA,NA,NA,NA,43.2,NA,NA,NA,NA,7.4,NA,NA,NA,NA,27.675,37.8,15.1,12.7,NA,NA,NA,NA,12.3,16.6,NA,NA,NA,NA,33.225,18.1,NA,NA,25.1,NA,NA,NA,18.8,NA,NA,NA,NA,NA,28.9,30,NA,NA,NA,NA,NA,NA,NA,NA,37.15,35.075,NA,NA,NA,NA,NA,17.8,NA,NA,NA,NA,NA,NA,NA,18.1,16.9,NA,NA,10.6,NA,45.15
"Seed thickness",NA,NA,NA,NA,NA,NA,NA,NA,NA,NA,NA,NA,NA,NA,NA,NA,1.08,NA,NA,NA,NA,NA,NA,NA,NA,NA,NA,NA,NA,NA,0.64,NA,0.7,NA,NA,NA,NA,NA,NA,NA,NA,NA,1.16,NA,NA,NA,2.75,NA,NA,NA,NA,NA,NA,NA,NA,NA,NA,NA,NA,0.58,0.88,NA,NA,NA,NA,NA,NA,NA,NA,NA,NA,NA,NA,NA,NA,NA,NA,NA,NA,NA,NA,0.34,NA,NA,NA,NA,NA,NA,NA,NA,NA,2.89,NA,NA,NA,NA,NA,NA,0.25,0.35,NA,NA,NA,NA,NA,NA,NA,NA,NA,NA,NA,NA,NA,NA,NA,NA,NA,NA,NA,NA,NA,NA,NA,NA,NA,NA,NA,NA,NA,NA,NA,NA,NA,NA,NA,NA,NA,NA,NA,NA,NA,NA,0.37,NA,NA,NA,NA,NA,0.23,NA,NA,NA,NA,NA,0.35,NA,NA,NA,NA,NA,NA,NA,NA,1.05,NA,NA,NA,NA,NA,0.65,NA,NA,0.7,0.29,NA,NA,NA,NA,NA,0.98,NA,NA,NA,NA,NA,NA,NA,NA,NA,NA,0.48,NA,NA,1.16,NA,NA,NA,NA,NA,NA,NA,NA,NA,NA,NA,NA,NA,NA,NA,NA,NA,NA,1.25,NA,NA,0.75,0.41,NA,NA,NA,NA,NA,NA,NA,NA,NA,NA,NA,NA,NA,NA,NA,NA,NA,NA,NA,NA,NA,NA,NA,NA,NA,NA,NA,NA,NA,NA,NA,NA,NA,NA,1.3,1.63,NA,NA,NA,NA,NA,NA,NA,NA,NA,NA,NA,NA,NA,NA,0.25,NA,0.4,NA,0.65,NA,NA,NA,NA,1.1,0.87,0.4,NA,NA,NA,NA,NA,NA,0.29,NA,NA,NA,NA,NA,NA,NA,NA,NA,NA,NA,NA,NA,0.68,0.97,0.73,NA,NA,NA,NA,NA,NA,NA,0.42,NA,NA,NA,NA,NA,NA,NA,NA,NA,NA,NA,NA
"Seed width",NA,NA,NA,NA,NA,NA,NA,NA,NA,NA,NA,NA,NA,NA,NA,NA,1.1,NA,NA,NA,NA,NA,NA,NA,NA,NA,NA,NA,NA,NA,4.19,NA,1.25,NA,NA,NA,NA,NA,NA,NA,NA,NA,1.21,NA,NA,NA,3.54,NA,NA,NA,NA,NA,NA,NA,NA,NA,NA,NA,NA,0.59,0.81,NA,NA,NA,NA,NA,NA,NA,NA,NA,NA,NA,NA,NA,NA,NA,NA,NA,NA,NA,NA,0.81,NA,NA,NA,NA,NA,NA,NA,NA,NA,8.15,NA,NA,NA,NA,NA,NA,0.4,0.44,0.27,NA,NA,NA,NA,NA,NA,NA,NA,NA,NA,NA,NA,NA,NA,NA,NA,NA,NA,NA,NA,NA,NA,NA,NA,NA,NA,NA,NA,NA,NA,NA,NA,NA,NA,NA,NA,NA,NA,NA,NA,NA,0.42,NA,NA,NA,NA,NA,0.27,NA,NA,NA,NA,NA,1.35333333333333,NA,NA,NA,NA,NA,NA,NA,NA,1.22,3.2,NA,NA,NA,NA,1.25,NA,NA,1.27,0.4,NA,NA,NA,NA,NA,1.42,NA,NA,NA,NA,NA,NA,NA,NA,NA,NA,0.81,NA,NA,1.25,NA,NA,NA,NA,NA,NA,NA,NA,NA,NA,NA,NA,NA,NA,NA,NA,NA,NA,2.6,NA,NA,1.39,0.81,NA,NA,NA,NA,NA,NA,NA,NA,NA,NA,NA,NA,NA,NA,NA,NA,NA,NA,NA,NA,NA,NA,NA,NA,NA,NA,NA,NA,NA,NA,NA,NA,NA,NA,1.8,3.25,NA,NA,NA,NA,NA,NA,NA,NA,NA,NA,NA,NA,NA,NA,0.25,NA,0.4,NA,1.58,NA,NA,NA,NA,1.42,1.22,2.08,NA,NA,NA,NA,NA,NA,0.42,NA,NA,NA,NA,NA,NA,NA,NA,NA,NA,NA,NA,NA,0.92,1.4,1.02,NA,NA,NA,NA,NA,NA,NA,0.48,NA,NA,NA,0.4,1.18,NA,NA,NA,NA,NA,NA,NA
"Species distribution: number of floristic zones",NA,NA,3,NA,2,NA,NA,NA,NA,4,NA,NA,NA,NA,NA,NA,3,3,5,3,NA,NA,NA,NA,NA,NA,3,NA,4,NA,3,5,4,2,NA,NA,NA,NA,2,2,NA,NA,3,NA,3,NA,4,2,NA,NA,NA,NA,NA,NA,NA,3,2,2,NA,NA,4,NA,NA,NA,3,NA,4,NA,NA,NA,NA,NA,4,NA,NA,6,NA,NA,4,4,NA,2,NA,NA,3,NA,NA,7,3,NA,3,3,NA,NA,NA,NA,NA,NA,4,6,4,3,4,4,3,4,NA,NA,NA,NA,NA,NA,NA,NA,2,4,NA,NA,3,3,NA,3,2,4,NA,NA,NA,NA,NA,4,NA,3,NA,NA,NA,NA,2,NA,1,NA,NA,NA,4,NA,3,NA,NA,NA,4,3,NA,5,3,3,4,NA,2,3,NA,NA,NA,NA,NA,4,4,NA,NA,NA,NA,2,NA,NA,4,6,NA,NA,NA,3,3,4,NA,NA,NA,NA,NA,NA,NA,NA,4,3,2,3,3,NA,NA,NA,3,NA,NA,NA,3,3,NA,NA,3,NA,NA,NA,5,3,NA,4,2,NA,2,4,4,NA,NA,NA,NA,NA,NA,NA,NA,NA,NA,NA,NA,NA,NA,NA,2,NA,NA,2,4,NA,4,4,7,NA,NA,3,NA,NA,NA,NA,3,NA,NA,1,2,2,NA,NA,NA,3,NA,NA,NA,NA,2,3,4,3,4,3,NA,3,3,2,4,NA,NA,NA,3,4,4,NA,4,NA,4,NA,4,NA,NA,NA,NA,NA,4,NA,NA,NA,NA,7,NA,NA,NA,2,4,7,NA,NA,4,NA,NA,4,NA,4,NA,NA,NA,5,3,NA,NA,NA,2,NA,4,NA
"Stem dry mass per plant",NA,NA,NA,NA,0.071846154,NA,NA,NA,NA,0.118,NA,NA,NA,NA,NA,NA,NA,NA,NA,NA,NA,NA,NA,NA,NA,NA,NA,NA,NA,NA,12.268,NA,NA,NA,NA,NA,NA,NA,NA,NA,NA,NA,NA,NA,1.83,NA,NA,NA,NA,NA,NA,NA,NA,NA,NA,NA,NA,NA,NA,NA,NA,NA,NA,NA,NA,NA,NA,NA,NA,NA,NA,NA,NA,NA,NA,0.3,NA,NA,6.92,3.27833333333333,NA,NA,NA,NA,NA,NA,NA,NA,NA,NA,NA,NA,NA,NA,NA,NA,NA,NA,NA,NA,NA,NA,NA,NA,NA,3.816,NA,6.314,NA,NA,NA,NA,NA,NA,NA,NA,NA,NA,NA,NA,NA,NA,NA,0.044,NA,NA,NA,NA,NA,NA,NA,NA,NA,NA,NA,NA,NA,NA,NA,NA,NA,NA,3.538,NA,7.264,NA,NA,NA,NA,NA,NA,NA,NA,NA,2.14496,NA,NA,NA,NA,NA,NA,NA,NA,2.99256,NA,NA,NA,NA,NA,NA,NA,NA,NA,6.096,0.046,NA,NA,NA,4.0145,NA,NA,NA,NA,NA,NA,NA,NA,NA,NA,NA,NA,NA,NA,5.29,3.362,NA,NA,NA,NA,0.16,1.04039,NA,NA,NA,NA,NA,NA,NA,3.51,NA,NA,1.09,NA,NA,NA,NA,0.726,NA,NA,NA,NA,NA,12.264,NA,NA,0.486,NA,2.186,NA,NA,NA,NA,NA,NA,NA,NA,NA,NA,NA,NA,NA,NA,NA,NA,NA,NA,NA,NA,0.018272,NA,NA,NA,NA,NA,NA,NA,NA,1.636,NA,NA,NA,NA,NA,NA,NA,NA,NA,NA,NA,NA,0.030454545,NA,NA,2.916,NA,NA,NA,NA,0.057977778,NA,7.254,NA,NA,NA,NA,NA,NA,NA,NA,NA,2.686,0.53,NA,NA,NA,NA,NA,NA,NA,NA,3.33,0.902,NA,NA,5.704,NA,NA,NA,NA,NA,7.966,NA,NA,NA,NA,NA,NA,NA,NA,NA,NA,NA
"Stem nitrogen (N) content per dry mass",3.56342857142857,NA,NA,NA,NA,3.43666666666667,NA,3.85556,4.44833,34.2819636025,NA,NA,NA,NA,NA,NA,NA,NA,NA,NA,NA,NA,NA,NA,NA,NA,NA,NA,NA,NA,NA,NA,NA,NA,19.2777777777778,NA,13.2295642,NA,NA,NA,NA,NA,NA,NA,NA,NA,NA,NA,NA,NA,NA,NA,NA,NA,NA,4.96401,NA,NA,NA,NA,NA,NA,NA,NA,NA,NA,5.6056,NA,NA,NA,NA,NA,NA,NA,NA,NA,NA,NA,10,NA,NA,NA,NA,NA,NA,NA,NA,NA,NA,NA,NA,NA,NA,NA,NA,NA,NA,NA,NA,NA,NA,NA,NA,NA,NA,NA,NA,NA,NA,NA,NA,NA,NA,3.88333,NA,NA,NA,NA,NA,NA,NA,NA,NA,NA,NA,NA,NA,NA,NA,15.7645,NA,NA,NA,NA,NA,NA,NA,NA,NA,NA,NA,NA,NA,NA,NA,NA,NA,NA,NA,NA,NA,NA,NA,NA,NA,NA,NA,NA,NA,NA,NA,NA,NA,22.85463,NA,NA,NA,NA,NA,NA,NA,NA,NA,NA,NA,NA,NA,NA,NA,NA,NA,NA,NA,NA,NA,NA,NA,NA,NA,NA,NA,NA,NA,NA,NA,NA,NA,NA,NA,NA,NA,NA,NA,NA,NA,NA,NA,13.05,NA,NA,NA,NA,NA,NA,6.22735616438356,31.42625142,30.5558177575,NA,NA,NA,NA,NA,NA,NA,NA,NA,NA,NA,NA,NA,0.681,18.5748175,NA,NA,NA,NA,5.11541,NA,NA,NA,NA,3.19917,NA,NA,NA,NA,NA,NA,NA,NA,NA,NA,NA,NA,NA,NA,NA,NA,NA,NA,NA,NA,NA,NA,7.6056,13.34666,NA,NA,NA,NA,NA,NA,NA,NA,NA,NA,NA,NA,NA,NA,NA,NA,NA,NA,NA,NA,NA,NA,NA,NA,NA,15.88649,NA,NA,NA,NA,5.2,NA,NA,NA,16.7598,29.13014,NA,NA,NA,NA,NA,23.1346,NA,NA,NA,NA,NA,NA,NA,NA,NA,NA,NA,NA,NA,NA
"Stem specific density (SSD)",0.41,NA,0.4684458792,0.44,0.574548872571429,0.55,0.51,0.66,NA,0.401127493,NA,NA,NA,NA,NA,NA,0.375543478,0.474555,NA,NA,NA,NA,NA,NA,NA,NA,NA,NA,NA,NA,NA,NA,NA,NA,0.66,0.71,0.6,0.55,NA,0.164292683,NA,NA,NA,NA,NA,NA,0.153380783,NA,NA,NA,0.72,0.67,0.73,0.38,NA,0.273822394,NA,NA,NA,NA,NA,NA,NA,NA,0.1767900722,NA,NA,NA,NA,NA,NA,NA,0.48,0.56,NA,NA,NA,NA,0.499135669,0.129066986,NA,NA,NA,NA,NA,NA,NA,NA,NA,NA,NA,NA,NA,NA,NA,0.346463229714286,NA,NA,NA,NA,NA,NA,NA,NA,NA,NA,NA,NA,NA,NA,NA,NA,NA,0.67,0.218029483333333,0.269642857,0.64,0.53,0.58,NA,NA,NA,0.344223602,NA,NA,NA,NA,NA,NA,0.15295333425,NA,NA,NA,0.71,NA,NA,0.167440119333333,NA,NA,NA,NA,NA,NA,NA,NA,NA,0.4,0.6252,0.303287289,NA,NA,NA,NA,NA,NA,NA,NA,NA,NA,NA,NA,NA,NA,0.308864189285714,NA,NA,NA,NA,NA,NA,NA,NA,0.2320664134,0.287775182,NA,NA,0.642875,NA,NA,NA,NA,NA,NA,NA,NA,NA,NA,NA,NA,NA,NA,NA,NA,NA,NA,NA,NA,0.63,NA,NA,NA,NA,NA,NA,NA,NA,NA,NA,0.339585450666667,NA,NA,0.416375087,NA,NA,0.36,0.174354940333333,NA,0.45,NA,NA,NA,NA,NA,NA,NA,NA,NA,NA,NA,NA,0.41601149275,0.36,NA,NA,NA,NA,NA,NA,0.589361321333333,NA,NA,0.685,0.67,0.653333333333333,0.67,NA,NA,NA,0.623016057666667,0.45,NA,0.452995896,0.6846366,NA,NA,NA,NA,NA,NA,NA,NA,NA,NA,NA,0.35,NA,NA,0.3430615406,0.41,NA,0.298737473,NA,NA,NA,NA,NA,NA,NA,0.188942507333333,NA,NA,NA,NA,NA,NA,NA,NA,NA,NA,NA,0.420392799,NA,NA,NA,NA,NA,0.335,0.4,NA,NA,0.2301632095,0.188311688,NA,0.43,NA,0.5,0.57,0.18486989125,NA,NA,NA,NA,NA,NA,NA,NA,NA,NA,NA,NA,NA,0.194220788
"Stomata conductance per leaf area",NA,NA,NA,NA,0.101,0.160339764333333,NA,0.0335,NA,70.0655358553,NA,NA,NA,NA,0.513,NA,NA,NA,0.723333333333333,NA,NA,NA,NA,NA,NA,NA,NA,0.09,416,NA,0.455,NA,NA,NA,NA,NA,NA,NA,NA,0.12,NA,NA,NA,NA,0.224212459,NA,NA,NA,0.12,NA,NA,NA,0.316,NA,0.134,NA,NA,NA,NA,NA,NA,NA,NA,NA,NA,NA,NA,NA,NA,NA,NA,NA,NA,NA,NA,NA,NA,NA,108.625,NA,NA,NA,NA,NA,NA,NA,0.10257,NA,NA,NA,NA,NA,NA,NA,NA,NA,NA,NA,NA,NA,NA,NA,NA,NA,NA,NA,NA,0.476068182,NA,NA,NA,NA,NA,NA,NA,NA,0.36579938275,NA,0.1763827752,113.333333333333,NA,NA,NA,NA,NA,NA,NA,NA,NA,113.857142857143,NA,NA,NA,NA,NA,NA,NA,NA,NA,NA,NA,NA,NA,NA,NA,NA,NA,0.162,NA,NA,NA,0.15,NA,NA,NA,NA,NA,NA,NA,0.420340909,NA,NA,NA,92.375,NA,0.104884848333333,NA,NA,NA,NA,NA,NA,NA,0.15,NA,NA,NA,NA,NA,NA,NA,0.29530303,NA,NA,NA,NA,NA,NA,NA,NA,NA,NA,NA,0.64244696975,NA,NA,NA,NA,NA,NA,0.204,NA,NA,NA,NA,NA,0.5236439395,0.178423237,0.15,NA,NA,NA,NA,NA,0.199110997777778,231.75,110.237550980412,NA,NA,NA,NA,NA,NA,NA,0.18,NA,NA,NA,NA,NA,0.595,0.431,NA,NA,NA,NA,153,NA,0.21021604925,NA,0.135,NA,0.4732,0.1561693489,0.126,NA,NA,NA,0.44,NA,NA,NA,0.297,NA,NA,NA,NA,NA,NA,NA,NA,NA,NA,NA,NA,213.375,NA,NA,NA,NA,NA,NA,NA,NA,NA,0.09837272725,NA,NA,NA,NA,NA,NA,NA,NA,NA,NA,NA,NA,NA,NA,NA,197.375,NA,NA,NA,NA,0.163,NA,NA,NA,65.25,139.5,NA,0.141,NA,0.454,NA,137.375,NA,NA,0.503598485,NA,NA,NA,NA,NA,NA,NA,NA,NA,NA,0.13
"Wood dry mass per plant dry mass",NA,NA,NA,NA,NA,NA,NA,NA,NA,36.275482416,NA,NA,NA,NA,NA,NA,NA,NA,NA,NA,NA,NA,NA,NA,NA,NA,NA,NA,NA,NA,54.053593446,NA,NA,NA,NA,NA,NA,NA,NA,NA,NA,NA,NA,NA,71.740814882,NA,NA,NA,NA,NA,NA,NA,NA,NA,NA,NA,NA,NA,NA,NA,NA,NA,NA,NA,NA,NA,NA,NA,NA,NA,NA,NA,NA,NA,NA,NA,NA,NA,NA,65.14376464,NA,NA,NA,NA,NA,NA,NA,NA,NA,NA,NA,NA,NA,NA,NA,NA,NA,NA,NA,NA,NA,NA,NA,NA,NA,73.453729874,NA,47.916425568,NA,NA,NA,NA,NA,NA,NA,NA,NA,NA,NA,NA,NA,NA,NA,59.521970034,NA,NA,NA,NA,NA,NA,NA,NA,NA,NA,NA,NA,NA,NA,NA,NA,NA,NA,50.670199038,NA,86.114445544,NA,NA,NA,NA,NA,NA,NA,NA,NA,49.186710712,NA,NA,NA,NA,NA,NA,NA,NA,57.14655877,NA,NA,NA,NA,NA,NA,NA,NA,NA,56.325261452,15.748132636,NA,NA,NA,40.203151754,NA,NA,NA,NA,NA,NA,NA,NA,NA,NA,NA,NA,NA,NA,56.451980716,63.656622094,NA,NA,NA,NA,57.726061792,42.686465424,NA,NA,NA,NA,NA,NA,NA,82.64009434,NA,NA,77.825266496,NA,NA,NA,NA,19.95283766,NA,NA,NA,NA,NA,75.885387468,NA,NA,36.254887144,NA,74.74781911,NA,NA,NA,NA,NA,NA,NA,NA,NA,NA,NA,NA,NA,NA,NA,NA,NA,NA,NA,NA,NA,NA,NA,NA,NA,NA,NA,NA,NA,40.088514722,NA,NA,NA,NA,NA,NA,NA,NA,NA,NA,NA,NA,NA,NA,NA,57.88370249,NA,NA,NA,NA,NA,NA,50.642491638,NA,NA,NA,NA,NA,NA,NA,NA,NA,50.467583808,39.576731204,NA,NA,NA,NA,NA,NA,NA,NA,61.538272546,47.555762252,NA,NA,12.7220335726,NA,NA,NA,NA,NA,61.566519446,NA,NA,NA,NA,NA,NA,NA,NA,NA,NA,NA
